step temp pe etotal press vol
# Fix print output for fix thermofile
0 400.00000000000011369 -958.1875 -948.72565738599996621 6741.2537901320529272 1809.9298793830914747
10 357.41220836578764875 -957.54620361328125 -949.09175845358311108 -2785.0725558562321567 1809.9298793830914747
20 370.92698689470529416 -957.6043701171875 -948.83023818898016088 7101.0166584061635149 1809.9298793830914747
30 382.04493560946866637 -957.77923583984375 -948.74211320931237879 -2630.8728281724129374 1809.9298793830914747
40 408.65133457466367872 -958.3802490234375 -948.71376249407114756 3716.3224175405052847 1809.9298793830914747
50 395.92410578098031237 -957.7607421875 -948.39531324752920227 -1876.3069178892690161 1809.9298793830914747
60 392.01092877002020032 -957.56536865234375 -948.29250437486905412 2815.5143443739748363 1809.9298793830914747
70 364.8358350348457293 -957.373779296875 -948.74373116925755767 2694.5181868933350415 1809.9298793830914747
80 369.42336438921182662 -957.3658447265625 -948.62728039709975292 -456.28780218588252637 1809.9298793830914747
90 364.75049723523795819 -956.92510986328125 -948.29708036773604363 6260.1633388031095819 1809.9298793830914747
100 365.79143165533298543 -957.34710693359375 -948.69445454391245676 -1450.9728216317857914 1809.9298793830914747
110 375.2179939254926353 -957.52606201171875 -948.6504280005591454 5333.3610914958908324 1809.9298793830914747
120 383.86615023138574543 -957.789306640625 -948.70910389479638525 -3087.6072467524231797 1809.9298793830914747
130 371.65303316635271358 -957.30474853515625 -948.5134422680669104 5498.7796003069533981 1809.9298793830914747
140 364.02796344056599764 -957.2945556640625 -948.68361742113859236 -647.30142807473669109 1809.9298793830914747
150 358.88522018778854772 -957.03839111328125 -948.54910243851225005 4405.8569708911454654 1809.9298793830914747
160 374.17080412780001097 -957.37322998046875 -948.52236683194109901 -613.69131710733063301 1809.9298793830914747
170 363.47584052293956347 -956.93939208984375 -948.3415140972952031 3571.6207708884112435 1809.9298793830914747
180 377.60294908043056239 -957.120361328125 -948.18831214117176387 2746.779177700416767 1809.9298793830914747
190 363.05799177994481397 -956.71832275390625 -948.13032880896435017 1684.3930900028392443 1809.9298793830914747
200 399.73426693376285357 -957.1561279296875 -947.70057112681263334 3170.9645373289731651 1809.9298793830914747
210 405.14130858390257117 -957.02996826171875 -947.44651001609156538 -1232.2036388423236986 1809.9298793830914747
220 399.73785701187830455 -957.0487060546875 -947.5930643299274152 6013.3663604975681665 1809.9298793830914747
230 376.23969063130550694 -956.5477294921875 -947.64792764745379827 683.52058757700183378 1809.9298793830914747
240 398.11019039229705641 -956.72698974609375 -947.30984983479004313 2422.2858903429660131 1809.9298793830914747
250 369.2726939873123797 -956.46014404296875 -947.72514376257936419 1204.0650920496557319 1809.9298793830914747
260 357.70583312936679476 -956.4033203125 -947.94192957455049964 2577.3426244725010292 1809.9298793830914747
270 343.8403842632596934 -956.11175537109375 -947.97834637050311812 3145.4650243622968446 1809.9298793830914747
280 352.45321541414233479 -956.5089111328125 -948.17176900019535424 401.66340854077651557 1809.9298793830914747
290 371.64531034849102298 -956.62200927734375 -947.83088569047220062 421.43489788871994506 1809.9298793830914747
300 367.50392626883439107 -956.7281494140625 -948.03498863810557395 -176.91289802422269872 1809.9298793830914747
310 356.32301051551502269 -956.51593017578125 -948.0872495626700811 -439.47071769722941781 1809.9298793830914747
320 373.88794344398769454 -957.15325927734375 -948.30908708699587351 29.278881828692330913 1809.9298793830914747
330 394.3606602773691634 -957.552001953125 -948.22355570138097391 -5779.9294257583806029 1809.9298793830914747
340 402.48754481349806156 -957.592529296875 -948.07184478907356606 887.03973032884437089 1809.9298793830914747
350 378.18249881511508192 -956.74737548828125 -947.8016172803866084 -3228.7323003813248761 1809.9298793830914747
360 378.36823134368444244 -956.8433837890625 -947.89323215128376887 945.07522729230981895 1809.9298793830914747
370 361.41775655350261331 -956.97821044921875 -948.4290156231832043 -1735.5737550857838869 1809.9298793830914747
380 370.73594031381253444 -956.85626220703125 -948.08664941052472841 -778.88405284290740838 1809.9298793830914747
390 355.08831460017722748 -956.475830078125 -948.07635571108153272 1080.2322836703849589 1809.9298793830914747
400 355.47296726299248348 -956.571044921875 -948.16247174744000858 -1778.9011000411135228 1809.9298793830914747
410 361.88217914516746987 -956.54278564453125 -947.98260508482394471 1703.4866783685647533 1809.9298793830914747
420 356.57313717960209942 -956.55877685546875 -948.12417959453466665 -1628.3028299849495397 1809.9298793830914747
430 326.50245317172249315 -955.94659423828125 -948.22330717579188786 4696.2154490736083972 1809.9298793830914747
440 349.18654213540423825 -956.54473876953125 -948.28486850800106822 -571.96568314252249365 1809.9298793830914747
450 364.49459246634154397 -956.6895751953125 -948.06759902638600579 2896.6771179728698371 1809.9298793830914747
460 384.44363007962630263 -957.25762939453125 -948.16376659011064021 449.76841144821980834 1809.9298793830914747
470 376.12914816735514023 -957.01983642578125 -948.12264941953776543 2547.509496584761564 1809.9298793830914747
480 387.17916457307683231 -957.140625 -947.98205420347380823 2011.6788346920013737 1809.9298793830914747
490 361.52168413152998028 -956.5203857421875 -947.96873255018556392 2013.3319406894918302 1809.9298793830914747
500 351.09977985338247208 -956.35400390625 -948.04887675929307989 3002.3486101957878418 1809.9298793830914747
510 346.63802739799388064 -956.24066162109375 -948.04107547292562685 2399.6852695013149059 1809.9298793830914747
520 393.7863545035549464 -956.67010498046875 -947.35524370583516429 2269.6176590284853773 1809.9298793830914747
530 403.17095674978736497 -956.80218505859375 -947.26533471033803835 1705.9806051972814203 1809.9298793830914747
540 392.44878171318453042 -956.33642578125 -947.05320426468449568 3429.0836197062558313 1809.9298793830914747
550 383.13200964039515384 -956.18060302734375 -947.11776608833633873 3876.0342033335696215 1809.9298793830914747
560 370.30613441598990221 -956.239013671875 -947.47956776476792129 2533.2760281431746989 1809.9298793830914747
570 375.70427250141278819 -956.56201171875 -947.67487497921069917 3526.7144889653541213 1809.9298793830914747
580 391.07014954598184886 -956.509765625 -947.25915510990614621 1575.3210932309500549 1809.9298793830914747
590 416.143150759728087 -956.4610595703125 -946.61735707685591024 4753.1117910336915884 1809.9298793830914747
600 412.55274386981739099 -956.5233154296875 -946.76454259851232109 3255.5093144115649011 1809.9298793830914747
610 388.34984165770453046 -955.98590087890625 -946.79963817656368974 4396.1032835414043802 1809.9298793830914747
620 424.19583047179560253 -955.962646484375 -945.92846102077714932 5195.1056019239276793 1809.9298793830914747
630 438.89239210975728156 -955.93157958984375 -945.54975274328251089 4920.1348298222001176 1809.9298793830914747
640 443.84971997873378768 -956.36016845703125 -945.86107797026431854 5060.6723286586484392 1809.9298793830914747
650 419.26499850663969937 -955.8033447265625 -945.88579615299056513 3539.0531969780959116 1809.9298793830914747
660 412.99212828280815302 -955.91265869140625 -946.14349239482419307 4982.9220420769315751 1809.9298793830914747
670 415.98569333920983127 -955.8692626953125 -946.02928479518436689 4311.514533050085447 1809.9298793830914747
680 422.88312096880264335 -956.1341552734375 -946.1310214366276341 4472.8292544380574327 1809.9298793830914747
690 406.01895216566077806 -955.79412841796875 -946.18990985873710997 4977.408535784007654 1809.9298793830914747
700 385.75629050584677771 -955.61749267578125 -946.492579405464312 4563.2624794913217556 1809.9298793830914747
710 402.49103981548512365 -955.373291015625 -945.85252383492672834 6122.6839216051948824 1809.9298793830914747
720 401.01390365739626986 -955.15087890625 -945.66505280016986035 4648.4729064145421944 1809.9298793830914747
730 399.91863189845804527 -955.36212158203125 -945.9022036984576971 6094.9029919677604994 1809.9298793830914747
740 418.56585375485781242 -955.89111328125 -945.99010270169253545 2985.5996607506058353 1809.9298793830914747
750 412.0996159118553237 -955.8365478515625 -946.08849358394297724 3960.4899985042561639 1809.9298793830914747
760 396.58924202471769149 -955.58160400390625 -946.2004415277976932 3871.8905667539329443 1809.9298793830914747
770 381.61011339504580064 -955.1337890625 -946.10695198036341935 2374.1201500193483298 1809.9298793830914747
780 383.95530433547725124 -955.1004638671875 -946.01815221610559092 4697.5192933829739559 1809.9298793830914747
790 374.73403441642864209 -954.662841796875 -945.79865565748127665 1424.0364305797475026 1809.9298793830914747
800 400.53197426187460906 -955.17626953125 -945.7018432753985735 5107.691073747468181 1809.9298793830914747
810 403.79681778078179377 -955.24591064453125 -945.6942557998418124 21.466500141389836642 1809.9298793830914747
820 430.08896422408014359 -955.3936767578125 -945.22009153404621884 4095.9030001223545696 1809.9298793830914747
830 400.47359134133802172 -955.06060791015625 -945.58756267931846651 1617.8550053821827532 1809.9298793830914747
840 425.82229898857610806 -955.51531982421875 -945.44266088781489543 1479.8604702479083244 1809.9298793830914747
850 392.81416455064362481 -955.14971923828125 -945.85785473446105698 463.99439131745515397 1809.9298793830914747
860 402.66392931794911192 -955.549560546875 -946.0247037330218518 664.38737627411705944 1809.9298793830914747
870 403.62729535144791271 -955.328125 -945.780480141675298 1606.3948339681442121 1809.9298793830914747
880 427.7452941452748405 -955.7261962890625 -945.60804965885813544 -672.35379534328262707 1809.9298793830914747
890 416.39733791004039176 -955.52532958984375 -945.67561439936025636 717.29002204443963819 1809.9298793830914747
900 422.16181207302423672 -955.59222412109375 -945.60615256240373583 427.9282610849681987 1809.9298793830914747
910 404.76861401083669989 -955.16571044921875 -945.59106814707513422 553.85413078732960912 1809.9298793830914747
920 402.70784472272379162 -955.28546142578125 -945.75956581030732195 1704.6779974402859352 1809.9298793830914747
930 386.81835207064420956 -955.123046875 -945.97301095625175549 64.570295929316372963 1809.9298793830914747
940 400.06905367004560503 -955.1407470703125 -945.677271018917736 1766.2662209208488093 1809.9298793830914747
950 390.29327901770420794 -954.8560791015625 -945.62384515314374767 1577.4060149665178869 1809.9298793830914747
960 390.3097647507749457 -955.1611328125 -945.92850890055206037 354.94035052152730714 1809.9298793830914747
970 385.83859039555738946 -954.8917236328125 -945.76486359098657886 3012.320949792211195 1809.9298793830914747
980 393.25508689272322727 -955.56878662109375 -946.26649227275913745 -2188.1753271102302278 1809.9298793830914747
990 388.63367900918137821 -955.553466796875 -946.36049003366338184 4215.2757714064955508 1809.9298793830914747
1000 389.5772923981077156 -955.91876220703125 -946.70346464038334489 -3391.807106727066639 1809.9298793830914747
1010 384.31593766073308416 -955.80694580078125 -946.7161035102869846 3995.4597299687679879 1809.9298793830914747
1020 385.21161557045661539 -955.80633544921875 -946.6943062501878785 -601.40054128841700276 1809.9298793830914747
1030 370.94951268731165328 -955.44122314453125 -946.66655837756286473 452.5627201681461429 1809.9298793830914747
1040 395.38008852025649276 -956.01812744140625 -946.66556701568606513 2697.5492712332588781 1809.9298793830914747
1050 412.26527321321316322 -955.9599609375 -946.20798811159716024 -3018.1155533535029463 1809.9298793830914747
1060 431.92919515821779441 -956.439208984375 -946.22209382192818339 4429.3247226149360358 1809.9298793830914747
1070 423.15333463676540759 -956.12274169921875 -946.11321606441288168 -4423.2850719451644181 1809.9298793830914747
1080 426.29381606477869582 -956.6328125 -946.54900001268401866 4676.5352692359447246 1809.9298793830914747
1090 398.33869384566094141 -956.326171875 -946.90362680441501197 -4143.1442786463767334 1809.9298793830914747
1100 408.23490940481173084 -956.59368896484375 -946.93705280902156574 2600.3782956315735646 1809.9298793830914747
1110 411.57350485609106272 -956.63995361328125 -946.90434429567949337 -219.25265590531986959 1809.9298793830914747
1120 438.19517291085054467 -957.0692138671875 -946.70387946644507338 -789.35087578897184812 1809.9298793830914747
1130 425.76301477737780488 -956.7705078125 -946.69925122078575441 3878.2157149759377717 1809.9298793830914747
1140 402.24962241811800823 -956.02252197265625 -946.50746542550336926 -2534.6692865923782847 1809.9298793830914747
1150 390.37237991796149572 -955.88177490234375 -946.64766985325286441 7559.1637441141647287 1809.9298793830914747
1160 367.33756753878009249 -955.218505859375 -946.5292802337211242 3.6459588558362718835 1809.9298793830914747
1170 359.34353206968302175 -955.37164306640625 -946.87151320440079871 6585.3643555622211352 1809.9298793830914747
1180 368.54216699190965301 -955.73931884765625 -947.02159889590632247 1696.8904852189173198 1809.9298793830914747
1190 402.14358992735657239 -956.64532470703125 -947.1327763167272451 2491.15881289923027 1809.9298793830914747
1200 388.9835101847800729 -956.357666015625 -947.15641413360083334 5273.907262792419715 1809.9298793830914747
1210 381.70476448647735879 -956.5118408203125 -947.48276480385004561 230.80755733167038102 1809.9298793830914747
1220 389.56585627600617272 -956.7730712890625 -947.55804423938320724 5834.3291421125304623 1809.9298793830914747
1230 425.83010774520556652 -957.36468505859375 -947.29184140912423118 -2215.5789715354617329 1809.9298793830914747
1240 425.82132168477028245 -957.279052734375 -947.20641691570813236 7113.028881461880701 1809.9298793830914747
1250 430.09844534462155252 -957.0211181640625 -946.84730866812026306 -716.31374134853069791 1809.9298793830914747
1260 414.86558360567005366 -956.94140625 -947.12792410489475969 5562.7616418473480735 1809.9298793830914747
1270 415.70403345619132551 -956.849609375 -947.01629402858134199 951.23020688735175554 1809.9298793830914747
1280 398.51286540535136282 -956.396728515625 -946.9700634853260226 5288.1081204357124079 1809.9298793830914747
1290 399.19195191712742599 -956.24041748046875 -946.79768892593051532 2767.7131794602387345 1809.9298793830914747
1300 403.91382533773236219 -956.3123779296875 -946.75795531727669641 4225.061218202748023 1809.9298793830914747
1310 396.89890129885736769 -955.94207763671875 -946.55359029232045032 3264.6362562975546098 1809.9298793830914747
1320 384.26333658175815344 -955.83673095703125 -946.74713292436354095 7968.6454964971380832 1809.9298793830914747
1330 398.30351335897040599 -955.9521484375 -946.5304355474854674 1500.6726079375998779 1809.9298793830914747
1340 419.69968280652017256 -956.11492919921875 -946.18709833956620514 7695.5490958417713045 1809.9298793830914747
1350 419.54023842830963531 -956.3612060546875 -946.4371467890657641 1157.1325370134061359 1809.9298793830914747
1360 424.19893307212328182 -956.30108642578125 -946.26682757139337809 8811.9229051960264769 1809.9298793830914747
1370 432.10392180494778813 -956.427978515625 -946.20673026309850684 1927.8044285972048328 1809.9298793830914747
1380 388.85807598461792622 -955.4969482421875 -946.2986634568142108 7023.4442146196734029 1809.9298793830914747
1390 408.40688564961629936 -955.592529296875 -945.93182511064856044 3036.6794915701798345 1809.9298793830914747
1400 379.19336710660735434 -955.1270751953125 -946.15740529572394735 5747.2628221097074857 1809.9298793830914747
1410 414.85011738123012037 -955.96240234375 -946.14928604609838203 4390.0126912982796057 1809.9298793830914747
1420 412.74741493616687649 -955.61383056640625 -945.85045286775289242 3642.0382978764987456 1809.9298793830914747
1430 427.69432199776014158 -956.502197265625 -946.38525636151439357 4218.2150862849593977 1809.9298793830914747
1440 382.93762689894373352 -955.64434814453125 -946.58610925279015191 748.17599160300198946 1809.9298793830914747
1450 394.01535948813710775 -955.92913818359375 -946.60885988615530096 8305.4787083161136252 1809.9298793830914747
1460 394.71405844986463762 -955.2342529296875 -945.89744718322299377 -1308.7567861846066535 1809.9298793830914747
1470 421.42304060973572177 -955.94921875 -945.98062253959335521 9477.0328168433934479 1809.9298793830914747
1480 403.19782980950060391 -955.4715576171875 -945.93407159727792077 -2564.7472349279228183 1809.9298793830914747
1490 400.04497556685436166 -955.5919189453125 -946.12901245197485878 10145.935633963044893 1809.9298793830914747
1500 386.04515302350449701 -955.0179443359375 -945.88619813642264944 -308.9548722135870662 1809.9298793830914747
1510 392.02210575397640469 -955.4053955078125 -946.13226684317999116 7832.285218534843807 1809.9298793830914747
1520 390.96087390355825164 -955.33062744140625 -946.08260179863782469 884.70857109335088353 1809.9298793830914747
1530 413.60496232466391575 -955.44097900390625 -945.65731635919280507 5378.9967325753777914 1809.9298793830914747
1540 399.70158433121980579 -955.09747314453125 -945.64268943576007587 4730.1014492895437797 1809.9298793830914747
1550 382.02949379857130907 -954.98590087890625 -945.94914351833585897 4372.9896336111660275 1809.9298793830914747
1560 411.43237551232323312 -955.16455078125 -945.43227982274561327 4069.4621445145130565 1809.9298793830914747
1570 423.29930899068858707 -955.26654052734375 -945.25356192663161892 3163.0652233811779297 1809.9298793830914747
1580 425.48869065069453654 -955.2808837890625 -945.21611622662794616 2424.2454691873722368 1809.9298793830914747
1590 433.96748373625734985 -955.43524169921875 -945.16991162245358282 4596.3806687503793 1809.9298793830914747
1600 406.75569558304158591 -955.0380859375 -945.41644000261294423 629.62975844835716543 1809.9298793830914747
1610 413.81933509945889682 -955.466552734375 -945.6778191860220204 6034.4361182449420085 1809.9298793830914747
1620 388.70323841064856651 -955.00164794921875 -945.80702578573459505 -1124.6239746160965751 1809.9298793830914747
1630 396.57283568910429494 -955.0565185546875 -945.67574416399247639 8964.1464936610118457 1809.9298793830914747
1640 407.92041148502147507 -955.182861328125 -945.53366449685154294 -1036.190163701146048 1809.9298793830914747
1650 418.89253681831530685 -955.66180419921875 -945.75306606033348089 7952.6577201037871419 1809.9298793830914747
1660 413.3084391826774322 -955.53302001953125 -945.7563715130700075 -1072.8801071079444682 1809.9298793830914747
1670 406.14607018254349668 -955.13232421875 -945.52509873284543573 7403.4037803113315022 1809.9298793830914747
1680 403.05336196530527104 -955.26580810546875 -945.73173941557047328 202.43543557553388723 1809.9298793830914747
1690 388.28980394356710804 -955.428955078125 -946.24411254428764551 3003.2634860795569693 1809.9298793830914747
1700 363.53186364496815486 -955.29779052734375 -946.6985873298867773 3666.0234334267097438 1809.9298793830914747
1710 371.28333061362371836 -955.546630859375 -946.76406976070541077 1500.8836715171441938 1809.9298793830914747
1720 375.32848476817127903 -955.6422119140625 -946.76396428549367101 4136.9032036407070336 1809.9298793830914747
1730 364.54649079325378125 -955.42926025390625 -946.80605645047683083 793.30538443018258477 1809.9298793830914747
1740 344.65850822198797232 -955.34344482421875 -947.19068342328750987 3901.5374750780797513 1809.9298793830914747
1750 353.55551990710443988 -955.42987060546875 -947.06665389378883901 2378.74364754515409 1809.9298793830914747
1760 388.3120731569276245 -955.73101806640625 -946.54564876308904786 2821.0502960568487651 1809.9298793830914747
1770 387.84407409065534011 -956.05023193359375 -946.87593296404793364 3159.4152498820408255 1809.9298793830914747
1780 402.64090712591229249 -956.23345947265625 -946.7091472396973586 2304.0262487944150962 1809.9298793830914747
1790 378.60869431143146357 -955.96319580078125 -947.00735610611422999 2872.5491503362927688 1809.9298793830914747
1800 394.25061873404479229 -955.82147216796875 -946.4956289056345895 5404.2382725659945208 1809.9298793830914747
1810 399.96532241184399936 -955.38873291015625 -945.92771058085963887 1557.1517451041409004 1809.9298793830914747
1820 397.70905512829278905 -955.35302734375 -945.94537612928365888 4860.4403194428678034 1809.9298793830914747
1830 356.84169465409519262 -954.72845458984375 -946.28750470751856483 3373.7688478671666417 1809.9298793830914747
1840 378.64408193676939618 -954.6907958984375 -945.73411912341691732 4741.1519851582415868 1809.9298793830914747
1850 403.61249948887791561 -954.93597412109375 -945.38867925307647511 5371.7972957020674585 1809.9298793830914747
1860 426.71313198072050454 -955.15814208984375 -945.06441084952223264 2630.9922712832903926 1809.9298793830914747
1870 407.8936258043303269 -955.01593017578125 -945.36736694924525182 6709.2933998436419643 1809.9298793830914747
1880 402.20099020026469816 -954.8507080078125 -945.33680183663784646 2398.9845400811350373 1809.9298793830914747
1890 398.74416513624214531 -954.5518798828125 -945.11974354838764611 9119.0200612661064952 1809.9298793830914747
1900 420.25630123211374212 -954.8841552734375 -944.9431578239374403 1741.2809318467334379 1809.9298793830914747
1910 404.66089727258525954 -954.9063720703125 -945.33427776522944441 9336.0883862233331456 1809.9298793830914747
1920 396.68783086082009959 -954.79766845703125 -945.41417390079595862 3928.6214483525741343 1809.9298793830914747
1930 399.79393396456254095 -955.1502685546875 -945.69330035167604365 7979.3520294162708524 1809.9298793830914747
1940 404.02991067951683135 -955.73358154296875 -946.17641297747354656 5329.6974614239261427 1809.9298793830914747
1950 400.13522901818549826 -955.9730224609375 -946.50798105772025792 4243.3011491287661556 1809.9298793830914747
1960 410.50986353711277843 -956.041015625 -946.330566324293045 7628.3665311922450201 1809.9298793830914747
1970 397.11353530594783479 -955.96063232421875 -946.56706789683369152 3299.3779329703052099 1809.9298793830914747
1980 429.23697714581368245 -956.1632080078125 -946.00977620315552485 8246.4877509625366656 1809.9298793830914747
1990 413.05219766054244701 -955.68511962890625 -945.91453241482906833 3093.3070099654592013 1809.9298793830914747
2000 420.41633529417259751 -956.12872314453125 -946.18394015226101601 9926.3193957241110184 1809.9298793830914747
2010 422.39459417706171962 -956.11187744140625 -946.12029951363683722 2124.9402728344139177 1809.9298793830914747
2020 438.5223680982135761 -956.40673828125 -946.03366420709028262 7155.8041745938990061 1809.9298793830914747
2030 396.50786131800958856 -955.5128173828125 -946.13357993530064505 2916.9897127802310024 1809.9298793830914747
2040 375.85540811971560515 -954.8779296875 -945.98721789437627194 10633.553107583575184 1809.9298793830914747
2050 372.12831834529816888 -954.937255859375 -946.13470690838573773 3696.868967342956239 1809.9298793830914747
2060 390.29630501182913349 -955.8531494140625 -946.62084388694336212 7057.7045534050248534 1809.9298793830914747
2070 403.18111675111771319 -956.58380126953125 -947.04671059044164849 3359.5031267276958715 1809.9298793830914747
2080 377.64023046208302503 -955.77850341796875 -946.8455723546014724 6632.4295450183808498 1809.9298793830914747
2090 379.47981841097703182 -955.6123046875 -946.63585889501507609 4207.8795773806687066 1809.9298793830914747
2100 393.44943018130072687 -955.556884765625 -946.24999330326636482 5063.8285161219891961 1809.9298793830914747
2110 422.01354892094701654 -956.13201904296875 -946.14945459080479395 3682.2399571587843639 1809.9298793830914747
2120 389.26319229255932441 -955.5712890625 -946.36342141026148056 5389.6196306495676254 1809.9298793830914747
2130 396.94408302862251503 -955.56353759765625 -946.17398149721782374 4157.808453783594814 1809.9298793830914747
2140 372.11639272818518975 -954.99945068359375 -946.19718382838505022 3983.8355547698374721 1809.9298793830914747
2150 380.99763207000279408 -955.38134765625 -946.36899857886737664 6190.9120463360695794 1809.9298793830914747
2160 352.97871408622097533 -954.9107666015625 -946.56119400462273461 3182.2312499690096956 1809.9298793830914747
2170 377.19642990732711496 -955.1669921875 -946.24455905163551961 9070.9703364510187384 1809.9298793830914747
2180 374.94184942362619495 -955.163330078125 -946.29422815650389111 -567.69951527735042873 1809.9298793830914747
2190 416.86677188806214645 -956.1470947265625 -946.28627526003481307 10996.32714441931239 1809.9298793830914747
2200 406.94148749497691142 -955.9755859375 -946.34954516803873048 -4905.0484130772983917 1809.9298793830914747
2210 382.02329293667605725 -955.4151611328125 -946.37855045119033548 13537.557116102198052 1809.9298793830914747
2220 372.59226668872264554 -954.98712158203125 -946.17359811552569226 -3606.7713087599995561 1809.9298793830914747
2230 399.10083300555277219 -955.5091552734375 -946.06858210090035755 12308.123352294629512 1809.9298793830914747
2240 434.86534262383673877 -956.60601806640625 -946.31944949093144714 -2795.264299212604783 1809.9298793830914747
2250 426.72061263122884611 -956.76092529296875 -946.66701710080292287 8400.1135487100546015 1809.9298793830914747
2260 415.10960959381378643 -956.6971435546875 -946.87788907084836865 -876.07074803739988056 1809.9298793830914747
2270 390.10085794367284961 -956.2965087890625 -947.06882648543898995 7441.9826826881553643 1809.9298793830914747
2280 399.03388313790361508 -956.2166748046875 -946.77768530492721766 3198.0981356018851329 1809.9298793830914747
2290 379.69808422535868431 -955.9434814453125 -946.96187266086838008 4522.450500930565795 1809.9298793830914747
2300 380.7813021576527035 -956.11505126953125 -947.10781939110700023 3814.9491754270829915 1809.9298793830914747
2310 376.2103292304255433 -955.9281005859375 -947.02899327358898063 4652.9329924157082132 1809.9298793830914747
2320 391.77125038719503891 -956.3446044921875 -947.07740971255338991 3280.251629916445836 1809.9298793830914747
2330 388.19549947310491689 -956.519287109375 -947.33667531068090284 3504.9474997392762816 1809.9298793830914747
2340 389.22134427379870658 -956.65985107421875 -947.45297332039831417 487.35987951719317834 1809.9298793830914747
2350 373.06063351728624866 -956.4332275390625 -947.60862503951329927 5181.3802583713049899 1809.9298793830914747
2360 369.22947004098591606 -956.132568359375 -947.39859052442886878 864.72468684083264634 1809.9298793830914747
2370 359.58349841660543689 -956.07080078125 -947.56499460972645466 4020.6804930309922383 1809.9298793830914747
2380 369.98905009455432946 -956.09918212890625 -947.34723672666120819 340.85120581065837086 1809.9298793830914747
2390 360.83152121928742417 -956.1109619140625 -947.57563425419471059 3411.4369326756323062 1809.9298793830914747
2400 359.23783429063325912 -956.31524658203125 -947.81761695940076606 2298.0854298373924394 1809.9298793830914747
2410 346.99522502880762431 -956.2001953125 -947.99215979491975759 1326.3452508850152753 1809.9298793830914747
2420 384.69229303754917737 -956.8988037109375 -947.79905888208736542 2884.8402173551298802 1809.9298793830914747
2430 395.83795754662565969 -956.8936767578125 -947.53028562042902649 -1725.3725261185061299 1809.9298793830914747
2440 378.38042100024938463 -956.76873779296875 -947.81829781366025145 4148.5239405212487327 1809.9298793830914747
2450 333.761241172412781 -955.9764404296875 -948.0814495931208512 -1518.511717498431608 1809.9298793830914747
2460 365.8338315113356316 -956.2120361328125 -947.55838079122031559 6593.3518904248385297 1809.9298793830914747
2470 386.10119369572487358 -956.04742431640625 -946.91435249684002429 -1744.8595187877563149 1809.9298793830914747
2480 416.1691134558855083 -956.41033935546875 -946.56602272464999714 8868.8388254513538413 1809.9298793830914747
2490 408.8630109349222721 -955.93890380859375 -946.26741015821278324 -2417.2805755778463208 1809.9298793830914747
2500 384.88807096013277942 -955.8814697265625 -946.77709384798538395 11180.498480523419857 1809.9298793830914747
2510 345.45051716028899591 -955.4248046875 -947.25330862676105426 -1321.1778886041936403 1809.9298793830914747
2520 380.74692893261618565 -956.0421142578125 -947.0356954645018277 13105.888165437669159 1809.9298793830914747
2530 389.67288346208863459 -956.3453369140625 -947.12777817840787975 -2505.2045464295420061 1809.9298793830914747
2540 400.19497318486730819 -956.4061279296875 -946.93967330171460617 13433.106847847837344 1809.9298793830914747
2550 371.1216291077578262 -955.75433349609375 -946.97559738292147813 -853.2345912024198924 1809.9298793830914747
2560 391.88814701654416695 -956.06048583984375 -946.79052591643721826 15174.427331927407067 1809.9298793830914747
2570 399.72164801113649446 -956.58013916015625 -947.12488085293102813 -4426.0061843618414059 1809.9298793830914747
2580 398.37981861850460064 -956.84698486328125 -947.42346700237590085 15835.705919534102577 1809.9298793830914747
2590 383.17786691681459388 -956.47833251953125 -947.41441084469340694 -3301.5458850346299187 1809.9298793830914747
2600 390.8991786089610514 -956.76190185546875 -947.51533559061908818 15196.266093740785436 1809.9298793830914747
2610 390.50349584393609348 -956.2891845703125 -947.05197802558222975 -1246.9448765333140727 1809.9298793830914747
2620 384.99801478061277749 -956.13824462890625 -947.03126807251476293 12104.792047706287121 1809.9298793830914747
2630 376.98604557972515749 -955.71832275390625 -946.80086617653228132 4528.2143407236217172 1809.9298793830914747
2640 404.20675916231647307 -956.24334716796875 -946.68199532119660944 7762.8617060218075494 1809.9298793830914747
2650 386.43607771475114987 -956.5447998046875 -947.40380643541641348 6392.3394044737278819 1809.9298793830914747
2660 375.37167146158753894 -956.13018798828125 -947.25091879547210283 4253.543523219036615 1809.9298793830914747
2670 400.26028151462639926 -956.58209228515625 -947.11409281433941487 7958.3898881234736109 1809.9298793830914747
2680 413.093359430899568 -956.6685791015625 -946.89701822200322567 1599.7157342982461614 1809.9298793830914747
2690 396.43427356778920512 -956.62139892578125 -947.24390216754659377 6822.711253289958222 1809.9298793830914747
2700 416.41310678586148697 -956.6473388671875 -946.79725067015101558 2274.7723025604841496 1809.9298793830914747
2710 422.7030115076215111 -956.68292236328125 -946.68404894490890911 4714.7057460514452032 1809.9298793830914747
2720 404.16998127623725168 -956.2781982421875 -946.71771636183973442 3441.7380997465288601 1809.9298793830914747
2730 393.85454089816306578 -956.2012939453125 -946.88481974834337507 5313.4665568276686827 1809.9298793830914747
2740 395.04031890941115535 -956.0384521484375 -946.6939288391744185 5130.6425936068089868 1809.9298793830914747
2750 387.95503455160593376 -955.887451171875 -946.71052747628448287 3861.6112924978333467 1809.9298793830914747
2760 375.6303266682051003 -955.80657958984375 -946.92119200989384353 8104.0229133806114987 1809.9298793830914747
2770 372.09775360514618114 -956.06298828125 -947.26116232716287868 1863.9116970464224323 1809.9298793830914747
2780 399.18680517250044204 -956.41705322265625 -946.97444641233710172 7083.9760506755328606 1809.9298793830914747
2790 398.0986295645861901 -956.477294921875 -947.06042847740195612 1881.5202673463786596 1809.9298793830914747
2800 391.67428758306863301 -956.1915283203125 -946.92662715765857229 7234.9735686515950874 1809.9298793830914747
2810 384.76681075168130519 -956.025146484375 -946.92363896831716374 1876.6037191254119989 1809.9298793830914747
2820 379.31195128182650933 -956.1661376953125 -947.19366273371781517 7550.5542275337620595 1809.9298793830914747
2830 378.07515375735562202 -955.9407958984375 -946.99757689564762586 857.20070582432265383 1809.9298793830914747
2840 386.17620494158069278 -955.94854736328125 -946.81370118220866061 8825.2346103858380957 1809.9298793830914747
2850 394.11250774844125999 -955.52490234375 -946.20232604243847163 2204.6339019046936301 1809.9298793830914747
2860 378.56442278482268193 -955.63153076171875 -946.6767382925943366 9465.8609977751584665 1809.9298793830914747
2870 387.51256414760030111 -956.07745361328125 -946.91099638100081393 2145.4205772294444614 1809.9298793830914747
2880 420.57153299672654612 -956.93011474609375 -946.98166061323445319 8147.2817846533780539 1809.9298793830914747
2890 412.29508849185276631 -957.2296142578125 -947.47693616322476373 1094.4593873832748159 1809.9298793830914747
2900 420.52884738690357835 -956.778564453125 -946.83112003157077652 7820.1547134650863882 1809.9298793830914747
2910 408.21880789371698484 -956.25933837890625 -946.60308309799358994 3607.2440474359823384 1809.9298793830914747
2920 430.33977081302020906 -956.64190673828125 -946.46238878333713274 8048.8503893443121342 1809.9298793830914747
2930 444.94611104674379476 -956.98614501953125 -946.46111983344212604 3051.3117046242209653 1809.9298793830914747
2940 446.46990782496180827 -957.0552978515625 -946.49422785224533072 6784.2976031759835678 1809.9298793830914747
2950 403.79129611043498471 -956.14776611328125 -946.59624188153122759 3360.8854737473457135 1809.9298793830914747
2960 425.2323483045591388 -956.1953125 -946.1366086149015473 12030.416292633992271 1809.9298793830914747
2970 415.26535290441381676 -956.3382568359375 -946.51531830536566758 137.05585266882960127 1809.9298793830914747
2980 417.84718814528656594 -956.458251953125 -946.5742411257921276 12689.727251212903866 1809.9298793830914747
2990 394.21260357478354308 -955.91656494140625 -946.59162091270684414 -824.99742498909427013 1809.9298793830914747
3000 424.68728275486859047 -956.6639404296875 -946.61812985570281853 15557.320215689596807 1809.9298793830914747
3010 416.37860537516223758 -956.31622314453125 -946.46695106478978232 -2736.3494405046694737 1809.9298793830914747
3020 411.44772561810822253 -956.32147216796875 -946.58883810875181553 15141.297007407951241 1809.9298793830914747
3030 383.57680536355718459 -955.72265625 -946.64929784317280337 226.23896597671597419 1809.9298793830914747
3040 378.72315698760604619 -955.83538818359375 -946.87684091935886954 12680.199322086822576 1809.9298793830914747
3050 363.90496263576983438 -955.68902587890625 -947.08099717162326669 5022.7974454658597097 1809.9298793830914747
3060 361.3970342731078631 -955.6624755859375 -947.1137709372911786 8784.3713890941471618 1809.9298793830914747
3070 370.98890122756682786 -955.94757080078125 -947.17197431339116065 7594.2486436552408122 1809.9298793830914747
3080 370.58486582579223523 -955.70928955078125 -946.94325036184636701 5201.2244117434383952 1809.9298793830914747
3090 364.57453586007119384 -955.85418701171875 -947.23031981326846562 7133.8566492559284598 1809.9298793830914747
3100 355.78327091658883319 -955.45611572265625 -947.04020243738898444 5315.0879631707975932 1809.9298793830914747
3110 362.80054406577357895 -955.67724609375 -947.09534197319021587 5128.4842792638910396 1809.9298793830914747
3120 373.38510687827078982 -956.1021728515625 -947.26989506232803251 6157.0118473153943341 1809.9298793830914747
3130 368.82660246755045819 -956.53082275390625 -947.80637459289550861 2042.4181795222796154 1809.9298793830914747
3140 352.39649547382856554 -956.31158447265625 -947.97578402790998098 7783.5258906728622605 1809.9298793830914747
3150 361.89763928314727082 -956.5887451171875 -948.0281988539992426 734.95512921739941703 1809.9298793830914747
3160 351.97016036329557664 -956.472900390625 -948.14718473517041275 8469.5101333209513541 1809.9298793830914747
3170 365.34236849348656051 -956.65380859375 -948.01177861647158807 -706.25346781387554529 1809.9298793830914747
3180 365.99455923792351086 -956.699951171875 -948.04249387915115221 6213.2906196355406792 1809.9298793830914747
3190 357.73392965930941045 -956.71649169921875 -948.25443634890837075 111.18630277430941078 1809.9298793830914747
3200 342.03849574057676364 -956.33416748046875 -948.24338144390208072 3301.0362900171380716 1809.9298793830914747
3210 350.38283111118647639 -956.15533447265625 -947.86716646610182124 2536.9234528254819452 1809.9298793830914747
3220 333.88496747928286368 -955.5733642578125 -947.67544672413873741 3223.5531691067280917 1809.9298793830914747
3230 357.34416295899217175 -956.2117919921875 -947.75895641981367135 2955.9384334809669781 1809.9298793830914747
3240 381.2125142456524145 -956.30438232421875 -947.28695029351979429 998.97027405611220274 1809.9298793830914747
3250 409.66218117366139495 -956.9444580078125 -947.25406029987971124 3271.2279396420540252 1809.9298793830914747
3260 399.02303784842882806 -956.605224609375 -947.16649165066996829 -851.50447309513037908 1809.9298793830914747
3270 397.24222737857445509 -956.40869140625 -947.01208281852279924 4698.4344693124667174 1809.9298793830914747
3280 368.19057241493140964 -955.800048828125 -947.09064570775342418 543.93144556280469715 1809.9298793830914747
3290 390.00951230304957562 -955.996337890625 -946.77081633218915613 6387.0837858896557009 1809.9298793830914747
3300 367.54189723608720897 -955.6300048828125 -946.93594591856549414 -1550.7797321123975962 1809.9298793830914747
3310 392.56337717816683153 -956.17657470703125 -946.89064247983094447 4333.8277577053149798 1809.9298793830914747
3320 387.89637060353516063 -956.17523193359375 -946.99969591061255869 2188.8095847665208566 1809.9298793830914747
3330 412.60048896200140689 -956.3609619140625 -946.60105969151777572 854.94775719923984525 1809.9298793830914747
3340 389.02942536337320689 -955.746337890625 -946.54399990311731017 5577.6266572556096435 1809.9298793830914747
3350 405.04821557682942057 -955.89935302734375 -946.31809686017004424 -2178.4750183254482181 1809.9298793830914747
3360 390.29409755275327143 -955.60577392578125 -946.37352061523802149 11361.009926915616234 1809.9298793830914747
3370 393.72691189862007377 -955.783935546875 -946.47048036367255008 -4371.6065597945807895 1809.9298793830914747
3380 377.19315702966565595 -955.4825439453125 -946.56018822808130153 12311.440022178208892 1809.9298793830914747
3390 375.69636429777722242 -955.45556640625 -946.56861673215610153 -5442.864200506918678 1809.9298793830914747
3400 362.61605523805764051 -954.87286376953125 -946.29532365960119478 13224.383019829461773 1809.9298793830914747
3410 353.49715392600847963 -954.7965087890625 -946.43467270170049233 -929.91530265115761722 1809.9298793830914747
3420 340.95826934677086228 -954.75823974609375 -946.69300603984129339 9640.2538180811552593 1809.9298793830914747
3430 371.39763342543142244 -955.72308349609375 -946.9378186093849763 1436.8534937232852826 1809.9298793830914747
3440 364.85588188064787118 -955.63372802734375 -947.00320569947655258 6956.0446882853848365 1809.9298793830914747
3450 391.44282633216994327 -956.030029296875 -946.77060325903914872 5300.5806841189760235 1809.9298793830914747
3460 362.48359785200057104 -955.28680419921875 -946.712397316638544 4530.6656762282564159 1809.9298793830914747
3470 359.60463364194930591 -955.34039306640625 -946.83408694944307626 5803.0830834877651796 1809.9298793830914747
3480 321.8182967091303226 -954.8695068359375 -947.25702165151915324 4933.42899837279856 1809.9298793830914747
3490 374.99570160717996714 -955.8572998046875 -946.98692403085340175 4543.6200960311280141 1809.9298793830914747
3500 376.47020214144572492 -956.0855712890625 -947.18031678525471762 3950.2536188769681758 1809.9298793830914747
3510 386.43494728088205648 -956.18182373046875 -947.04085710116601149 1514.1631454785588176 1809.9298793830914747
3520 376.18777142480172415 -956.07379150390625 -947.17521778757406992 5765.1435371777688488 1809.9298793830914747
3530 385.41787126003845287 -956.07867431640625 -946.96176622019277147 836.56187713806411921 1809.9298793830914747
3540 395.54340300737277403 -956.19244384765625 -946.83602028200186851 6311.7100479857354003 1809.9298793830914747
3550 368.19610639267131091 -955.51055908203125 -946.80102505759361975 -280.30140803247905978 1809.9298793830914747
3560 375.40614166695348786 -955.30438232421875 -946.42429775226446509 8110.6434020271553891 1809.9298793830914747
3570 358.40465816781050989 -955.01495361328125 -946.53703244401049233 1009.2388412110178706 1809.9298793830914747
3580 368.74880367259646619 -955.4464111328125 -946.72380327168525582 7353.278281490766858 1809.9298793830914747
3590 368.57576219198347189 -955.474853515625 -946.75633888263587323 1429.341623773616675 1809.9298793830914747
3600 377.01085973099054627 -955.8812255859375 -946.96318203957889637 6245.7697717271285001 1809.9298793830914747
3610 369.79775453661954998 -955.52557373046875 -946.77815334937849912 3328.1579798420834777 1809.9298793830914747
3620 396.03209789646280115 -955.98382568359375 -946.61584223262229898 4316.764905713906046 1809.9298793830914747
3630 372.68693329401361325 -955.6666259765625 -946.85086320875677757 3644.053968254551819 1809.9298793830914747
3640 377.50355104757193203 -955.753662109375 -946.82396414377944893 3999.9306073102852679 1809.9298793830914747
3650 358.94515950145262195 -955.08709716796875 -946.59639065231908717 5737.8231811478508462 1809.9298793830914747
3660 357.73629441596062861 -955.15765380859375 -946.69554252089528745 4314.4849518717155661 1809.9298793830914747
3670 364.20923820007834593 -955.1339111328125 -946.51868490677759382 5038.6788632025209154 1809.9298793830914747
3680 384.33545771240585509 -955.4483642578125 -946.3570602281763513 5018.1510021763624536 1809.9298793830914747
3690 376.40665656651952986 -955.422119140625 -946.51836778238907755 5190.5849760057844833 1809.9298793830914747
3700 400.43403856793270279 -955.54132080078125 -946.06921117523575049 5687.1568599349775468 1809.9298793830914747
3710 375.11413665911953785 -955.25555419921875 -946.38237689083109672 3156.2842584999830251 1809.9298793830914747
3720 379.4107177177731387 -955.17315673828125 -946.1983454955053503 8232.4171589250690886 1809.9298793830914747
3730 347.10822706976125573 -954.54998779296875 -946.33927925657212654 2906.0817928441047115 1809.9298793830914747
3740 366.85156760133912712 -954.86517333984375 -946.18744385148613674 8319.4498982310324209 1809.9298793830914747
3750 360.2864968497919449 -955.26397705078125 -946.74154172792589179 1818.114726371962206 1809.9298793830914747
3760 377.19633750730287147 -955.58648681640625 -946.66405586622795454 8126.8660377451269596 1809.9298793830914747
3770 394.58319353709737243 -955.41912841796875 -946.08541822952497569 2906.6882597086114401 1809.9298793830914747
3780 391.16647166347502207 -955.50128173828125 -946.24839276139755384 5371.8485380794591038 1809.9298793830914747
3790 395.66735825850713582 -955.4456787109375 -946.08632303258957563 5945.4068997003187178 1809.9298793830914747
3800 384.53625948302703819 -955.4283447265625 -946.33229081005083572 951.99357154392998837 1809.9298793830914747
3810 394.35175333162652578 -955.53729248046875 -946.20905691902180479 9747.6419132684986835 1809.9298793830914747
3820 380.08836716991714866 -955.31170654296875 -946.32086576903373043 -3485.8117556218312529 1809.9298793830914747
3830 366.26666974247859798 -955.0845947265625 -946.4207007669193672 12535.308787936148292 1809.9298793830914747
3840 377.43737540202738501 -955.203857421875 -946.27572481513698222 -6777.7746379633617835 1809.9298793830914747
3850 410.98926154975583813 -956.07080078125 -946.34901150918028634 14367.931692193347772 1809.9298793830914747
3860 397.53637497359272857 -955.89068603515625 -946.4871195018056369 -8138.0518373753611741 1809.9298793830914747
3870 402.66512060563366049 -956.29522705078125 -946.77034205748668683 14281.859505827434987 1809.9298793830914747
3880 379.47701230811151163 -955.83795166015625 -946.86157224493047124 -7642.649881879370696 1809.9298793830914747
3890 387.96044449225848894 -955.9449462890625 -946.76789462345436732 14062.761927716061109 1809.9298793830914747
3900 355.40829246064714653 -954.8035888671875 -946.39654554975470546 -2687.6766956786200353 1809.9298793830914747
3910 377.51248430998964523 -955.28778076171875 -946.35787148331553453 11668.823407765545198 1809.9298793830914747
3920 368.60017751540237896 -955.3260498046875 -946.6069576368295202 1731.4648911005224363 1809.9298793830914747
3930 362.12747814338916896 -955.40252685546875 -946.83654384447504526 5037.7104156952527774 1809.9298793830914747
3940 347.61266250467883765 -954.95361328125 -946.73097252311811189 10241.832282213434155 1809.9298793830914747
3950 355.86159246201344786 -955.1221923828125 -946.70442643220508216 784.28182883235263034 1809.9298793830914747
3960 358.0523995952987093 -955.5299072265625 -947.06031859522306604 10480.338552663190058 1809.9298793830914747
3970 382.36257059594657903 -955.81573486328125 -946.77109870212302667 -1102.646590413749891 1809.9298793830914747
3980 366.76587016808855424 -955.59686279296875 -946.92116044367571703 11316.904087478909787 1809.9298793830914747
3990 392.60619988238312317 -956.121337890625 -946.83439270920564468 -841.20206976196004689 1809.9298793830914747
4000 386.11678180555958306 -955.849853515625 -946.71641296545408295 7394.9214675597359019 1809.9298793830914747
4010 388.08442968740473589 -955.5528564453125 -946.37287195869703282 2446.7177969548165493 1809.9298793830914747
4020 380.40458191380650987 -955.065185546875 -946.06686483759267503 8907.7391467821435072 1809.9298793830914747
4030 389.99395933425245175 -955.27685546875 -946.05170180967149918 4213.534410191787174 1809.9298793830914747
4040 401.76678073926882462 -954.98687744140625 -945.48324232418519841 8282.3533936549938517 1809.9298793830914747
4050 367.7273667858924 -954.6942138671875 -945.99576769371560658 6372.9224475235305363 1809.9298793830914747
4060 353.09062855947729531 -954.2142333984375 -945.86201350866724624 8360.0376288518964429 1809.9298793830914747
4070 353.52775469135957565 -954.51123046875 -946.14867053232387661 7635.6540380198575804 1809.9298793830914747
4080 358.06109395989034283 -954.43865966796875 -945.96886537485590907 7032.1742123910098599 1809.9298793830914747
4090 362.01329867438437304 -954.69598388671875 -946.13270174613876407 7003.7397125567513285 1809.9298793830914747
4100 387.94718474730996149 -955.34576416015625 -946.16902614859770893 4421.6677632124255979 1809.9298793830914747
4110 399.64994729157808706 -955.21343994140625 -945.75987768649042664 6722.2893462022057065 1809.9298793830914747
4120 404.24636911444127918 -955.57232666015625 -946.01003785555178638 3721.372470175619128 1809.9298793830914747
4130 398.9202285886948971 -955.6395263671875 -946.20322532106968083 6452.6562948192504336 1809.9298793830914747
4140 412.33148212493080109 -955.814697265625 -946.06115829396640038 3638.9667071003377714 1809.9298793830914747
4150 403.05737510815839642 -955.61505126953125 -946.0808876503178908 6615.7526836365095733 1809.9298793830914747
4160 416.30279204669932369 -955.82879638671875 -945.98131764143215605 3705.2270642322268941 1809.9298793830914747
4170 417.95783432151222314 -955.7308349609375 -945.84420684184135553 4796.6893964386617881 1809.9298793830914747
4180 414.85044934470204225 -955.51934814453125 -945.70622399441435846 2046.4750217364996843 1809.9298793830914747
4190 401.06894403735225296 -954.7393798828125 -945.25225181820098896 8983.7309786637106299 1809.9298793830914747
4200 442.51657240800960835 -955.0010986328125 -944.53354322728421266 1691.8959967596567822 1809.9298793830914747
4210 442.46559901492304334 -954.8980712890625 -944.43172163909139272 9268.3310734450551536 1809.9298793830914747
4220 444.64408651381893378 -954.73785400390625 -944.21997308930735926 994.69616282438971666 1809.9298793830914747
4230 462.16917283267559924 -954.9405517578125 -944.00812182184915855 10542.951961197866694 1809.9298793830914747
4240 473.81814041698794426 -955.0450439453125 -943.83706226460321886 -607.97467595355647063 1809.9298793830914747
4250 462.12997072549921995 -954.6951904296875 -943.76368780414475168 11280.62855109208067 1809.9298793830914747
4260 404.77424312284699681 -954.0751953125 -944.5004198559266797 435.39767554202097699 1809.9298793830914747
4270 393.53974354545459846 -953.88116455078125 -944.57213676132869296 12091.447998389845452 1809.9298793830914747
4280 412.42858967886894561 -954.02606201171875 -944.27022599908013945 2389.1445115143901603 1809.9298793830914747
4290 392.38724490314348259 -953.7969970703125 -944.51523118277600588 12457.590109746064627 1809.9298793830914747
4300 435.47886622232510945 -954.768310546875 -944.46722931207796137 2383.0928476116096135 1809.9298793830914747
4310 422.22005551823241376 -954.76153564453125 -944.77408636006157394 9909.9896841746176506 1809.9298793830914747
4320 416.67592801065831054 -954.603271484375 -944.7469663546769425 4552.3002893708016927 1809.9298793830914747
4330 390.65642209978528854 -954.1307373046875 -944.88991334954619106 9600.2459408124032052 1809.9298793830914747
4340 414.24839899913831687 -954.92529296875 -945.12641008267166853 5369.5143686222254473 1809.9298793830914747
4350 423.2297726485691669 -954.92059326171875 -944.9092595158193717 3608.9549762794958951 1809.9298793830914747
4360 412.26024464550692983 -954.9678955078125 -945.21604163070014692 9780.4080997792461858 1809.9298793830914747
4370 386.58230444597700171 -954.7119140625 -945.56746175743683125 777.21419996183158219 1809.9298793830914747
4380 399.90141956058226924 -955.072021484375 -945.61251075188147297 11692.702421543890523 1809.9298793830914747
4390 405.15704548546864316 -955.076904296875 -945.49307380103311971 -3231.8663959798727774 1809.9298793830914747
4400 424.4739972838247013 -955.3133544921875 -945.27258910209991427 14731.477307424152968 1809.9298793830914747
4410 403.70478298505031489 -954.9111328125 -945.3616550146911095 -2506.8156512196510448 1809.9298793830914747
4420 389.67330208970031435 -954.88250732421875 -945.66493868609268247 13913.968350267528876 1809.9298793830914747
4430 401.14211935100655637 -954.610595703125 -945.12173670526090064 31.421260628194655595 1809.9298793830914747
4440 385.33451295489300037 -954.50323486328125 -945.38829857497739795 11103.081306480811691 1809.9298793830914747
4450 388.48226118300993903 -954.2564697265625 -945.06707469245134234 4836.4585554628420141 1809.9298793830914747
4460 400.33008180058021708 -954.5777587890625 -945.1081082199453931 9730.4138439101061522 1809.9298793830914747
4470 403.47365077109765252 -954.75341796875 -945.20940751251964684 5241.8258198738794817 1809.9298793830914747
4480 397.08286142696357501 -954.8485107421875 -945.45567189334076375 9371.8422374280726217 1809.9298793830914747
4490 421.23305961080097859 -955.0281982421875 -945.0640959575598572 6243.0638577427589553 1809.9298793830914747
4500 417.13950886330366075 -955.18719482421875 -945.31992387185414373 8954.9261369859304978 1809.9298793830914747
4510 419.0389391752974575 -955.5848388671875 -945.67263763815208222 3592.2041024792210919 1809.9298793830914747
4520 394.38610198930734896 -955.041015625 -945.71196755957055302 11541.174869196887812 1809.9298793830914747
4530 387.09362234359497279 -954.7945556640625 -945.6380083353168402 1477.5094845125431675 1809.9298793830914747
4540 402.02442687079746975 -955.3115234375 -945.80179380241236231 15231.523418354714522 1809.9298793830914747
4550 401.88308208465861071 -955.3421630859375 -945.83577690615175015 -1101.0924132542920688 1809.9298793830914747
4560 400.0953230255086055 -955.45599365234375 -945.99189620968161307 18412.378818711847998 1809.9298793830914747
4570 370.11637331061007217 -954.8978271484375 -946.14286996561384058 -2373.1168369411075219 1809.9298793830914747
4580 368.33752042061610155 -954.97503662109375 -946.26215750346659661 19470.18222941363274 1809.9298793830914747
4590 370.21687997580892215 -954.86163330078125 -946.10429867233813184 -1173.3421270643991647 1809.9298793830914747
4600 379.41736831447161649 -955.34954833984375 -946.37457977981978274 17484.571495830812637 1809.9298793830914747
4610 372.77328113858720826 -955.3372802734375 -946.51947498134325087 373.60218303587095079 1809.9298793830914747
4620 394.79147031227375919 -955.5667724609375 -946.22813556732648976 15297.131775352947443 1809.9298793830914747
4630 377.99616890852348661 -955.0341796875 -946.09282904023143601 2232.6682713423147106 1809.9298793830914747
4640 377.28362135484462669 -955.265869140625 -946.34137352537618426 14143.289259338429474 1809.9298793830914747
4650 394.91335628000462066 -955.593505859375 -946.25198580115522873 1253.2618354173612261 1809.9298793830914747
4660 377.4387443417359691 -955.66107177734375 -946.73290678887553895 10651.908139072527774 1809.9298793830914747
4670 377.6868767951763175 -955.3172607421875 -946.38322627816455679 3829.407730275439917 1809.9298793830914747
4680 382.03544580319800161 -955.2352294921875 -946.19833133928955249 10027.515482904402234 1809.9298793830914747
4690 396.16484440410107482 -955.63739013671875 -946.26626661934028562 5569.4852455261461728 1809.9298793830914747
4700 402.29982909356834853 -955.72210693359375 -946.20586276728761277 6059.5844594855561809 1809.9298793830914747
4710 407.1253640128568918 -955.830322265625 -946.19993196948223613 8069.9225454986790282 1809.9298793830914747
4720 377.03569132702284605 -955.49749755859375 -946.57886663060128285 5223.295806218803591 1809.9298793830914747
4730 359.06523165912295781 -955.36346435546875 -946.86991758017359189 7717.0785465125836708 1809.9298793830914747
4740 349.02945583447933586 -955.37945556640625 -947.12330111951644085 4972.474683614006608 1809.9298793830914747
4750 370.62477547852228099 -955.5614013671875 -946.79441813112032378 8201.1427072611568292 1809.9298793830914747
4760 375.50061742019562416 -955.7550048828125 -946.87268552408818323 2459.7735861150690653 1809.9298793830914747
4770 373.86681373753668822 -955.76617431640625 -946.92250194095072402 7990.8015600668504703 1809.9298793830914747
4780 385.53069185420974918 -955.99420166015625 -946.87462483717854411 4189.7658680571048535 1809.9298793830914747
4790 381.80653649580057163 -955.66888427734375 -946.6374008840444958 6402.1793868220020158 1809.9298793830914747
4800 364.49528167966116143 -955.66131591796875 -947.0393234459723999 6310.4349058783991495 1809.9298793830914747
4810 342.54293403515657701 -954.98712158203125 -946.88440325608519288 6668.9043868067610674 1809.9298793830914747
4820 359.76068513470738708 -955.2418212890625 -946.73182383543894503 7232.7823573052728534 1809.9298793830914747
4830 352.46030633612809879 -954.97174072265625 -946.63443085706956026 6663.1490417512513886 1809.9298793830914747
4840 371.61443045540687535 -955.2520751953125 -946.46168206016170643 5834.6615869419720184 1809.9298793830914747
4850 379.18231823967869332 -954.991455078125 -946.02204653513626909 9708.4933000392156828 1809.9298793830914747
4860 386.66333375378320625 -955.313720703125 -946.16735168166792391 3564.6422245563303477 1809.9298793830914747
4870 398.81858505063286202 -955.6929931640625 -946.25909645584431473 10622.337495217805554 1809.9298793830914747
4880 401.03669682051207701 -955.71734619140625 -946.23098092202098996 2492.2875213864977013 1809.9298793830914747
4890 390.66916601547120536 -955.7010498046875 -946.45992439723488587 12419.252648207777384 1809.9298793830914747
4900 366.31777862151523095 -955.1378173828125 -946.47271446274532991 3994.6230728730029114 1809.9298793830914747
4910 387.82896219111182745 -955.044189453125 -945.87024794961689622 11151.651856847736781 1809.9298793830914747
4920 371.10143882783938807 -954.66827392578125 -945.8900154057363352 5527.1713600711809704 1809.9298793830914747
4930 378.14123520615817142 -954.75 -945.80521786653946492 10076.535868856479283 1809.9298793830914747
4940 374.83082711682874333 -954.2047119140625 -945.33823618142525902 8459.2752064776486804 1809.9298793830914747
4950 392.74923284402552781 -954.4599609375 -945.16963236765150214 8860.9220903967870981 1809.9298793830914747
4960 409.36641892934426323 -954.5252685546875 -944.84186698627183887 7444.5177131446580461 1809.9298793830914747
4970 433.62188159143499888 -954.98468017578125 -944.72752518176946523 9854.3774028386142163 1809.9298793830914747
4980 412.45328313113230934 -954.6043701171875 -944.84794999065161392 5210.1754247129929354 1809.9298793830914747
4990 409.13886003344759956 -954.29541015625 -944.61739140398037762 11908.75021131682297 1809.9298793830914747
5000 407.40133547100037958 -954.02899169921875 -944.39207340681866754 3174.543019093602652 1809.9298793830914747
5010 419.81209893525902999 -954.0914306640625 -944.16094064511639772 13052.988305760074581 1809.9298793830914747
5020 419.17956031393845251 -954.3182373046875 -944.40270973794702059 2511.2842980340292343 1809.9298793830914747
5030 418.12323814144241396 -954.3331298828125 -944.44258920143658997 11163.914912841839396 1809.9298793830914747
5040 408.77133443076746744 -954.1612548828125 -944.49192980406576226 4553.9769994807838884 1809.9298793830914747
5050 399.08568280254831961 -954.436279296875 -944.99606449642885764 6247.6676857965621821 1809.9298793830914747
5060 414.07680030440235441 -954.71417236328125 -944.91934857680882942 8492.7330035011655127 1809.9298793830914747
5070 419.07118180196391677 -954.9173583984375 -945.00439448275460563 3141.0830718073170829 1809.9298793830914747
5080 426.47266335913337798 -954.98699951171875 -944.89895646202489843 9006.5712143882847158 1809.9298793830914747
5090 429.28394757932892389 -954.7955322265625 -944.64098935478193653 4370.1344203913404272 1809.9298793830914747
5100 412.78614808389494328 -954.63751220703125 -944.87321829100847026 6641.1972681263896447 1809.9298793830914747
5110 418.76869855247701935 -954.474365234375 -944.56855644094207491 9929.6888155104934413 1809.9298793830914747
5120 399.61767473840700404 -953.79840087890625 -944.34560201853764738 2718.4814372970449767 1809.9298793830914747
5130 423.63073456594287336 -954.0703125 -944.04949415770954602 14267.729913126899191 1809.9298793830914747
5140 441.75742541623560555 -954.33349609375 -943.88389801161429205 -28.736925317950106518 1809.9298793830914747
5150 460.16932772814709551 -954.99859619140625 -944.11347180452150951 15845.784352033870164 1809.9298793830914747
5160 464.07400966225560524 -954.71990966796875 -943.74242156628827161 -2380.2297940946377821 1809.9298793830914747
5170 449.39488332706332585 -954.51995849609375 -943.88969935214981888 16339.994897232289077 1809.9298793830914747
5180 408.29096659819026627 -953.6578369140625 -943.99987474738748006 976.55182318265178765 1809.9298793830914747
5190 381.00312082713963946 -953.03057861328125 -944.01809970150816298 16154.044049001238818 1809.9298793830914747
5200 410.97894936835945146 -953.55853271484375 -943.83698737336749218 2040.8270883843254069 1809.9298793830914747
5210 394.4942795418616015 -953.54254150390625 -944.21093454103515796 12946.33173459183854 1809.9298793830914747
5220 413.16336738236520887 -953.55621337890625 -943.78299648880079076 3956.9155842820300677 1809.9298793830914747
5230 413.17901021125823036 -953.4183349609375 -943.64474804586939172 9914.1471491572392551 1809.9298793830914747
5240 411.177307254363825 -953.5538330078125 -943.82759558858970195 5094.5377130564347681 1809.9298793830914747
5250 387.85857224641767971 -953.53961181640625 -944.36496989869033314 5818.5626681788544374 1809.9298793830914747
5260 409.56498221909879476 -954.4154052734375 -944.72730676853041132 6411.7965717239349033 1809.9298793830914747
5270 413.89276138105810787 -954.60308837890625 -944.81261796075273196 3589.2104017105193634 1809.9298793830914747
5280 427.20408669205448859 -954.713134765625 -944.60779018478046964 7153.3845542671715521 1809.9298793830914747
5290 401.51278914321915181 -954.13043212890625 -944.63280508295292748 1590.7222934900571545 1809.9298793830914747
5300 449.41623314098541186 -954.9844970703125 -944.35373290492066189 8786.3845485541805829 1809.9298793830914747
5310 434.31183689904190715 -954.8502197265625 -944.57674411122252423 112.35317391163654577 1809.9298793830914747
5320 439.47351276366941875 -955.14068603515625 -944.74511300817732717 9652.540334032741157 1809.9298793830914747
5330 436.26476825397867287 -954.49713134765625 -944.17745990952539614 -502.66219428775389133 1809.9298793830914747
5340 440.10829111705362493 -954.6102294921875 -944.19964103302231706 13110.006830352005636 1809.9298793830914747
5350 435.77703201140803912 -954.3043212890625 -943.99618705984255485 -506.51480967627509244 1809.9298793830914747
5360 422.97608222198283556 -954.266357421875 -944.26102462319818187 12040.420131102669984 1809.9298793830914747
5370 392.35341529282288775 -953.63214111328125 -944.35117545186608368 4929.2201137792289956 1809.9298793830914747
5380 407.31213777651089458 -954.1129150390625 -944.4781066830294094 9162.0537792568429722 1809.9298793830914747
5390 400.74884434627756491 -954.25836181640625 -944.77880558403910527 8678.7018527237414673 1809.9298793830914747
5400 435.77477792136227208 -954.98419189453125 -944.67611098492443489 4306.4069887291107079 1809.9298793830914747
5410 403.72563293044277088 -954.79443359375 -945.24446259868648212 10408.950771964411615 1809.9298793830914747
5420 426.28755848689968388 -954.94287109375 -944.8592066269766292 1163.8219918805953057 1809.9298793830914747
5430 397.90424680829653425 -954.650634765625 -945.23836636876922057 13089.0041219389459 1809.9298793830914747
5440 410.92617836351189453 -955.255615234375 -945.53531817025486816 -788.98360109582949917 1809.9298793830914747
5450 431.7665529700177558 -955.55780029296875 -945.34453236748970539 10642.900510409514027 1809.9298793830914747
5460 439.61909735351423478 -955.77020263671875 -945.37118586354949912 -871.99698885699331186 1809.9298793830914747
5470 429.14261692723022179 -955.656982421875 -945.50578267106118346 8933.0964615628872707 1809.9298793830914747
5480 406.64117661566791639 -955.5250244140625 -945.90608738028947755 425.86504762602169194 1809.9298793830914747
5490 393.15962750912262891 -955.09234619140625 -945.79230989723077982 6857.1460519318643492 1809.9298793830914747
5500 401.16274612200140837 -955.000244140625 -945.51089722460892517 3955.4921159430364241 1809.9298793830914747
5510 408.28227080221768119 -955.35186767578125 -945.69411120473841947 4648.8629604203042618 1809.9298793830914747
5520 444.84500693968510632 -955.61895751953125 -945.09632391131367513 2506.486397842560109 1809.9298793830914747
5530 426.6187469008443145 -954.96337890625 -944.87188030785580395 5752.5083131200226489 1809.9298793830914747
5540 410.30145286434827767 -954.5400390625 -944.83451963425500253 4291.5165885504547987 1809.9298793830914747
5550 419.11499251656715614 -954.00396728515625 -944.08996704425737789 5366.3155550508890883 1809.9298793830914747
5560 425.27026655199659899 -954.15673828125 -944.09713745492797443 6258.2359251567750107 1809.9298793830914747
5570 396.27924484760910673 -953.6640625 -944.29023288514292744 1485.4132921888437977 1809.9298793830914747
5580 391.88673176183107216 -953.84796142578125 -944.57803497966801842 10528.213235947929206 1809.9298793830914747
5590 398.67972323774705501 -953.98553466796875 -944.55492268129717104 -2747.9848155779800436 1809.9298793830914747
5600 412.1490529878699931 -954.209716796875 -944.46049311467402276 11783.651628248962879 1809.9298793830914747
5610 387.58542890125693248 -953.865478515625 -944.6972976962665598 -4832.0163643975565719 1809.9298793830914747
5620 437.04687895424632416 -954.50726318359375 -944.16909122458127968 13055.41328781381344 1809.9298793830914747
5630 407.56578480981283974 -954.44024658203125 -944.79943830522665849 -5504.6008600451268649 1809.9298793830914747
5640 415.31382511662343404 -954.39605712890625 -944.57197200722669095 11552.584166074020686 1809.9298793830914747
5650 402.3287234625465203 -953.7916259765625 -944.27469832532710825 -444.85719067227392998 1809.9298793830914747
5660 428.09699491651980452 -954.13702392578125 -944.0105579522150947 7654.9970809860378722 1809.9298793830914747
5670 414.20596450577909309 -953.77996826171875 -943.98208914688439108 3196.0425135940918153 1809.9298793830914747
5680 415.58313092089423435 -954.1240234375 -944.29356799298284386 4131.1417828566718526 1809.9298793830914747
5690 415.6506846701255995 -954.285888671875 -944.45383526999978585 6193.9812473109723214 1809.9298793830914747
5700 429.39514587827665082 -954.7540283203125 -944.59685509652297242 2622.8947782644954714 1809.9298793830914747
5710 446.37688766305677746 -955.107666015625 -944.54879637163753614 6229.1112508263577183 1809.9298793830914747
5720 434.82426366323255706 -954.86767578125 -944.58207891242511778 3357.7890365614766779 1809.9298793830914747
5730 410.47552292518201966 -954.2894287109375 -944.57979172389400446 4662.0301415537587673 1809.9298793830914747
5740 394.19170804718572754 -953.9913330078125 -944.66688325459676889 7340.0073348749156139 1809.9298793830914747
5750 403.06298038313195775 -954.34271240234375 -944.80841619255636488 3399.3304183060404284 1809.9298793830914747
5760 422.1331115907130993 -954.701904296875 -944.71651163680144236 6912.0184824023681358 1809.9298793830914747
5770 445.92550944850836458 -954.98358154296875 -944.43538907304491659 2969.5924630239869657 1809.9298793830914747
5780 463.76779489736634332 -955.15057373046875 -944.1803290185670221 4796.2117035483697691 1809.9298793830914747
5790 445.17822508388951519 -954.93939208984375 -944.40887633753470709 5922.1810034923128114 1809.9298793830914747
5800 425.31007566929366703 -954.4906005859375 -944.43005809060923639 5031.8137491061734181 1809.9298793830914747
5810 414.75034787194363162 -954.4361572265625 -944.62540093739733038 7984.4960307916835518 1809.9298793830914747
5820 411.17326623689700682 -954.42205810546875 -944.6959162749241159 4986.5130587660141828 1809.9298793830914747
5830 424.6918218412446322 -954.4317626953125 -944.38584475102550186 7121.4086317803448765 1809.9298793830914747
5840 414.85733108210757791 -954.5511474609375 -944.73786052602997643 5405.9293512500598808 1809.9298793830914747
5850 417.32527699696828449 -954.6217041015625 -944.75003887708930961 6023.6220665986893437 1809.9298793830914747
5860 419.97531279563452244 -954.78753662109375 -944.85318584249944251 6583.2477226473256451 1809.9298793830914747
5870 425.71780604250176339 -955.02716064453125 -944.95697344765244452 3599.3655311497946059 1809.9298793830914747
5880 426.90536189080341956 -955.14263916015625 -945.0443607969475579 7824.8834524619205695 1809.9298793830914747
5890 416.58786985643757816 -954.69244384765625 -944.8382216989484732 758.63849026469870296 1809.9298793830914747
5900 402.37908575202067141 -954.1640625 -944.64594354862288128 11122.937698655388886 1809.9298793830914747
5910 404.366010974254948 -954.14068603515625 -944.57556714943279985 838.58949334760950478 1809.9298793830914747
5920 407.50334513486444621 -954.3980712890625 -944.75873999820100835 12338.342775292070655 1809.9298793830914747
5930 403.33653976922437323 -954.24822998046875 -944.70746283103937913 -469.91603933209955812 1809.9298793830914747
5940 418.87337437958905184 -955.04412841796875 -945.13584355903185497 12835.530532121438227 1809.9298793830914747
5950 415.33651478411343305 -954.79156494140625 -944.96694310456985022 -2407.021473512249031 1809.9298793830914747
5960 435.02788096562187548 -955.0516357421875 -944.76122238619086602 13431.967927273466557 1809.9298793830914747
5970 401.36830432487903408 -954.084716796875 -944.59050748244987972 -3950.9460876108037155 1809.9298793830914747
5980 406.26648272075573232 -954.639892578125 -945.0298187810071795 15033.813338995234517 1809.9298793830914747
5990 388.96642435085175293 -954.6317138671875 -945.4308661438423087 -5067.5352161794389758 1809.9298793830914747
6000 436.75714784633288446 -956.053466796875 -945.72214831322116879 13966.710282836165788 1809.9298793830914747
6010 399.89939565599854632 -955.1395263671875 -945.68006350936059334 -5541.2011258214388363 1809.9298793830914747
6020 405.68926721226347354 -955.41278076171875 -945.81636077034022492 16296.286711422866574 1809.9298793830914747
6030 382.78692742989176168 -954.6273193359375 -945.57264518084184601 -4971.4707604667846681 1809.9298793830914747
6040 411.28262167506147762 -955.10986328125 -945.38113469084316876 16591.137439304948202 1809.9298793830914747
6050 413.698784209296889 -954.8504638671875 -945.06458190270871 -1920.7853724220226468 1809.9298793830914747
6060 406.52027120960678985 -954.82244873046875 -945.20637166650396921 9253.0400020172419318 1809.9298793830914747
6070 414.79706807167059424 -955.12261962890625 -945.31075819179932296 5713.9230437729265759 1809.9298793830914747
6080 416.45541186641861486 -955.3466796875 -945.49559078042852889 3640.8155312084313664 1809.9298793830914747
6090 441.88705774373636359 -955.95355224609375 -945.50088776225686615 7628.4200132871801543 1809.9298793830914747
6100 426.02258203508853285 -955.183349609375 -945.10595305631022711 1403.3455328682191521 1809.9298793830914747
6110 428.21039465566644822 -954.8868408203125 -944.75769242053559083 10162.186974049413038 1809.9298793830914747
6120 418.26657654620566973 -954.6396484375 -944.74571714255807819 3495.5948465894416586 1809.9298793830914747
6130 442.93022854872714333 -955.2830810546875 -944.80574077590972593 6751.988004922231994 1809.9298793830914747
6140 414.06876071334841072 -955.114501953125 -945.31986834001565967 5545.3489718960536266 1809.9298793830914747
6150 426.41609718108884408 -955.193359375 -945.10665437599107008 3744.6486423579299299 1809.9298793830914747
6160 424.41185129494260764 -955.04205322265625 -945.00275787148348172 9576.4801587019464932 1809.9298793830914747
6170 430.43788744875030261 -955.059814453125 -944.87797558776821916 796.4841419871522703 1809.9298793830914747
6180 401.47813270006412267 -954.3677978515625 -944.8709905901359889 12227.586454647420396 1809.9298793830914747
6190 394.38990395603457273 -954.3717041015625 -945.04256610210609324 3029.0233991741315549 1809.9298793830914747
6200 384.12467591230966946 -954.273193359375 -945.18687529028488825 12099.071004308376359 1809.9298793830914747
6210 425.4491496225120386 -954.85308837890625 -944.789256143935404 4561.1912989067759554 1809.9298793830914747
6220 384.90799985697788088 -954.33551025390625 -945.23066296511558448 6103.2102631341249435 1809.9298793830914747
6230 411.85292092511133433 -954.75177001953125 -945.00955122475727421 9376.6077416048792657 1809.9298793830914747
6240 395.88192188574839747 -954.44580078125 -945.08136968472297212 2933.4284765166689795 1809.9298793830914747
6250 431.48708829328711545 -955.73388671875 -945.52722942023945052 9024.0450534499068453 1809.9298793830914747
6260 433.41276573425164997 -955.571044921875 -945.31883648118514429 -709.99682440877779754 1809.9298793830914747
6270 428.08152153209681501 -956.029296875 -945.90319691825413884 9707.4025744688697159 1809.9298793830914747
6280 403.13844447639257851 -955.90789794921875 -946.37181666599769869 953.9583980674282202 1809.9298793830914747
6290 411.32845934773763474 -956.1392822265625 -946.40946936404407097 6891.6297180234587358 1809.9298793830914747
6300 401.00358352004076323 -955.7813720703125 -946.29579008302096099 2983.2582812680975621 1809.9298793830914747
6310 378.5810652292134364 -955.3944091796875 -946.43922304008924584 5672.6259210176904162 1809.9298793830914747
6320 398.41821174792130478 -955.29449462890625 -945.87006859363089006 7521.0984831488813143 1809.9298793830914747
6330 398.90025804433076928 -954.8968505859375 -945.46102193518890999 2154.4225788456515147 1809.9298793830914747
6340 418.89280112162759906 -955.41595458984375 -945.50721019896764119 9738.9587576542944589 1809.9298793830914747
6350 407.25644968043411609 -954.89971923828125 -945.26622816224960388 1176.6034115477434625 1809.9298793830914747
6360 437.18297223277738794 -955.4945068359375 -945.15311564396927224 7671.5229443787366108 1809.9298793830914747
6370 412.37095477208970351 -954.9075927734375 -945.15312009184140152 3581.2677621294660639 1809.9298793830914747
6380 436.80576339199365066 -955.2825927734375 -944.95012430817962468 3290.2281360695947114 1809.9298793830914747
6390 408.99124852875348779 -954.683837890625 -945.00931083041893999 7233.3633208065684812 1809.9298793830914747
6400 387.82877059061377167 -954.5638427734375 -945.38990580216375292 1610.8088400735434789 1809.9298793830914747
6410 394.73611792179707436 -954.8695068359375 -945.53217928134404247 8707.2514658108520962 1809.9298793830914747
6420 417.32830447909537952 -955.75311279296875 -945.88137595459704698 818.47414951197674782 1809.9298793830914747
6430 413.33474057600636797 -955.46478271484375 -945.68751205927196679 6581.1057191255385987 1809.9298793830914747
6440 402.9902092073575659 -955.35614013671875 -945.82356530046138232 4673.5852902344195172 1809.9298793830914747
6450 360.46288726968077754 -954.577880859375 -946.05127309054068974 4986.8641764690164564 1809.9298793830914747
6460 390.20345845655748462 -954.80218505859375 -945.57207578020768324 6217.5242468891465251 1809.9298793830914747
6470 387.08096314987852793 -954.466552734375 -945.31030485387577755 4079.0116818482083545 1809.9298793830914747
6480 396.85688779131078263 -955.1080322265625 -945.72053869515434599 6217.9942450704993462 1809.9298793830914747
6490 398.03420323624879984 -954.953369140625 -945.53802667559932615 4710.9914890372210721 1809.9298793830914747
6500 407.14498735502036197 -955.69378662109375 -946.06293214251320478 3939.337343068633345 1809.9298793830914747
6510 410.21310446327237287 -955.20379638671875 -945.50036680513915144 7170.9394501898041199 1809.9298793830914747
6520 426.1800367100489666 -955.3729248046875 -945.29180372323946813 -130.71039600800307312 1809.9298793830914747
6530 409.47080772993541586 -955.1158447265625 -945.4299738821422352 10231.744408977778221 1809.9298793830914747
6540 430.62822561499740459 -955.65045166015625 -945.46411042036822892 -1646.6652673417286223 1809.9298793830914747
6550 441.08726672486136522 -955.98382568359375 -945.55007994161860552 9478.4750790557463915 1809.9298793830914747
6560 420.84964596126695824 -955.4285888671875 -945.47355608157965889 -2587.2108215680905232 1809.9298793830914747
6570 398.7881495903491782 -955.2559814453125 -945.82280467593204776 10117.510356705619415 1809.9298793830914747
6580 408.03012127897511618 -955.4205322265625 -945.76874025328004336 665.32708672668331928 1809.9298793830914747
6590 406.93964279037635379 -955.19775390625 -945.57175677255020219 7072.7100820665655192 1809.9298793830914747
6600 394.00881855243397922 -955.0181884765625 -945.69806490238443075 4159.7771261007219437 1809.9298793830914747
6610 374.24245143585272899 -954.3387451171875 -945.48618717977853976 5054.9030132541975036 1809.9298793830914747
6620 394.30211787718786809 -954.7191162109375 -945.39205475663538891 7920.443243792159592 1809.9298793830914747
6630 405.57011126823186942 -954.8798828125 -945.28628140809382785 2541.8607273651641663 1809.9298793830914747
6640 434.84124136802086014 -955.366455078125 -945.08045660837353807 6350.0547148794776149 1809.9298793830914747
6650 415.772807123825487 -955.15185546875 -945.31691330828346054 4222.3994720237997171 1809.9298793830914747
6660 419.37946185766696772 -955.07965087890625 -945.15939471980311737 3678.1300893481457024 1809.9298793830914747
6670 409.54991043944954754 -954.91680908203125 -945.22906709414155557 6762.0414815230296881 1809.9298793830914747
6680 396.34370708475256606 -954.658935546875 -945.28358110316185048 2931.7165437433536681 1809.9298793830914747
6690 390.87267020734105927 -954.85626220703125 -945.61032298799182172 7697.5081001419621316 1809.9298793830914747
6700 411.5276894137657564 -955.22821044921875 -945.49368487787842241 2276.8119359802781219 1809.9298793830914747
6710 410.4551988432542089 -955.01861572265625 -945.30945949377382931 5394.9988697828366639 1809.9298793830914747
6720 383.74243603036103423 -954.83349609375 -945.75621975866943103 4321.3564894589489995 1809.9298793830914747
6730 402.55303032028314192 -955.27862548828125 -945.75639194658299402 1995.0206855427943538 1809.9298793830914747
6740 384.93012378203673052 -955.0697021484375 -945.96433152690462975 6604.5709665188305735 1809.9298793830914747
6750 380.75694226495426165 -955.148193359375 -946.14153770462780813 277.82158465150752136 1809.9298793830914747
6760 374.00282536664678901 -955.1453857421875 -946.29849606516120275 7874.1753235170926928 1809.9298793830914747
6770 385.02233692669221909 -955.0308837890625 -945.92333190187537184 1025.9906614606313724 1809.9298793830914747
6780 398.98836122060390608 -955.348876953125 -945.91096425640716916 6712.7458724215293842 1809.9298793830914747
6790 393.2575190802964471 -955.12799072265625 -945.8256388418815277 3521.3805851165334388 1809.9298793830914747
6800 398.46721963235972908 -955.47674560546875 -946.05116030796989435 3197.7431046740048259 1809.9298793830914747
6810 401.07945742244879739 -955.4786376953125 -945.99126094071323223 3677.0002852736079149 1809.9298793830914747
6820 439.79132441297076639 -955.6650390625 -945.2619483260045854 1467.0878257372401094 1809.9298793830914747
6830 418.89933754572592761 -955.04315185546875 -945.13425284805248339 4106.5725805841648253 1809.9298793830914747
6840 428.03426395788289938 -955.29010009765625 -945.16511800023420165 3165.6552087362815655 1809.9298793830914747
6850 418.13362440706976031 -955.013916015625 -945.12312965122225705 2403.5179433631601569 1809.9298793830914747
6860 443.75288681800788027 -955.321533203125 -944.82473326667468427 6525.2741980004366269 1809.9298793830914747
6870 379.43786252341925547 -954.3319091796875 -945.35645583721463936 680.98731796196898358 1809.9298793830914747
6880 383.84525953407967336 -954.63238525390625 -945.55267666930262749 10649.574739831967236 1809.9298793830914747
6890 385.28357950157072764 -954.63800048828125 -945.52426901077524235 -597.00379091774334483 1809.9298793830914747
6900 433.14687816136358833 -955.74652099609375 -945.50060202132306131 8877.2999298444574379 1809.9298793830914747
6910 399.34046358971011159 -955.1409912109375 -945.69474967121846021 1336.1687855213199327 1809.9298793830914747
6920 384.86432968598842308 -955.5552978515625 -946.45148356348397556 5678.6865692423862129 1809.9298793830914747
6930 366.22877718579343309 -955.2208251953125 -946.55782756918836185 3254.8361546058363274 1809.9298793830914747
6940 391.05900337942489386 -955.9921875 -946.74184064309042697 3940.1827258905841518 1809.9298793830914747
6950 371.16307629442883353 -955.2008056640625 -946.4210891339976115 4920.6408318760777547 1809.9298793830914747
6960 371.24600939402830591 -955.4254150390625 -946.64373675915783224 3743.2055011591737639 1809.9298793830914747
6970 363.17438500050030825 -955.13824462890625 -946.54749744812875178 3919.362544860971866 1809.9298793830914747
6980 382.86171007443061853 -955.52227783203125 -946.46583472290330974 3933.4322726960258478 1809.9298793830914747
6990 364.47900428202109424 -955.24530029296875 -946.62369285640897942 2655.3553311351188313 1809.9298793830914747
7000 366.47918774254878826 -955.53155517578125 -946.86263418646490209 2744.1993316036096076 1809.9298793830914747
7010 363.02492414426347977 -955.3236083984375 -946.7363966554066792 2756.6738308429653443 1809.9298793830914747
7020 384.31756421717153671 -955.78839111328125 -946.69751034723446992 1313.4881767433480491 1809.9298793830914747
7030 366.259614292921583 -955.58416748046875 -946.92044041470887805 3435.1343920268272996 1809.9298793830914747
7040 383.11741402596243233 -955.71392822265625 -946.65143653716540939 278.63726923093076948 1809.9298793830914747
7050 375.60718273838386949 -955.444091796875 -946.5592516774786418 3766.1144680178022099 1809.9298793830914747
7060 374.58730736137823669 -955.19598388671875 -946.33526851808028368 630.20661632772089433 1809.9298793830914747
7070 355.31310776224012216 -955.3594970703125 -946.95470530946863619 5289.9417170464394076 1809.9298793830914747
7080 363.46310919396444206 -955.54852294921875 -946.9509461112477311 -699.38725209105552949 1809.9298793830914747
7090 375.93848186802807732 -955.944091796875 -947.05141492692155225 5276.8160596820935098 1809.9298793830914747
7100 371.6849082219595175 -955.91937255859375 -947.12731229960570545 -479.19728862281181136 1809.9298793830914747
7110 365.62097671951306666 -955.54638671875 -946.89776637350746569 6240.9768160073099352 1809.9298793830914747
7120 376.60687432645875106 -955.53662109375 -946.62813366318141561 -751.78271185987955505 1809.9298793830914747
7130 371.75176394598344132 -955.0545654296875 -946.26092372485311444 7475.2047103862532822 1809.9298793830914747
7140 372.63810114794722494 -954.8575439453125 -946.04293628270829686 -1619.4041691222146255 1809.9298793830914747
7150 386.04867618807014651 -954.78302001953125 -945.65119048094481968 10412.084271856891064 1809.9298793830914747
7160 403.5073603235993005 -954.87799072265625 -945.33318288022508113 -2915.7291920572492927 1809.9298793830914747
7170 416.45116144204462216 -954.9864501953125 -945.13546183035714421 12213.67157037029574 1809.9298793830914747
7180 427.24769939372902172 -955.08343505859375 -944.97705883645107861 -3408.4022693010829244 1809.9298793830914747
7190 404.77409741191786452 -955.047607421875 -945.47283541203637469 12152.576153784197231 1809.9298793830914747
7200 420.85994200044626723 -955.017822265625 -945.06254593126152486 -2595.7364254252443061 1809.9298793830914747
7210 420.17904979247481378 -955.029296875 -945.09012677790883572 12281.576867189587574 1809.9298793830914747
7220 427.494330669355179 -955.13018798828125 -945.01797780035451524 -865.7664645299885251 1809.9298793830914747
7230 407.2649203195909422 -954.69622802734375 -945.06253658167565845 11089.232497163187873 1809.9298793830914747
7240 411.00531433672432513 -954.59954833984375 -944.87737934541451068 645.53506920434529093 1809.9298793830914747
7250 376.24905259198931162 -954.04266357421875 -945.14264027598869689 10836.548088971250763 1809.9298793830914747
7260 408.0564385630661377 -954.89776611328125 -945.2453516149985262 444.095499034265913 1809.9298793830914747
7270 401.44291446680801982 -954.7120361328125 -945.21606194483649688 10498.289062723615643 1809.9298793830914747
7280 415.86691940776319143 -955.33660888671875 -945.49944053720560078 857.4732889556058808 1809.9298793830914747
7290 402.28064836952546557 -954.95074462890625 -945.43495417508040646 11365.944169610806057 1809.9298793830914747
7300 419.29084248226081399 -955.49896240234375 -945.58080249969725628 1874.9108559756007253 1809.9298793830914747
7310 397.51651809607818677 -954.98748779296875 -945.58439096624283593 11907.551138105127393 1809.9298793830914747
7320 430.99802924985038999 -955.33770751953125 -945.14261872026565925 3565.8201823265699204 1809.9298793830914747
7330 423.00296801250220824 -954.90167236328125 -944.89570359180834203 12270.399565623303715 1809.9298793830914747
7340 427.14040765545377099 -955.5120849609375 -945.40824668264826869 3181.5201557429868444 1809.9298793830914747
7350 409.84584055129238322 -955.22271728515625 -945.52797518690908873 12204.489650975106997 1809.9298793830914747
7360 422.6212212552321148 -955.64093017578125 -945.64399147364758846 4743.4118924775120831 1809.9298793830914747
7370 397.01666344997465785 -955.393798828125 -946.0025258663773684 11076.70632751699668 1809.9298793830914747
7380 372.03999503277736949 -955.07379150390625 -946.27333180612254182 5479.198127840779307 1809.9298793830914747
7390 366.05481224737326329 -955.10076904296875 -946.44188648901388206 12433.156232760933563 1809.9298793830914747
7400 383.17540504176565719 -955.2994384765625 -946.23557503641029598 4084.357559367563681 1809.9298793830914747
7410 410.59628390452968461 -955.70135498046875 -945.98886143997390263 11426.987130032321147 1809.9298793830914747
7420 390.63154539349147853 -955.63812255859375 -946.39788705215175924 153.17011921712517619 1809.9298793830914747
7430 418.5217478295486444 -956.1700439453125 -946.27007667406405744 11769.372781117237537 1809.9298793830914747
7440 380.4835721725164035 -955.02001953125 -946.01983033847784554 914.37273354301282779 1809.9298793830914747
7450 390.66544995845720223 -955.22467041015625 -945.98363290457018593 11228.750849269641549 1809.9298793830914747
7460 364.22834585927819262 -954.7198486328125 -946.10417042261735787 983.83623238600341665 1809.9298793830914747
7470 398.44564933667072637 -955.3726806640625 -945.94760560342092504 9184.6867868529243424 1809.9298793830914747
7480 383.71975097276623501 -955.3199462890625 -946.24320656009354025 3776.3672575385835444 1809.9298793830914747
7490 420.96679436385983308 -955.8629150390625 -945.90511115408514797 4019.2177388856625839 1809.9298793830914747
7500 396.98797422077444708 -955.0867919921875 -945.69619766286837148 7226.9996655922323043 1809.9298793830914747
7510 390.62365212212040433 -955.1495361328125 -945.90948733859897857 2292.2379914151324556 1809.9298793830914747
7520 402.1256118687539356 -955.2252197265625 -945.71309660016095222 9413.9687783634999505 1809.9298793830914747
7530 386.6843518165813407 -955.331298828125 -946.18443263266226495 1311.9480500884537832 1809.9298793830914747
7540 380.20576897030701957 -955.01177978515625 -946.01816191782654641 8737.9286757061854587 1809.9298793830914747
7550 392.34141980330559818 -955.06396484375 -945.78328293091954038 4388.9747858323335095 1809.9298793830914747
7560 411.20437031680182827 -955.1644287109375 -945.43755112562109844 5263.7493465846846448 1809.9298793830914747
7570 407.37749576798574935 -954.96142578125 -945.32507140764471387 6074.2744227238299572 1809.9298793830914747
7580 411.75764930380489659 -954.735595703125 -944.99563052106702798 3198.6508809599649794 1809.9298793830914747
7590 427.11371820747120864 -954.94793701171875 -944.84473006182020072 8270.1926743734547927 1809.9298793830914747
7600 417.56380630927282027 -954.81842041015625 -944.94111286865347665 727.58212460483673567 1809.9298793830914747
7610 430.50428232390913763 -954.5721435546875 -944.38873414468287137 11055.262437360319382 1809.9298793830914747
7620 420.85326946297931272 -954.01934814453125 -944.06422964641615181 -1888.4531820485030948 1809.9298793830914747
7630 416.22167978166248758 -953.927734375 -944.08217430842796603 13484.339413115076241 1809.9298793830914747
7640 428.27225047598284391 -954.26080322265625 -944.13019164778791037 -3243.4024684646533387 1809.9298793830914747
7650 445.66451536428706959 -954.97802734375 -944.43600858619629435 10878.137658364537856 1809.9298793830914747
7660 438.91248985469587751 -955.04840087890625 -944.66609862809627884 -2173.7525562906271261 1809.9298793830914747
7670 418.2933713101768376 -954.66558837890625 -944.77102326436533986 9041.1905364409576578 1809.9298793830914747
7680 414.10380214642066221 -954.79119873046875 -944.99573622604771117 3122.041904134442575 1809.9298793830914747
7690 395.68289498522858594 -954.40771484375 -945.0479916502447395 5744.9823517246304618 1809.9298793830914747
7700 399.01272339725392158 -954.667236328125 -945.2287473537041933 7202.8819100489363336 1809.9298793830914747
7710 383.52682025799646226 -954.1363525390625 -945.06417651023991766 4112.6070339686311854 1809.9298793830914747
7720 391.24290702307695256 -954.3387451171875 -945.08404809194701102 9206.9425642050791794 1809.9298793830914747
7730 403.08790654848729673 -954.537109375 -945.00222354657864798 1469.1177457807739302 1809.9298793830914747
7740 435.63177849837387612 -955.43994140625 -945.13524309172873927 7577.6399936001862443 1809.9298793830914747
7750 427.08073250880545402 -955.21337890625 -945.1109522200746369 1221.9832405442475647 1809.9298793830914747
7760 449.88489795774569302 -955.52886962890625 -944.88701938167719163 6151.2079977808343756 1809.9298793830914747
7770 418.92646904082062065 -954.8408203125 -944.9312795202425832 4727.442157191696424 1809.9298793830914747
7780 437.0277383276492742 -955.0865478515625 -944.74882865654103625 5832.0845596620756623 1809.9298793830914747
7790 409.97288007385833453 -954.63177490234375 -944.93402773417585649 6493.2375147636876136 1809.9298793830914747
7800 390.02639504558322869 -954.51287841796875 -945.28695750490101091 4909.678645565260922 1809.9298793830914747
7810 374.46830576785231415 -954.2889404296875 -945.43103999692084471 8948.7804813663442474 1809.9298793830914747
7820 389.95930880740803559 -954.82769775390625 -945.60336373940640442 3106.0942087159637595 1809.9298793830914747
7830 377.87676241727052684 -954.6810302734375 -945.74250413973732066 8703.3772058997346903 1809.9298793830914747
7840 362.6247563849461244 -954.6824951171875 -946.10474918505133246 1742.4803674648328524 1809.9298793830914747
7850 369.2215735878737064 -954.8946533203125 -946.16086227285779842 8846.3719723002832325 1809.9298793830914747
7860 369.51637714434639292 -955.19866943359375 -946.45790492400556104 1660.6842805919877719 1809.9298793830914747
7870 376.37041590218188958 -955.72979736328125 -946.82690326370084222 6424.720250796435721 1809.9298793830914747
7880 386.08045267396232703 -956.0123291015625 -946.87974790270527592 1.9226595895126927793 1809.9298793830914747
7890 424.72194411438562156 -956.8421630859375 -946.79553261113142071 3541.4156715516432996 1809.9298793830914747
7900 415.28846378337647138 -956.4781494140625 -946.65466420474217557 254.09128704550684574 1809.9298793830914747
7910 421.85354584108659992 -956.65557861328125 -946.67679897101572806 3823.9375366505732927 1809.9298793830914747
7920 416.53420833432522841 -956.3992919921875 -946.54633918567128603 -1174.4131849760397017 1809.9298793830914747
7930 439.57026839340346669 -956.76348876953125 -946.36562702620096843 2293.5551623262490466 1809.9298793830914747
7940 407.11094940534155739 -955.9552001953125 -946.32515087103888618 -1451.5936127760683121 1809.9298793830914747
7950 392.62775211663239361 -956.02484130859375 -946.73738631755327333 5683.5957616259120186 1809.9298793830914747
7960 387.63326829546258523 -955.513671875 -946.34435943359471821 -2669.1710649659698902 1809.9298793830914747
7970 399.4591378939762194 -956.005615234375 -946.55656650068272029 6574.5461614388277667 1809.9298793830914747
7980 381.37400018077403274 -955.57818603515625 -946.55693411820107031 -2125.9054444168668851 1809.9298793830914747
7990 410.80204677892095333 -955.709716796875 -945.99235601654697803 7127.0199841987823675 1809.9298793830914747
8000 385.37116246921533502 -955.3306884765625 -946.21488525841766659 -2269.5650642992782196 1809.9298793830914747
8010 376.48492074224878934 -955.45550537109375 -946.54990270457517454 5994.7110820274510843 1809.9298793830914747
8020 381.44383908165468711 -955.68499755859375 -946.66209362991730814 -1078.0303151844648255 1809.9298793830914747
8030 414.62508563180733745 -956.1671142578125 -946.35932099765136627 3997.9515911775074528 1809.9298793830914747
8040 405.40125383741718679 -956.07025146484375 -946.48064431652403528 538.21662835127096969 1809.9298793830914747
8050 384.08714502292963289 -955.4989013671875 -946.41347107651859005 6017.9215864007474011 1809.9298793830914747
8060 395.92347272184593976 -955.279541015625 -945.91412705041898334 2111.6224913033629491 1809.9298793830914747
8070 378.06692874437538876 -955.52496337890625 -946.58193893556222065 5416.143764628439385 1809.9298793830914747
8080 387.74926560675760356 -955.67144775390625 -946.49939144174322792 583.16666510959737479 1809.9298793830914747
8090 385.26296792584025752 -955.3192138671875 -946.20596994839547733 7306.3303226702910251 1809.9298793830914747
8100 406.40582037644247748 -955.46978759765625 -945.85641782311756742 -801.08059608072301216 1809.9298793830914747
8110 417.90190575459513411 -955.5772705078125 -945.69196535696084993 9399.5725048312378931 1809.9298793830914747
8120 400.97025004423716155 -955.55975341796875 -946.07495992093174664 -919.46958307201418847 1809.9298793830914747
8130 377.99413189811701841 -954.86761474609375 -945.92631228350489891 11358.479515649807581 1809.9298793830914747
8140 383.71059848851382412 -954.93975830078125 -945.86323507022609647 2380.5328567505466708 1809.9298793830914747
8150 362.194454414294853 -954.50390625 -945.93633894167089693 9968.8399314231683093 1809.9298793830914747
8160 376.4550137768524678 -954.86383056640625 -945.95893533738683345 4669.5889450480344749 1809.9298793830914747
8170 359.87697812980604795 -954.6080322265625 -946.09528390789716923 7745.8932998554619189 1809.9298793830914747
8180 369.11576989722567532 -954.99908447265625 -946.2677961698738045 5631.9025821373506915 1809.9298793830914747
8190 375.24041937332287944 -954.99847412109375 -946.12230964478942496 3869.4827307281252615 1809.9298793830914747
8200 388.99275560477593672 -955.3173828125 -946.11591223370362513 7421.1076096223841887 1809.9298793830914747
8210 393.71294117789557276 -955.28466796875 -945.97154325744929793 2038.2094104439786406 1809.9298793830914747
8220 395.84637895236198801 -955.48095703125 -946.11736668882736012 7888.5704046855362321 1809.9298793830914747
8230 376.53985575012836762 -955.1646728515625 -946.25777071904758486 2619.0256336314560031 1809.9298793830914747
8240 388.54635794788322301 -955.3690185546875 -946.17810733682301816 7315.9241334767821172 1809.9298793830914747
8250 402.44174745175229191 -955.804931640625 -946.2853304513959074 2184.2241227912468275 1809.9298793830914747
8260 407.44632426018154092 -955.6734619140625 -946.03547942955583494 4929.0246925181108963 1809.9298793830914747
8270 383.43283278964071314 -955.13641357421875 -946.06646078197934457 3847.4208160130324359 1809.9298793830914747
8280 351.37444561139960797 -954.4935302734375 -946.18190601604612766 4923.9596480162144871 1809.9298793830914747
8290 385.48422547119037063 -954.92919921875 -945.81072153977981998 5258.9853259509754935 1809.9298793830914747
8300 400.0344288272813742 -955.2113037109375 -945.74864669657472405 2652.8864644590576063 1809.9298793830914747
8310 412.28206304449167874 -955.3023681640625 -945.54999818130693257 4808.1646162109373108 1809.9298793830914747
8320 385.38733027694752309 -954.88995361328125 -945.77376795200598281 4162.2231294890752906 1809.9298793830914747
8330 385.03434760393832903 -955.21002197265625 -946.10218597762468562 5213.4448230498846897 1809.9298793830914747
8340 385.87575823161165545 -955.46307373046875 -946.33533449810522598 5413.1983250982648315 1809.9298793830914747
8350 396.84592579957694625 -955.5340576171875 -946.14682338738066392 3496.8778256151058486 1809.9298793830914747
8360 382.96959686936799017 -954.74188232421875 -945.68288719540623788 5650.0606270711050456 1809.9298793830914747
8370 370.76509698269256887 -954.51611328125 -945.74581079521328775 7439.6718083026507884 1809.9298793830914747
8380 383.40096726731883336 -955.00384521484375 -945.93464618899690777 3216.0128077397666857 1809.9298793830914747
8390 388.37362537218018588 -955.11077880859375 -945.92395351184336505 8245.2903787505474611 1809.9298793830914747
8400 367.93067690362676103 -954.75677490234375 -946.05351950803219552 1462.433127837344955 1809.9298793830914747
8410 387.22159240197640884 -955.094970703125 -945.93539629300005345 11293.547499293112196 1809.9298793830914747
8420 408.26213811250403296 -955.5145263671875 -945.85724612699834779 -1543.2212908929618607 1809.9298793830914747
8430 385.94270564766765119 -955.24835205078125 -946.11902920363229441 12533.478301243199894 1809.9298793830914747
8440 378.69427599621639047 -954.7332763671875 -945.77541227144035929 -1285.6925693834839421 1809.9298793830914747
8450 406.58590352741305196 -955.18328857421875 -945.56565900360033083 11767.034308399819565 1809.9298793830914747
8460 416.32833415673763966 -955.3211669921875 -945.47308405833791767 -1311.574754230876124 1809.9298793830914747
8470 396.68254107406795583 -955.1177978515625 -945.73442842315148482 8702.5863265656262229 1809.9298793830914747
8480 373.06082242685835126 -954.8546142578125 -946.03000728968163457 1871.9470653806556584 1809.9298793830914747
8490 363.36659685277066956 -954.83782958984375 -946.24253571332951651 6969.2451466030897791 1809.9298793830914747
8500 384.93738320899512928 -955.281982421875 -946.17644008145373391 2676.4442572866473711 1809.9298793830914747
8510 386.03447320933963738 -955.31219482421875 -946.18070125150586591 6339.4836302910853192 1809.9298793830914747
8520 399.77114207138168922 -955.296875 -945.84044593025384984 2208.4352515267369199 1809.9298793830914747
8530 382.01473035171221682 -954.9215087890625 -945.88510065201865018 8670.9833670829502807 1809.9298793830914747
8540 389.28340166738757944 -954.82342529296875 -945.61507959592029238 1670.9236113308859331 1809.9298793830914747
8550 389.10543400435807371 -954.60650634765625 -945.40237040565273219 11170.908439976676163 1809.9298793830914747
8560 388.64570818061412183 -954.5916748046875 -945.39841349615869603 -193.2584716326242642 1809.9298793830914747
8570 387.37722069120081869 -954.32220458984375 -945.15894885377156243 12960.942947871812066 1809.9298793830914747
8580 389.7757407589263039 -954.484130859375 -945.26413907483447474 -1264.0891541544203847 1809.9298793830914747
8590 375.77394368901178723 -954.09539794921875 -945.20661316514997452 13454.4994716655292 1809.9298793830914747
8600 396.02576203848019532 -954.0072021484375 -944.63936856969371547 -1736.7818434331313711 1809.9298793830914747
8610 376.58706402673101366 -953.73199462890625 -944.82397580318308883 10940.494627153695546 1809.9298793830914747
8620 397.32705273118102696 -954.2701416015625 -944.87152650349526084 1356.5595700961871444 1809.9298793830914747
8630 414.43812598370408296 -954.82867431640625 -945.02530351315897406 4436.4011963032489803 1809.9298793830914747
8640 429.27136182965489297 -955.0869140625 -944.93266890167592464 3666.171482923138683 1809.9298793830914747
8650 426.55846670417946598 -955.084716796875 -944.99464410281473192 -229.89906265208256286 1809.9298793830914747
8660 440.44858687270891551 -955.44512939453125 -945.02649137316052474 6950.4454613039079049 1809.9298793830914747
8670 409.69679163158804158 -954.651611328125 -944.96039492342788435 -3386.6160406703738772 1809.9298793830914747
8680 385.84201429682389062 -954.44189453125 -945.31495349838678521 8457.7193550777610653 1809.9298793830914747
8690 372.65548329274975004 -953.98394775390625 -945.16892892350597322 -2058.6742819057312772 1809.9298793830914747
8700 401.56621486974825075 -954.41046142578125 -944.91157061528804206 7412.8633164732827936 1809.9298793830914747
8710 427.20976898844122616 -954.477783203125 -944.37230420979517476 172.68046573783919939 1809.9298793830914747
8720 457.85192550907794384 -955.1148681640625 -944.28456101485312502 1829.8446989715375821 1809.9298793830914747
8730 421.15334224005357555 -954.69549560546875 -944.73327900388005673 3869.6537913479915005 1809.9298793830914747
8740 432.18639694700624432 -954.9334716796875 -944.71027251012674242 1150.6435008878095232 1809.9298793830914747
8750 408.62897204139159157 -954.64373779296875 -944.97778024052809087 4897.7166525768834617 1809.9298793830914747
8760 426.98323544223586623 -955.09381103515625 -944.99369060372885087 65.280171151391030548 1809.9298793830914747
8770 441.51314904751774293 -955.45184326171875 -945.00802344097087371 4650.8002246739506518 1809.9298793830914747
8780 435.21365244354194601 -955.6817626953125 -945.38695498810022855 -220.17621186533745004 1809.9298793830914747
8790 412.16544164452670884 -955.4564208984375 -945.70680954901172299 5261.0031875290242169 1809.9298793830914747
8800 403.64101236375410053 -955.43109130859375 -945.88312197974005358 -1228.6542155858849128 1809.9298793830914747
8810 402.02457159123690644 -955.28216552734375 -945.77243246895113771 4968.5106113022829959 1809.9298793830914747
8820 385.52474474251920356 -955.1298828125 -946.01044666610937384 86.550936222233417539 1809.9298793830914747
8830 370.93980575772246766 -954.61602783203125 -945.84159267866300524 6696.9969166948967541 1809.9298793830914747
8840 364.338106208160184 -954.56884765625 -945.95057310818890528 -531.99482209339259953 1809.9298793830914747
8850 387.53597965442446593 -954.47259521484375 -945.30558409796253727 5846.7600239501934993 1809.9298793830914747
8860 383.12647053470772107 -954.5931396484375 -945.5304337347956789 983.42539713423218473 1809.9298793830914747
8870 372.50879623154725095 -954.5150146484375 -945.70346564275371293 2972.4691489422348241 1809.9298793830914747
8880 388.72145115935609283 -954.686767578125 -945.49171459923616112 3008.0582568977497431 1809.9298793830914747
8890 385.09587314949311576 -954.20166015625 -945.09236879864647562 596.47342794420967493 1809.9298793830914747
8900 386.09429047194771556 -954.24176025390625 -945.10885172738232995 4612.0600827066191414 1809.9298793830914747
8910 380.00393190277168287 -954.020263671875 -945.03142018096195898 1585.5026490825628116 1809.9298793830914747
8920 411.39640197131365085 -954.47021484375 -944.73879482520385409 4256.4579515880159306 1809.9298793830914747
8930 424.13033846259588699 -954.39013671875 -944.35750044286089633 202.55334592511866276 1809.9298793830914747
8940 428.18473257817811373 -954.54168701171875 -944.41314563828780138 5002.5621296724757485 1809.9298793830914747
8950 416.1119013705646239 -954.18731689453125 -944.34435359307985891 164.30852378199841723 1809.9298793830914747
8960 441.41465886047865297 -954.42156982421875 -943.9800797500928411 6979.3842210008178881 1809.9298793830914747
8970 453.60249942694287029 -954.41510009765625 -943.6853114504193627 -1131.8038210108672956 1809.9298793830914747
8980 465.91007266524337638 -954.25244140625 -943.23152195666045827 8664.4084386585691391 1809.9298793830914747
8990 440.23221431978555529 -954.0240478515625 -943.61052803779614351 -1270.0023441566288511 1809.9298793830914747
9000 445.72160365377396829 -953.6541748046875 -943.11080564610824695 10076.131628141589317 1809.9298793830914747
9010 434.54879004117037766 -953.4022216796875 -943.1231410310033425 -344.28119017664590729 1809.9298793830914747
9020 433.30608401764089876 -953.3841552734375 -943.13447034677858483 9397.3427516011724947 1809.9298793830914747
9030 426.27218482197395133 -953.3555908203125 -943.27229001153386889 529.93106438734685071 1809.9298793830914747
9040 407.0644630206766692 -953.282958984375 -943.65400927723987934 6078.8612186663349348 1809.9298793830914747
9050 413.18247465408791186 -953.594482421875 -943.82081355677496504 4617.0900973814405006 1809.9298793830914747
9060 387.02546176220135976 -953.4102783203125 -944.2553433033009469 143.17412549762374852 1809.9298793830914747
9070 387.94533837225782236 -953.37371826171875 -944.19702392543558744 10012.369038083663327 1809.9298793830914747
9080 387.40017484427761474 -953.3160400390625 -944.15224133153094499 -3047.1398031841981719 1809.9298793830914747
9090 400.93502352059920213 -953.93994140625 -944.45598117876920696 10916.324337150143037 1809.9298793830914747
9100 391.61856029677306879 -953.82293701171875 -944.55935405609545796 -3304.7100964314690827 1809.9298793830914747
9110 405.40301041508143953 -954.00201416015625 -944.4123654606829632 9880.1756049423274817 1809.9298793830914747
9120 409.47067389261809467 -954.13812255859375 -944.45225488004257386 -1625.7602885530257026 1809.9298793830914747
9130 423.70549937678134711 -954.265380859375 -944.24279398490159565 7055.0626395848903485 1809.9298793830914747
9140 415.68076245659727874 -954.16595458984375 -944.33318970976415585 2510.5712435521604675 1809.9298793830914747
9150 405.64086811271573652 -953.93756103515625 -944.34228590543409609 2121.2262691785044808 1809.9298793830914747
9160 413.27585416635918136 -953.99017333984375 -944.21429561912248118 6828.6613423731614603 1809.9298793830914747
9170 402.50169862442618296 -953.56756591796875 -944.04654660733876881 -1676.7819022925598347 1809.9298793830914747
9180 377.45587719557181572 -953.70294189453125 -944.77437163514673557 9336.9222541580002144 1809.9298793830914747
9190 374.25249126021844859 -953.735595703125 -944.8828002776209587 -3283.304928234622821 1809.9298793830914747
9200 382.70947048407094826 -954.23822021484375 -945.18537827332488632 8942.5122410186231718 1809.9298793830914747
9210 393.61346035978050395 -954.4796142578125 -945.16884272612207951 -2132.1357899896847812 1809.9298793830914747
9220 402.70045309751486684 -954.93255615234375 -945.4068353828557747 6210.5407539373591135 1809.9298793830914747
9230 393.07002507907071731 -954.73333740234375 -945.43542061839571033 -234.64923008500764467 1809.9298793830914747
9240 401.04638299989812822 -954.492431640625 -945.0058372484775191 4033.257194083502327 1809.9298793830914747
9250 367.27747121807118447 -953.66326904296875 -944.97546497213545535 5135.9485540966161352 1809.9298793830914747
9260 383.17131133596319614 -953.886474609375 -944.82270800422281809 2797.2000998264966256 1809.9298793830914747
9270 396.34459571769457398 -954.32720947265625 -944.95183400868052104 6001.5508323653302796 1809.9298793830914747
9280 427.93359337437857448 -955.2261962890625 -945.10359551468286554 -318.20522183257941151 1809.9298793830914747
9290 396.43251812558895608 -954.52984619140625 -945.15239095746619569 6282.8622749941914662 1809.9298793830914747
9300 395.41861894619677287 -954.8111572265625 -945.45768537877711424 1450.7341101003476069 1809.9298793830914747
9310 345.8188325977051818 -953.864013671875 -945.68380525438328732 5517.1586576309464363 1809.9298793830914747
9320 397.44078633742543616 -954.79656982421875 -945.39526440244594596 2583.2754148550561695 1809.9298793830914747
9330 363.52132701707898832 -954.12432861328125 -945.52537465561113095 4441.6840446069954851 1809.9298793830914747
9340 391.41122344821280876 -954.89312744140625 -945.6344489573558576 3856.7134084366334719 1809.9298793830914747
9350 375.14844927944130859 -954.39599609375 -945.52200713382944741 5092.507942071682919 1809.9298793830914747
9360 429.08566865876707652 -955.19549560546875 -945.04564294353826881 2603.2834866147754838 1809.9298793830914747
9370 379.83351914001872274 -954.43560791015625 -945.45079546609474619 6260.7855398345400317 1809.9298793830914747
9380 394.42434097544139604 -954.4326171875 -945.10266459389924876 3624.815830650877615 1809.9298793830914747
9390 367.26824484743730181 -954.025634765625 -945.33804894095885629 6557.2562599322109236 1809.9298793830914747
9400 387.38012969645023986 -954.7313232421875 -945.56799869474070874 1979.6246902705870525 1809.9298793830914747
9410 402.00026307671930681 -954.9583740234375 -945.44921597339123309 5636.9910639231102323 1809.9298793830914747
9420 413.01427547909423765 -955.01904296875 -945.24935278895395641 1805.0071590595780435 1809.9298793830914747
9430 391.29180270373501571 -954.79693603515625 -945.54108240182858935 6908.7350878052393455 1809.9298793830914747
9440 376.24824333631590889 -954.65899658203125 -945.75899242642572062 1381.0664107259290176 1809.9298793830914747
9450 373.46308734772549087 -954.5643310546875 -945.73020866813067187 7104.5902154154919117 1809.9298793830914747
9460 381.75476859048995948 -954.36126708984375 -945.33100824597568135 2810.0740046092091688 1809.9298793830914747
9470 378.03596041539464068 -954.353515625 -945.41122372529298445 6282.5218749719197149 1809.9298793830914747
9480 403.9252490699846021 -954.8043212890625 -945.24962845276013468 4624.7580203573979816 1809.9298793830914747
9490 396.50168662972725997 -954.769287109375 -945.39019572168490413 1830.4139652303672392 1809.9298793830914747
9500 408.41812169563104362 -955.1051025390625 -945.4441325685886568 7440.470454762051304 1809.9298793830914747
9510 411.5336936141952151 -955.1170654296875 -945.38239783134849858 -1499.8353931753740653 1809.9298793830914747
9520 414.61730922016153045 -955.17779541015625 -945.37018609795291013 9225.6852454456620762 1809.9298793830914747
9530 379.1230303779445876 -954.35809326171875 -945.39008714977160253 -990.98476383691604497 1809.9298793830914747
9540 391.48787684402566356 -954.56085205078125 -945.30036036081332895 7622.5889216487194062 1809.9298793830914747
9550 412.9864469763652437 -955.0516357421875 -945.28260383467397787 1702.6316440015102671 1809.9298793830914747
9560 431.64391192618330706 -955.52880859375 -945.31844169390797106 2568.7710738616924573 1809.9298793830914747
9570 435.05124093764726467 -955.5003662109375 -945.20940028399400035 4477.0127601531621622 1809.9298793830914747
9580 398.55484503412839103 -955.21417236328125 -945.78651432138099153 -464.66929338929077176 1809.9298793830914747
9590 407.97018878034390355 -955.38604736328125 -945.73567306967254353 7214.4688471992112682 1809.9298793830914747
9600 394.1644602041150165 -955.328857421875 -946.00505220566594744 -312.52897494991799476 1809.9298793830914747
9610 421.07319117402448683 -955.523681640625 -945.56336098096664955 6219.5781334024859461 1809.9298793830914747
9620 392.41626170366811266 -955.1702880859375 -945.88783581740165118 -799.54887048445266373 1809.9298793830914747
9630 404.14742851784279765 -955.32318115234375 -945.7632327486221584 5792.477193403243291 1809.9298793830914747
9640 426.23671756647593156 -955.4532470703125 -945.37078522550757498 2188.3744810401994982 1809.9298793830914747
9650 444.12518539472455359 -955.989501953125 -945.48389544032886533 2190.6918804540582641 1809.9298793830914747
9660 433.93110492596969152 -955.91357421875 -945.64910466842843562 2461.029916960684659 1809.9298793830914747
9670 407.18248433936844322 -955.6005859375 -945.96884448250841615 2485.8476210542289664 1809.9298793830914747
9680 387.09380635122050762 -955.0386962890625 -945.88214460768892877 3883.2701954035355811 1809.9298793830914747
9690 393.17634925522020239 -955.1712646484375 -945.87083280793751783 3717.7197698539971498 1809.9298793830914747
9700 386.35495506346842376 -955.0284423828125 -945.88936793793857305 2329.0007762958603053 1809.9298793830914747
9710 436.34228167198580195 -955.5670166015625 -945.24551161402757771 4100.276054099904286 1809.9298793830914747
9720 407.02395090076390716 -955.08599853515625 -945.45800712627749363 2539.1286124698399362 1809.9298793830914747
9730 408.06964296159316063 -955.11700439453125 -945.46427755139677629 5260.5442104229869074 1809.9298793830914747
9740 393.43858743108262388 -954.8115234375 -945.50488845613153899 2277.2734055557616557 1809.9298793830914747
9750 410.12746548743166386 -955.09454345703125 -945.39313963172924105 5793.6867975368168118 1809.9298793830914747
9760 400.76865380125656202 -954.96820068359375 -945.48817586636334909 2772.9178341025190093 1809.9298793830914747
9770 393.56996332547447537 -955.06549072265625 -945.75574809619774896 5512.6018913254865765 1809.9298793830914747
9780 404.23798955734662286 -955.04901123046875 -945.48692064099031995 3105.4855714876134698 1809.9298793830914747
9790 386.5570404292435569 -954.55621337890625 -945.4123586842183613 5872.6229833025545304 1809.9298793830914747
9800 388.15087076827279589 -954.633056640625 -945.45150051638393052 3149.9980859290330955 1809.9298793830914747
9810 385.15498555330685804 -954.4884033203125 -945.37771368205540057 5152.0663032651618778 1809.9298793830914747
9820 386.78046175030408449 -954.733642578125 -945.58450293999590031 2961.3497870797709766 1809.9298793830914747
9830 368.78606582164064775 -954.1470947265625 -945.42360544396092337 5976.4988892140227108 1809.9298793830914747
9840 385.71381538920638832 -954.37933349609375 -945.25542495794843489 4031.8801908168816226 1809.9298793830914747
9850 400.42135798121785228 -954.719970703125 -945.24816103186890359 3588.9983587950819128 1809.9298793830914747
9860 409.64239069359791756 -955.17364501953125 -945.4837154476174419 3845.7387467774137804 1809.9298793830914747
9870 390.4670626650187728 -954.6221923828125 -945.38584765059431447 4474.3569011876161312 1809.9298793830914747
9880 395.31201290930431469 -954.3900146484375 -945.03906452450905817 6424.4892442595082684 1809.9298793830914747
9890 392.79827121840543214 -954.2342529296875 -944.94276437638791322 4506.3396575143942755 1809.9298793830914747
9900 363.2109005301082334 -953.92230224609375 -945.33069130483102072 5950.8533230516341064 1809.9298793830914747
9910 368.76237335083271773 -954.14569091796875 -945.42276207144197997 3743.9297623237753214 1809.9298793830914747
9920 378.42647947352440951 -954.13653564453125 -945.18500617015979515 5342.5232850904740189 1809.9298793830914747
9930 391.6466981186403018 -954.64727783203125 -945.38302928730286112 2718.6920185468216005 1809.9298793830914747
9940 373.99340374042213853 -954.59051513671875 -945.74384832455370997 4190.7449295178603279 1809.9298793830914747
9950 381.27456860446812925 -954.83172607421875 -945.8128261720781893 2685.8736604775263004 1809.9298793830914747
9960 375.96051402808035391 -954.6707763671875 -945.77757833515693164 3161.0849796707757378 1809.9298793830914747
9970 374.89944736507999323 -954.5867919921875 -945.71869307457757259 4707.0993030985719088 1809.9298793830914747
9980 377.39052055911207617 -954.7578125 -945.8307882261353825 1437.5910438239261566 1809.9298793830914747
9990 387.56744106745225054 -954.83599853515625 -945.66824321092883565 5475.1721795024868698 1809.9298793830914747
10000 396.18564704697047318 -954.75775146484375 -945.38613586913322706 2078.3948079799429252 1809.9298793830914747
10010 395.18826593606871711 -954.5615234375 -945.21350049953332473 6513.7409357759306658 1809.9298793830914747
10020 390.51377000997700861 -954.2137451171875 -944.97629554110199024 2111.0055804846820138 1809.9298793830914747
10030 383.84110370942494228 -953.85809326171875 -944.77848298151218387 6400.9478716348803573 1809.9298793830914747
10040 396.59728417215342233 -953.78717041015625 -944.40581770021435659 4412.7185056284033635 1809.9298793830914747
10050 396.77893408124299413 -953.66436767578125 -944.27871810871272373 5550.0276459208253073 1809.9298793830914747
10060 410.54173135630821889 -953.759765625 -944.04856250356885994 6004.7743345827457233 1809.9298793830914747
10070 422.35867141717784534 -954.0986328125 -944.10790462348131769 3367.232909770533297 1809.9298793830914747
10080 436.80726101776451742 -954.6834716796875 -944.35096778868125966 6806.5825806521379491 1809.9298793830914747
10090 434.14873469007648055 -954.8521728515625 -944.58255535480066101 1601.7121225317002882 1809.9298793830914747
10100 412.71178013097295434 -954.1617431640625 -944.39920839270484976 6889.2204417394914344 1809.9298793830914747
10110 415.68495764003495196 -953.7530517578125 -943.92018764231931982 3418.0521835306735738 1809.9298793830914747
10120 406.52509942614119609 -953.54180908203125 -943.92561780850417108 7583.5918132290971698 1809.9298793830914747
10130 431.72388595396984101 -953.97515869140625 -943.76290003740382417 2948.7248674377547104 1809.9298793830914747
10140 437.23287499236118947 -954.0179443359375 -943.67537271382639119 7124.267847710136266 1809.9298793830914747
10150 416.40652905850527077 -953.70257568359375 -943.8526430801097149 4836.4258240810531788 1809.9298793830914747
10160 424.95121835246635555 -954.22613525390625 -944.1740813872097533 4534.164054769887116 1809.9298793830914747
10170 447.1094333317201972 -954.786376953125 -944.21017922957639712 2747.7405577663257645 1809.9298793830914747
10180 441.54692421126645741 -954.78167724609375 -944.33705848713680098 3796.1449739633308127 1809.9298793830914747
10190 416.8340248274712394 -954.38897705078125 -944.52893220308703803 2985.2288102573870674 1809.9298793830914747
10200 419.8178103300038515 -954.267333984375 -944.33670886463346505 4690.4739081739244284 1809.9298793830914747
10210 428.84270629288170085 -954.51226806640625 -944.36816258364353871 795.26169191609687914 1809.9298793830914747
10220 436.52569856711966167 -954.7008056640625 -944.37496202204124529 5287.8646298734465745 1809.9298793830914747
10230 424.4562508358213222 -954.624755859375 -944.58441025453237216 -1765.0439241443452829 1809.9298793830914747
10240 424.31279886828593817 -954.93316650390625 -944.89621419891238929 5997.8749307953030439 1809.9298793830914747
10250 411.01155540673755695 -954.93817138671875 -945.21585476223401656 -4254.5304287894796289 1809.9298793830914747
10260 407.39964536190257149 -955.01214599609375 -945.37526768255941079 7884.7872804185344648 1809.9298793830914747
10270 389.41391854069746614 -954.590576171875 -945.37914314954230122 -3979.8947353225084953 1809.9298793830914747
10280 383.0652717593772536 -954.45599365234375 -945.39473537165281414 9407.691227016148332 1809.9298793830914747
10290 375.06676686741144522 -954.5413818359375 -945.66932504133433213 -2494.3427285214652329 1809.9298793830914747
10300 379.34499263511503386 -954.5997314453125 -945.62647490350639146 7434.4572865359386924 1809.9298793830914747
10310 388.07675770481949939 -954.67926025390625 -945.49945724502026678 646.74413857756644575 1809.9298793830914747
10320 400.23134773883094795 -954.78057861328125 -945.3132635595463853 6021.1033007184250891 1809.9298793830914747
10330 408.21498835668467109 -955.1097412109375 -945.45357627967052849 2102.0991299689530933 1809.9298793830914747
10340 420.05148752391295375 -955.37359619140625 -945.43744352958663058 3626.8331142857628038 1809.9298793830914747
10350 436.33657340325987661 -955.4696044921875 -945.14823453150324895 551.15851682172183246 1809.9298793830914747
10360 408.21260032023815256 -954.9512939453125 -945.29518550210809735 3979.7626365715091197 1809.9298793830914747
10370 388.25089582009343303 -954.552978515625 -945.36905633813944405 3015.8767396917810402 1809.9298793830914747
10380 388.21804227777550977 -954.7313232421875 -945.54817820231869518 3984.3640130479880099 1809.9298793830914747
10390 382.38091312677352107 -954.29644775390625 -945.2513777073984329 3142.5293766555164439 1809.9298793830914747
10400 399.98032348869264752 -954.60888671875 -945.14750954488295065 4868.9345855016181304 1809.9298793830914747
10410 403.43379776574232665 -954.60260009765625 -945.05953234858679934 3965.1933860475287474 1809.9298793830914747
10420 440.30027054932020292 -955.51373291015625 -945.09860325305805873 2991.8011600076970353 1809.9298793830914747
10430 419.74177746752951634 -955.13323974609375 -945.20441315379775915 4711.5180669176816082 1809.9298793830914747
10440 427.74021183035023341 -955.4820556640625 -945.36402925401796438 1941.6016069124234491 1809.9298793830914747
10450 423.22770809213454868 -955.10748291015625 -945.09619800052701066 6574.8847503919196242 1809.9298793830914747
10460 452.37426559683552796 -955.88470458984375 -945.18396933059102594 -2132.5541755863255275 1809.9298793830914747
10470 429.59697827050030128 -954.8818359375 -944.71988844788631923 9663.6888511514280253 1809.9298793830914747
10480 424.61817781551479811 -954.821533203125 -944.77735727929029963 -3657.5827582255578818 1809.9298793830914747
10490 402.22129931453088147 -954.68115234375 -945.16676576846828084 15426.901031549616164 1809.9298793830914747
10500 437.75542028658497884 -955.47216796875 -945.11723574330721931 -6033.377352478200919 1809.9298793830914747
10510 454.12175049602490162 -955.33624267578125 -944.59417134881232414 15626.75440840344163 1809.9298793830914747
10520 418.12809436705151711 -954.87286376953125 -944.98220821604934372 -3584.4706904889017096 1809.9298793830914747
10530 386.33478128859371736 -953.88189697265625 -944.74329973048929787 17952.978973868499452 1809.9298793830914747
10540 413.44731830385876492 -954.60015869140625 -944.82022505397753775 -750.59318110510832867 1809.9298793830914747
10550 425.01380299172905097 -954.7618408203125 -944.70830653859911763 10154.39275337061008 1809.9298793830914747
10560 394.29102707972703001 -954.849609375 -945.52281026914806716 4771.5228168702724361 1809.9298793830914747
10570 356.12610510477583148 -953.80242919921875 -945.37840630612322457 8402.1373101718309044 1809.9298793830914747
10580 404.97209598111538753 -954.8907470703125 -945.3112914822249877 6946.4416379544018127 1809.9298793830914747
10590 392.84018851077627232 -954.7415771484375 -945.44909705807981481 5606.8880341651038179 1809.9298793830914747
10600 439.52423744719851584 -956.03424072265625 -945.63746782324687956 4476.8929683533542629 1809.9298793830914747
10610 414.2534935984269282 -955.0020751953125 -945.20307179849260137 5397.2200243555689667 1809.9298793830914747
10620 442.20996283636634416 -955.515869140625 -945.05556646387378805 4760.0246625611353011 1809.9298793830914747
10630 434.63197312920345894 -955.0421142578125 -944.76106594591044541 9492.2428993952034944 1809.9298793830914747
10640 470.85824713620581861 -956.25213623046875 -945.11416966070203216 281.13775388817799694 1809.9298793830914747
10650 411.68847385562781938 -955.01239013671875 -945.27406127266920066 10219.444444231728994 1809.9298793830914747
10660 436.63995548481528886 -955.40496826171875 -945.07642191726552028 1988.9543602446628938 1809.9298793830914747
10670 412.00446004150512636 -954.95721435546875 -945.21141096252176794 8692.4056501800732804 1809.9298793830914747
10680 445.00931418394532102 -956.01007080078125 -945.48355056934985896 3238.1362468950455877 1809.9298793830914747
10690 399.3459019053927932 -955.5078125 -946.06144231906318964 5513.7671071094664512 1809.9298793830914747
10700 412.72278155154077695 -955.82672119140625 -946.06392618577376652 6061.0827742990750266 1809.9298793830914747
10710 386.09468829729519257 -955.373779296875 -946.24086135994900815 3769.679521469951851 1809.9298793830914747
10720 403.9440003145023752 -955.81475830078125 -946.25962191116775557 6761.2861711906980418 1809.9298793830914747
10730 383.25800674662332312 -955.47998046875 -946.41416311777027204 2994.2440118377753606 1809.9298793830914747
10740 373.08236701618346842 -955.612548828125 -946.78743223121068695 3828.168062874809948 1809.9298793830914747
10750 356.10034300217387226 -955.2550048828125 -946.8315913821174945 6409.2021321042266209 1809.9298793830914747
10760 387.1524510099455938 -956.03302001953125 -946.87508112183013509 -864.80194307529018261 1809.9298793830914747
10770 378.1643041835984036 -955.906494140625 -946.9611663195798883 6799.6534548079616798 1809.9298793830914747
10780 399.16036331980774321 -956.1475830078125 -946.70560166911479882 -3456.6174519329802024 1809.9298793830914747
10790 377.6368242702079101 -955.7822265625 -946.84937607126130388 6939.2457139839461888 1809.9298793830914747
10800 376.80626351928043505 -955.6951904296875 -946.78198652621540532 -2540.0361818266833325 1809.9298793830914747
10810 376.77768137421168149 -955.53399658203125 -946.62146877795464661 4281.1519218025323426 1809.9298793830914747
10820 365.01562446905563775 -955.30743408203125 -946.67313310608847132 -11.742754819632374108 1809.9298793830914747
10830 351.73604795455281646 -954.76043701171875 -946.4402591931778943 3981.7631720385861627 1809.9298793830914747
10840 341.22682224035708032 -954.75860595703125 -946.68701973774716407 3029.2405063240898926 1809.9298793830914747
10850 368.46719306721354315 -955.3856201171875 -946.66967364412664665 1904.3673882271925777 1809.9298793830914747
10860 363.23077965909459408 -955.4910888671875 -946.89900769295036298 929.75085628840542995 1809.9298793830914747
10870 381.61475926560979133 -955.6622314453125 -946.63528446693578644 3445.6572477588538277 1809.9298793830914747
10880 361.93906471980216111 -955.005859375 -946.44433320940720478 2175.1842323469918483 1809.9298793830914747
10890 387.3217299097113937 -955.61712646484375 -946.45518334137398142 4258.0386974661059867 1809.9298793830914747
10900 369.89128546049789747 -955.58197021484375 -946.83233739655031513 3279.8399097426586195 1809.9298793830914747
10910 393.43757248347395716 -956.2249755859375 -946.9183646127553402 3011.3942995415677615 1809.9298793830914747
10920 380.80276241533272241 -955.6688232421875 -946.6610837298117076 7778.5690926558163483 1809.9298793830914747
10930 360.90277429861856717 -955.29443359375 -946.75742047032622395 2177.8001256840834685 1809.9298793830914747
10940 338.06465085748601496 -954.62109375 -946.62430745057406511 11183.943771384001593 1809.9298793830914747
10950 366.73119904263234048 -955.2806396484375 -946.60575743097524537 1591.1281563033060138 1809.9298793830914747
10960 361.01023949604098107 -955.43603515625 -946.89647998586508493 13154.838078113900337 1809.9298793830914747
10970 384.61345689047738006 -955.9739990234375 -946.87611903262711621 1733.1002993339377554 1809.9298793830914747
10980 359.12232286087510147 -955.40789794921875 -946.91300070400950517 10392.286410013233763 1809.9298793830914747
10990 391.23957293822832071 -955.88641357421875 -946.63179541544354834 5807.5236364701440834 1809.9298793830914747
11000 376.90672651533316184 -955.4365234375 -946.52094312138490295 7412.1956138764944626 1809.9298793830914747
11010 387.68649516500664731 -955.99267578125 -946.82210427918857931 9203.1688178401218465 1809.9298793830914747
11020 350.58369483301277114 -955.46453857421875 -947.17161921535728197 3254.8253548559082446 1809.9298793830914747
11030 397.05321275433624351 -956.47369384765625 -947.08155632649481959 10008.46742686188918 1809.9298793830914747
11040 410.03020775337171244 -956.66729736328125 -946.96819413141088262 -232.42489744100640792 1809.9298793830914747
11050 437.76942215710624851 -957.32379150390625 -946.96852806972560757 10270.461691492353566 1809.9298793830914747
11060 407.3687258389865633 -956.411376953125 -946.77523002873942914 -1717.0927332511398617 1809.9298793830914747
11070 406.84429010533176552 -956.00933837890625 -946.38559677545322302 13283.766912683069677 1809.9298793830914747
11080 373.76626334900163329 -955.45166015625 -946.61036626067220823 826.96504392953647766 1809.9298793830914747
11090 384.99703896166187178 -955.8037109375 -946.69675746372183767 10792.852813328227057 1809.9298793830914747
11100 384.05929422300812348 -955.574462890625 -946.4896913996699368 614.89277927222053677 1809.9298793830914747
11110 421.88893984922077607 -956.2669677734375 -946.28735089983592843 8470.1280214117632568 1809.9298793830914747
11120 422.74145897154107843 -956.0087890625 -946.00900618449634294 3166.8562913284222304 1809.9298793830914747
11130 392.17082130640073956 -956.00677490234375 -946.73012842983303017 6583.7427369452643688 1809.9298793830914747
11140 363.27270388307874782 -955.40789794921875 -946.81482507395890025 5283.0497180341908461 1809.9298793830914747
11150 371.40868300799985491 -955.53643798828125 -946.75091172804445705 7372.6661723447650729 1809.9298793830914747
11160 374.00529659125879789 -955.5848388671875 -946.7378907343153287 6451.6244941700233539 1809.9298793830914747
11170 372.57877179177347671 -955.938232421875 -947.12502817184702053 5892.7462658627509882 1809.9298793830914747
11180 368.80752083052158241 -955.92633056640625 -947.20233377401143571 5052.9892639709123614 1809.9298793830914747
11190 375.37534292878530096 -955.921875 -947.04251896007883715 5389.8919478067773525 1809.9298793830914747
11200 386.04581489006687889 -955.98193359375 -946.85017173804203594 5766.2677312057739982 1809.9298793830914747
11210 403.53572950667114583 -955.8013916015625 -946.25591269726805876 3774.2008263863945103 1809.9298793830914747
11220 437.65828514658295489 -956.160400390625 -945.80776585869978135 6712.6850124908523867 1809.9298793830914747
11230 457.66422316948887783 -956.0040283203125 -945.1781611960917644 2091.9555085542237975 1809.9298793830914747
11240 468.04112366386482336 -956.076904296875 -945.00557567440705498 7204.7475877354227123 1809.9298793830914747
11250 409.02999009571732358 -954.7633056640625 -945.08786218733337137 3187.6419150288597848 1809.9298793830914747
11260 418.27976085588124988 -955.14373779296875 -945.24949462836900693 8013.4214069034533168 1809.9298793830914747
11270 407.33124103993435483 -954.97540283203125 -945.34014259581840633 3649.4639966625891248 1809.9298793830914747
11280 421.77720835504976549 -955.35662841796875 -945.37965450889930707 5116.1176099153635732 1809.9298793830914747
11290 390.33667640430275014 -954.483642578125 -945.25038208160162867 7219.1788064864485932 1809.9298793830914747
11300 403.34758128220272511 -954.62158203125 -945.0805536991755389 3825.130531106158287 1809.9298793830914747
11310 386.78191136268594619 -954.4073486328125 -945.25817470467291059 8019.7507215345522127 1809.9298793830914747
11320 414.52176362868425485 -955.2000732421875 -945.39472402335672996 996.59414423465148047 1809.9298793830914747
11330 415.57221235724699682 -955.3826904296875 -945.55249325949739614 6803.5580577152722981 1809.9298793830914747
11340 409.4855754618854462 -955.190185546875 -945.50396537756603266 -557.31206993366356528 1809.9298793830914747
11350 401.70952436087833348 -954.909912109375 -945.40763136925647814 8331.6874613468007738 1809.9298793830914747
11360 392.76049881303100619 -955.0189208984375 -945.72832583652495941 -1705.5228210430200306 1809.9298793830914747
11370 387.89883678714045345 -955.171875 -945.99628064041598918 8739.2361728036739805 1809.9298793830914747
11380 408.93973336909670024 -955.380126953125 -945.70681846375123314 -2856.7635094845959429 1809.9298793830914747
11390 420.93052300819044831 -955.357421875 -945.40047597466946172 8935.1533774530707888 1809.9298793830914747
11400 412.2783947157562352 -955.217529296875 -945.46524608699235159 -3840.0260239326253213 1809.9298793830914747
11410 416.72030951122047782 -955.5482177734375 -945.69086281680620232 8638.956990397793561 1809.9298793830914747
11420 415.65428454017131799 -955.9136962890625 -946.08155773367786878 -4032.7671495462968778 1809.9298793830914747
11430 426.48738230712132236 -956.26171875 -946.17332752938295926 4062.7083010986020781 1809.9298793830914747
11440 409.59184803477052128 -955.876953125 -946.18821911979398465 515.98011254849643592 1809.9298793830914747
11450 390.77499381471687911 -956.0821533203125 -946.8385245979083038 22.224710593499366951 1809.9298793830914747
11460 373.89794062987186862 -956.01904296875 -947.17463429890358384 4924.4999109556893018 1809.9298793830914747
11470 380.62488825531085013 -956.279541015625 -947.27600904651728797 -3674.6201261488654382 1809.9298793830914747
11480 380.0306489687532121 -956.095947265625 -947.10647179302839049 7378.8838935634248628 1809.9298793830914747
11490 392.74550476862827963 -956.0284423828125 -946.73820199912063345 -5041.1852809344218258 1809.9298793830914747
11500 399.83067783239988557 -955.98858642578125 -946.5307490610334753 8276.801652991969604 1809.9298793830914747
11510 379.04453759931084278 -955.9593505859375 -946.99320118978482697 -3177.0039910332161526 1809.9298793830914747
11520 386.17015865937986518 -955.90570068359375 -946.77099752494757468 6013.908212810067198 1809.9298793830914747
11530 370.9026809516068397 -955.7808837890625 -947.00732680837563748 1402.6509572126624334 1809.9298793830914747
11540 349.34107757906173219 -955.6121826171875 -947.34865688054185284 2280.4664369056340547 1809.9298793830914747
11550 374.41186155247913803 -955.89178466796875 -947.03521940090797671 5083.2596225681172655 1809.9298793830914747
11560 393.06569189910345585 -956.00653076171875 -946.70871647743797439 -1225.1198471334280384 1809.9298793830914747
11570 389.9911645728474241 -956.1376953125 -946.91260776240289943 6113.5404254375580422 1809.9298793830914747
11580 369.86765369444736962 -955.4263916015625 -946.67731778339668836 -1485.6262628736069473 1809.9298793830914747
11590 389.32216204060762266 -955.7318115234375 -946.52254896501142412 5626.2934394746725957 1809.9298793830914747
11600 356.35673059714366673 -955.4154052734375 -946.9859270250631198 107.79804212238904881 1809.9298793830914747
11610 394.98420690250077314 -956.00872802734375 -946.66553202552609037 2608.6842616938647552 1809.9298793830914747
11620 385.15021297273324308 -955.67889404296875 -946.56831729822727084 2272.7199180184225042 1809.9298793830914747
11630 394.40486367980554405 -955.9517822265625 -946.6222903607264243 684.45787829945049907 1809.9298793830914747
11640 392.22583567068340926 -955.5103759765625 -946.23242816091089935 3653.7580650383724787 1809.9298793830914747
11650 383.22848133791194414 -955.740234375 -946.67511543594605428 2985.1518582576418339 1809.9298793830914747
11660 371.20212705726891045 -955.41717529296875 -946.63653503247394383 2908.1015442607699697 1809.9298793830914747
11670 379.19934647377283454 -955.42218017578125 -946.4523688366150509 2793.8878629268210716 1809.9298793830914747
11680 364.72691420062113821 -954.93939208984375 -946.3119204417033643 3376.5500845733204187 1809.9298793830914747
11690 385.12894349489516799 -955.05560302734375 -945.94552940373171168 4657.2033889607464516 1809.9298793830914747
11700 386.98706455405084625 -954.87310791015625 -945.71908116399549726 3756.902281965455586 1809.9298793830914747
11710 402.13618661424476386 -955.1820068359375 -945.66963356809219476 3474.1398505087527155 1809.9298793830914747
11720 387.21620421149941649 -954.584228515625 -945.42478156102572484 4211.3901406635104649 1809.9298793830914747
11730 385.90216356743349024 -954.6527099609375 -945.52434612074466713 3463.9482689971582658 1809.9298793830914747
11740 367.91156203291785687 -954.10186767578125 -945.39906443621532617 6281.8843942121338841 1809.9298793830914747
11750 381.71632964636734187 -953.96942138671875 -944.94007180094956766 5531.9178072160493684 1809.9298793830914747
11760 403.00965664642035335 -954.02154541015625 -944.48851055237969376 4620.4665464008712661 1809.9298793830914747
11770 412.09501024185084361 -954.38458251953125 -944.63663719722342194 4728.9039322738926785 1809.9298793830914747
11780 414.863229759580463 -954.4288330078125 -944.6154065420103052 4373.5602939579212034 1809.9298793830914747
11790 405.56244322655493306 -954.512451171875 -944.91903115197760599 4337.1918191640343139 1809.9298793830914747
11800 402.52979411591445569 -954.26165771484375 -944.73997381641720494 4281.2179588935014181 1809.9298793830914747
11810 410.98264808210524279 -954.3160400390625 -944.59440720596796837 3716.9173527023917813 1809.9298793830914747
11820 435.49519347382585011 -954.41650390625 -944.11503645674292784 5738.0204198563324098 1809.9298793830914747
11830 429.41304994768944425 -954.4609375 -944.30334076249312147 2079.3172931059530129 1809.9298793830914747
11840 434.09498323996075442 -954.580322265625 -944.31197623826631116 6260.3116645707705175 1809.9298793830914747
11850 428.94907629497720336 -954.18511962890625 -944.03849800559692085 2810.1849996510914025 1809.9298793830914747
11860 406.87597864234805911 -954.0572509765625 -944.43275979323470892 7348.9982707051140096 1809.9298793830914747
11870 407.60053893078401188 -954.23785400390625 -944.59622363204459816 3864.7825642404973223 1809.9298793830914747
11880 418.90276193208200084 -954.6077880859375 -944.69880807600929984 6686.3212965077746048 1809.9298793830914747
11890 398.97857058521026374 -954.72021484375 -945.28253374066014203 2059.2824400886452167 1809.9298793830914747
11900 390.1920891729805021 -955.1064453125 -945.87660497004355875 6280.6883405579828832 1809.9298793830914747
11910 386.12268691015430022 -954.84326171875 -945.70968148565327738 1293.0200446626674875 1809.9298793830914747
11920 409.10339409734166338 -955.02935791015625 -945.35217809065056827 5660.0306384912391877 1809.9298793830914747
11930 394.17699466614624271 -954.67218017578125 -945.34807846180478919 408.98894294510836289 1809.9298793830914747
11940 409.22380782900864915 -955.5472412109375 -945.86721305198784648 5362.5388510315333406 1809.9298793830914747
11950 393.03370675761664188 -955.825439453125 -946.52838176478098831 1459.3660323283945672 1809.9298793830914747
11960 408.17812272362681369 -956.20672607421875 -946.55143318499642646 470.29697406057283615 1809.9298793830914747
11970 398.67834743978812639 -955.882080078125 -946.45150063541279906 5930.3390263906130713 1809.9298793830914747
11980 405.7094676997589886 -956.02337646484375 -946.42647863888169013 -3168.7506536704963764 1809.9298793830914747
11990 390.27183497288314129 -955.8267822265625 -946.59505552858649935 9445.5315685931236658 1809.9298793830914747
12000 397.10087318019674285 -956.188720703125 -946.79545579334251215 -8025.8928321222565501 1809.9298793830914747
12010 417.64384176654550629 -956.07696533203125 -946.19776458327783075 12279.213697139524811 1809.9298793830914747
12020 415.93413726522635443 -955.96337890625 -946.12462054476634421 -8934.121290237073481 1809.9298793830914747
12030 434.5537234618493585 -956.0528564453125 -945.77365909850323078 12350.935699321700667 1809.9298793830914747
12040 451.45988720240876546 -956.55841064453125 -945.87930464642283823 -8750.7791308919731819 1809.9298793830914747
12050 436.28641599063377043 -956.17083740234375 -945.85065389551994031 12256.434718684640757 1809.9298793830914747
12060 405.16419908950257422 -955.8404541015625 -946.25645439003187676 -4144.5873305867480667 1809.9298793830914747
12070 380.9220286696003086 -955.4549560546875 -946.44439534599416675 10281.466342533467468 1809.9298793830914747
12080 400.62532395675208363 -955.9381103515625 -946.46147594540866521 -2277.3368722744667139 1809.9298793830914747
12090 409.01975219933433436 -955.91961669921875 -946.2444153959003188 8696.3146601923599519 1809.9298793830914747
12100 421.75254666781398782 -955.934326171875 -945.95793562531366661 748.39733669822169304 1809.9298793830914747
12110 390.46524146807496436 -955.3978271484375 -946.16152549591640764 6783.5550987854667255 1809.9298793830914747
12120 422.80628349885131456 -955.76318359375 -945.76186731705900002 2769.1945814105333739 1809.9298793830914747
12130 401.83874312165403353 -955.10430908203125 -945.59897172296962253 5268.6143599341139634 1809.9298793830914747
12140 408.29052832038985343 -955.44720458984375 -945.78925279045768093 4344.1911213474550095 1809.9298793830914747
12150 384.43244938005869926 -955.010986328125 -945.91738799875338373 3855.4055421786038096 1809.9298793830914747
12160 404.49465306705172907 -955.5684814453125 -946.00031958150009359 3971.6165799039863487 1809.9298793830914747
12170 363.6591965113959759 -955.03973388671875 -946.43751868040737918 5436.289831831909396 1809.9298793830914747
12180 358.14414159501529866 -955.37615966796875 -946.90440091572338588 2636.5881370702550157 1809.9298793830914747
12190 355.84561021522154078 -954.7099609375 -946.29257304065197332 6369.4288073990428529 1809.9298793830914747
12200 381.63379843059777841 -954.9156494140625 -945.88825207172919818 -832.30449052990400105 1809.9298793830914747
12210 364.68691306328639712 -954.5552978515625 -945.92877241458666049 6806.3178862233417021 1809.9298793830914747
12220 375.84865171381670734 -954.73529052734375 -945.84473855434316647 -138.52560590998305656 1809.9298793830914747
12230 371.98691943476069355 -954.5185546875 -945.71935047210399716 5976.1842035680820118 1809.9298793830914747
12240 413.14252823624292432 -955.17864990234375 -945.40592595404029908 -890.75392081671054711 1809.9298793830914747
12250 419.08960147522890338 -954.9576416015625 -945.04424197575599464 5168.866605300878291 1809.9298793830914747
12260 414.20850688649795757 -954.94091796875 -945.14297871490009584 1662.2684704783971483 1809.9298793830914747
12270 420.08814080764017262 -954.5548095703125 -944.6177898894881082 5652.8221518587497485 1809.9298793830914747
12280 427.0831693521431589 -954.8997802734375 -944.79729594469176845 1954.9552353377951022 1809.9298793830914747
12290 415.19540572539204959 -954.63214111328125 -944.81085715570736738 4174.7298525256355788 1809.9298793830914747
12300 414.58215632735806366 -954.9071044921875 -945.10032670783198228 2959.7006729048239322 1809.9298793830914747
12310 403.18248329635861182 -954.49005126953125 -944.95292826535171571 4099.7306277095322002 1809.9298793830914747
12320 411.98624545005884556 -954.61187744140625 -944.86650490745319075 2406.5151844925940168 1809.9298793830914747
12330 388.39878329832816917 -954.234130859375 -945.04671046178032157 4707.3160335312659299 1809.9298793830914747
12340 412.98931867095512871 -954.7801513671875 -945.01105153086837163 2462.8743431438542757 1809.9298793830914747
12350 403.61138897388002533 -954.82861328125 -945.28134468202802054 3723.3878292381209576 1809.9298793830914747
12360 425.95898035750423105 -955.259521484375 -945.18362940396843896 351.46771438363822426 1809.9298793830914747
12370 403.84930493229325066 -954.73931884765625 -945.18642244004956865 3552.4586280874627846 1809.9298793830914747
12380 420.24997361525043971 -955.209228515625 -945.26838074341208085 373.7312856417194098 1809.9298793830914747
12390 413.58054746230743604 -955.326171875 -945.54308675424920239 3200.8977550534577858 1809.9298793830914747
12400 402.1279284039792401 -955.2635498046875 -945.751371881556679 -156.31511806843445811 1809.9298793830914747
12410 376.5059311516531011 -954.7833251953125 -945.8772255358263692 3268.6135106354395248 1809.9298793830914747
12420 384.64572424322307143 -955.05950927734375 -945.96086601500019242 2071.2718930146229468 1809.9298793830914747
12430 389.21114210523114707 -954.9881591796875 -945.78152275415027361 2343.4886945820821893 1809.9298793830914747
12440 407.73386627144088834 -955.4166259765625 -945.77184179891730764 2878.1809364573346102 1809.9298793830914747
12450 421.27715509208780986 -955.4373779296875 -945.47223258379995059 -1548.5713308279187004 1809.9298793830914747
12460 436.77235387915408182 -956.03997802734375 -945.70829985096656856 5053.1135676892627089 1809.9298793830914747
12470 421.4140096701045195 -955.7181396484375 -945.74975706135444398 -2029.8247602069691311 1809.9298793830914747
12480 420.67241864706898014 -955.47320556640625 -945.52236502318305611 5769.2884449441498873 1809.9298793830914747
12490 389.32196697116319228 -955.00091552734375 -945.79165758320857549 -105.85091257475649229 1809.9298793830914747
12500 377.15330180227886103 -954.6937255859375 -945.77231262842849446 5951.9225691152514628 1809.9298793830914747
12510 386.19449029570222365 -954.69854736328125 -945.56326864935158483 3527.985142975360759 1809.9298793830914747
12520 370.35612579267535693 -954.557373046875 -945.79674461342233371 4811.6811693545259914 1809.9298793830914747
12530 358.22135588541959805 -954.4678955078125 -945.99431028190872439 5211.7156717348962047 1809.9298793830914747
12540 367.75412678640236663 -954.64520263671875 -945.94612346596386487 3917.8718589277877982 1809.9298793830914747
12550 418.34446282247449744 -955.528076171875 -945.63230250771346164 4257.0462443793030616 1809.9298793830914747
12560 411.05293065804977459 -955.67730712890625 -945.95401178913141393 530.55994495533082045 1809.9298793830914747
12570 419.49007942141327021 -955.6309814453125 -945.70810867126306221 5029.4871634445626114 1809.9298793830914747
12580 387.63166066558602552 -955.225830078125 -946.05655566457187433 1425.473687745457255 1809.9298793830914747
12590 399.76956181943808133 -955.6845703125 -946.22817862299189073 3581.9242315385763504 1809.9298793830914747
12600 417.13033000739250156 -955.5662841796875 -945.69923034954797458 2066.5271032554555859 1809.9298793830914747
12610 438.45683068765691814 -955.7216796875 -945.35015587500038237 4270.0069599525513695 1809.9298793830914747
12620 415.65917514922182363 -955.40576171875 -945.57350747793248047 2503.7678148004397372 1809.9298793830914747
12630 415.09649218996713671 -955.6104736328125 -945.79152943600013259 5131.7654482442567314 1809.9298793830914747
12640 400.71536124408055457 -955.12408447265625 -945.64532026989718361 1330.7769702227715243 1809.9298793830914747
12650 404.84867032484004312 -955.17852783203125 -945.60199182927919992 8557.1004677642686147 1809.9298793830914747
12660 389.34194557446289764 -954.5938720703125 -945.38414154017721103 211.42414673433225403 1809.9298793830914747
12670 400.25099015541809422 -955.0118408203125 -945.54406113294191982 9873.5275230422248569 1809.9298793830914747
12680 399.89425056720210705 -955.1280517578125 -945.66871060503660829 -997.87862069880418403 1809.9298793830914747
12690 430.07825085817802346 -955.84466552734375 -945.67133372403247904 6947.383967287843916 1809.9298793830914747
12700 375.13207339644708327 -954.71710205078125 -945.84350045592952938 2241.4510973198412103 1809.9298793830914747
12710 382.72967039259515332 -954.92938232421875 -945.87606256181163644 3817.3576397634183195 1809.9298793830914747
12720 357.30059184342172784 -954.31341552734375 -945.86161061256495941 5558.6890835955910006 1809.9298793830914747
12730 386.03509545246998869 -955.12518310546875 -945.99367481383944778 -462.7191879219469115 1809.9298793830914747
12740 388.4234051484939414 -955.07806396484375 -945.89006114707126471 6078.4366810258288751 1809.9298793830914747
12750 406.79904852123189585 -955.6114501953125 -945.98877876373035178 -1634.7222823056538346 1809.9298793830914747
12760 382.50379591273417645 -955.37078857421875 -946.32281178375910713 5405.3512245512947629 1809.9298793830914747
12770 412.96414491583118433 -955.755615234375 -945.98711087332833358 -1350.9418941684482434 1809.9298793830914747
12780 433.14166857550111445 -956.10528564453125 -945.85948990046438212 3824.7858521692614886 1809.9298793830914747
12790 428.6436060322437811 -956.15631103515625 -946.01691519071994207 -715.29018544569441929 1809.9298793830914747
12800 387.77430051005177347 -955.39111328125 -946.21846477829990363 3509.523930373939038 1809.9298793830914747
12810 370.09711570302823702 -955.03173828125 -946.27723662955645523 1419.4325383730044905 1809.9298793830914747
12820 379.93786317902220162 -955.22967529296875 -946.24239463172034448 3515.382782626660628 1809.9298793830914747
12830 405.68502991084523046 -955.66778564453125 -946.07146588485045413 402.12402982727792278 1809.9298793830914747
12840 430.39025440482760132 -955.86846923828125 -945.68775711383648286 3474.2523184558012872 1809.9298793830914747
12850 396.89897614440940288 -955.2596435546875 -945.87115443984714602 -154.1386781929082872 1809.9298793830914747
12860 390.84094280618870698 -955.25799560546875 -946.01280688561996612 6781.3722708940504162 1809.9298793830914747
12870 403.36769504665721797 -955.27117919921875 -945.72967508396016001 35.748610618270348027 1809.9298793830914747
12880 410.92894038136591917 -955.3189697265625 -945.59860732799677407 6389.0057507574292686 1809.9298793830914747
12890 384.86663737582210842 -954.8876953125 -945.78382643692634701 1651.6151241262989515 1809.9298793830914747
12900 400.53216770852276341 -955.3822021484375 -945.90777131668176025 6734.5729948111547856 1809.9298793830914747
12910 410.30328557119707966 -955.55584716796875 -945.85028438776430448 944.1755812280716782 1809.9298793830914747
12920 427.17316346835701779 -956.015380859375 -945.91076775521980835 4659.577005192566503 1809.9298793830914747
12930 401.34556118358801768 -955.49676513671875 -946.0030938023521685 551.38456589497116056 1809.9298793830914747
12940 390.75093061597186761 -955.00341796875 -945.76035845184412665 6269.6651473578231162 1809.9298793830914747
12950 379.0430216424180685 -954.79205322265625 -945.82593968586741084 3386.9187735304412854 1809.9298793830914747
12960 401.52147097770466644 -955.34912109375 -945.85128868241793043 4203.5147456692820924 1809.9298793830914747
12970 385.56798167275047717 -955.10540771484375 -945.98494881588078442 3475.2567350033159528 1809.9298793830914747
12980 391.55034203563184292 -955.49163818359375 -946.2296689040962292 2865.3450497061558053 1809.9298793830914747
12990 374.70388801869921735 -955.126953125 -946.2634800867829199 4681.9648350526858849 1809.9298793830914747
13000 392.88275652502466073 -955.298583984375 -946.005096964389395 3338.5341906312823994 1809.9298793830914747
13010 401.92186960469996393 -955.11492919921875 -945.60762551590801195 2073.6410232602720498 1809.9298793830914747
13020 418.5046336562390934 -955.97259521484375 -946.07303277263110886 4192.6742724087634997 1809.9298793830914747
13030 393.66475782667362182 -955.455810546875 -946.14382559378896076 -1014.7688991313445968 1809.9298793830914747
13040 398.7318823088883164 -955.2796630859375 -945.84781729696078401 8694.1036823381800787 1809.9298793830914747
13050 371.72242405345900806 -955.05816650390625 -946.26521882268525587 -6035.1774852124672179 1809.9298793830914747
13060 420.20544901553353156 -955.99871826171875 -946.05892370139326886 10676.502260829814986 1809.9298793830914747
13070 401.16959717320469281 -955.5015869140625 -946.01207793912590205 -9519.9319567479979014 1809.9298793830914747
13080 437.37371525612002188 -955.767578125 -945.42167498186540797 11456.455977365218132 1809.9298793830914747
13090 394.64924764928031209 -954.69903564453125 -945.3637629720537916 -10682.665728834339461 1809.9298793830914747
13100 438.67931365787256937 -955.61737060546875 -945.24058404584786786 12135.250761750192396 1809.9298793830914747
13110 408.33030838869859735 -954.872314453125 -945.21342167187515315 -10361.142207694498211 1809.9298793830914747
13120 415.5457627170392243 -955.03582763671875 -945.20625612236074176 12472.419347202536301 1809.9298793830914747
13130 353.73762679541511034 -953.87506103515625 -945.50753665668605663 -8081.1339932153841801 1809.9298793830914747
13140 355.8976804110434955 -953.78656005859375 -945.36794046175134554 10190.450754549496196 1809.9298793830914747
13150 371.57017221398092488 -953.5093994140625 -944.72005319019854142 -4082.5576116757470118 1809.9298793830914747
13160 398.28823412218150679 -954.0528564453125 -944.63150497963238195 7500.7185389907099307 1809.9298793830914747
13170 404.75380745630968704 -954.25921630859375 -944.6849242496715533 -4319.8286802299717237 1809.9298793830914747
13180 393.24179770829454128 -953.9390869140625 -944.63710691615676751 5636.2186525653196441 1809.9298793830914747
13190 402.52691110053973489 -953.664306640625 -944.14269093879283901 -967.09387207356780891 1809.9298793830914747
13200 399.45045020550668369 -953.67047119140625 -944.22162796156635522 5352.8611669388101291 1809.9298793830914747
13210 439.8916571471453949 -954.51885986328125 -944.11339579543641776 -2253.0178203503205623 1809.9298793830914747
13220 432.86303675144102954 -954.399658203125 -944.16045338522440034 4393.3222319274000256 1809.9298793830914747
13230 423.31598176352321161 -953.91973876953125 -943.90636578093790376 -1996.9901331504631798 1809.9298793830914747
13240 420.01884900042153959 -953.7962646484375 -943.86088403804899372 4979.4933481845373535 1809.9298793830914747
13250 399.98514880235006785 -953.61688232421875 -944.15539100945568407 -1417.2062725081914323 1809.9298793830914747
13260 416.32907661131469013 -953.77178955078125 -943.92368905446073768 3108.8584573590724176 1809.9298793830914747
13270 425.89322340354783591 -954.054931640625 -943.98059501509123947 -886.49978715580482458 1809.9298793830914747
13280 441.73086032735426443 -954.6429443359375 -944.19397464052690339 2413.0033882785487549 1809.9298793830914747
13290 447.40591699350017052 -954.5068359375 -943.92362500958790861 -233.95017515099792149 1809.9298793830914747
13300 435.19324940508226973 -954.5438232421875 -944.24949816082221332 2650.6397073500461374 1809.9298793830914747
13310 437.23219930806675393 -954.40478515625 -944.06222951718496006 446.12690573985179299 1809.9298793830914747
13320 441.45835740267665415 -954.5882568359375 -944.14573308998978973 6026.7441082904570067 1809.9298793830914747
13330 438.16863956316939266 -954.63623046875 -944.27152370390695069 -27.384505326572380568 1809.9298793830914747
13340 422.18162575084664923 -954.796875 -944.81033475655715392 7089.8155922961268516 1809.9298793830914747
13350 440.94463749942963204 -955.3084716796875 -944.87809977592030464 -1707.1585320850185781 1809.9298793830914747
13360 433.82023041699227406 -955.160888671875 -944.8990418144379646 8559.6117090237112279 1809.9298793830914747
13370 438.50927273719918276 -955.3084716796875 -944.93570737114009717 -2306.8726702316407682 1809.9298793830914747
13380 401.83982795414084421 -955.0032958984375 -945.49793287809018238 9987.3932415609815507 1809.9298793830914747
13390 417.70187012333929033 -955.1947021484375 -945.31412876173624227 -2421.0596696056195469 1809.9298793830914747
13400 373.280692933576006 -954.3883056640625 -945.55849774560658716 12308.23744001446903 1809.9298793830914747
13410 380.6616146753788712 -954.13116455078125 -945.12676383265738878 270.9131769355437882 1809.9298793830914747
13420 389.46925171090566664 -954.0599365234375 -944.84719461673512342 12351.799559199016585 1809.9298793830914747
13430 402.00904448179011297 -954.39910888671875 -944.88974311599065459 758.91637693410552856 1809.9298793830914747
13440 434.87212180137419182 -954.7666015625 -944.47987262824790378 10187.318110523048745 1809.9298793830914747
13450 402.5976964819838031 -954.385498046875 -944.8622079446963653 1869.4352997167325157 1809.9298793830914747
13460 414.61224338063510686 -954.562744140625 -944.75525465886244092 10432.018126428758478 1809.9298793830914747
13470 414.25603824353265736 -954.43487548828125 -944.6358118988825936 3296.3719608489973325 1809.9298793830914747
13480 415.58856981445018164 -954.52020263671875 -944.68961853731457268 7900.8572370179235804 1809.9298793830914747
13490 376.59693833811343211 -954.4246826171875 -945.51643021851373305 6230.3569458369875065 1809.9298793830914747
13500 387.77332920316456466 -954.5999755859375 -945.42735005886959243 4872.4512420648206898 1809.9298793830914747
13510 431.27969650083042552 -955.1268310546875 -944.92507952742619182 6547.1436879182456323 1809.9298793830914747
13520 418.85018728175975866 -955.0238037109375 -945.11606733367636934 2307.8822214035858451 1809.9298793830914747
13530 423.72328390112477337 -955.1339111328125 -945.11090357241334914 8858.1924078663250839 1809.9298793830914747
13540 414.10453873698776306 -954.48577880859375 -944.6902988804126835 1999.449872915320384 1809.9298793830914747
13550 444.29813511115708025 -954.91204833984375 -944.40235076955502791 9193.3273151056710049 1809.9298793830914747
13560 429.36781823133981106 -954.830810546875 -944.67428374782127776 -711.28717889038125577 1809.9298793830914747
13570 430.77919015779161782 -954.7623291015625 -944.57241685491396765 9221.1484412963418436 1809.9298793830914747
13580 416.11766499031267585 -954.50555419921875 -944.66245456160993399 1928.7628494688726732 1809.9298793830914747
13590 431.51964925158847564 -954.8702392578125 -944.66281174264497622 6548.4473986666544079 1809.9298793830914747
13600 440.45042169278019628 -955.25543212890625 -944.83675070558865627 5046.2828560060206655 1809.9298793830914747
13610 423.20167442988292805 -954.9296875 -944.91901840640798582 3270.8898073530517649 1809.9298793830914747
13620 437.04720301981438979 -955.3291015625 -944.9909219378440639 8254.4581888538195926 1809.9298793830914747
13630 424.29603292671680492 -955.46221923828125 -945.42566352503831695 -543.58558546082622343 1809.9298793830914747
13640 443.09876918377034372 -955.41192626953125 -944.93059922834640929 7813.1686242226987815 1809.9298793830914747
13650 412.44772036883250621 -954.96124267578125 -945.2049541341988288 439.72389036105829518 1809.9298793830914747
13660 392.93902410253707558 -954.85107421875 -945.55625621135754955 8546.5944704927787825 1809.9298793830914747
13670 418.44081022925445268 -955.24102783203125 -945.3429751078716663 411.49187703899417556 1809.9298793830914747
13680 425.18577706606282618 -955.43316650390625 -945.37556424313027037 6008.5323614537128378 1809.9298793830914747
13690 431.89336310988772993 -955.73187255859375 -945.51560498915148401 -786.74588059051654909 1809.9298793830914747
13700 427.59592276071953165 -955.5830078125 -945.46839450362494972 5216.9663059049989897 1809.9298793830914747
13710 421.5017585944323173 -955.82232666015625 -945.85186840679443776 -711.47220721377095742 1809.9298793830914747
13720 403.66922015664573564 -955.65972900390625 -946.11109243081045861 3921.2275813156916229 1809.9298793830914747
13730 404.73380157992954764 -955.7052001953125 -946.13138136752445462 24.981140478081176326 1809.9298793830914747
13740 386.14839642524901819 -955.51318359375 -946.37899521218957943 5754.7791481796584776 1809.9298793830914747
13750 399.43535426207290584 -955.99749755859375 -946.54901141735604142 -1595.7940996766333228 1809.9298793830914747
13760 402.67150877876122195 -955.802490234375 -946.27745413135858144 6201.1993698594787929 1809.9298793830914747
13770 398.76169707992687563 -955.84039306640625 -946.40784202075167286 -2222.0268561118027719 1809.9298793830914747
13780 380.29417090956030734 -955.32476806640625 -946.32905908598650058 8922.4144971250334493 1809.9298793830914747
13790 397.11365714330332821 -955.3131103515625 -945.91954304216278615 -4342.5525440899882597 1809.9298793830914747
13800 396.61816471045523258 -955.02960205078125 -945.64775541992162289 8783.9260347854597057 1809.9298793830914747
13810 379.43615705729371257 -954.58416748046875 -945.60875448012598099 -4581.7849501416685598 1809.9298793830914747
13820 355.39829232437432438 -954.3775634765625 -945.97075670841854844 9744.1324802085873671 1809.9298793830914747
13830 375.30235012394842897 -954.8614501953125 -945.98382077146970914 -2999.2939733455905298 1809.9298793830914747
13840 405.02211326600536268 -955.318603515625 -945.73796478834344725 6207.0579251325434598 1809.9298793830914747
13850 415.6599874049719574 -955.1846923828125 -945.35241892840485889 -2118.7304097047149298 1809.9298793830914747
13860 393.43834594633102597 -954.9674072265625 -945.66077795742080525 5350.9815996564329907 1809.9298793830914747
13870 405.71307713086025615 -955.1329345703125 -945.53595136467788507 167.61340936647820854 1809.9298793830914747
13880 389.01861992913831045 -954.6236572265625 -945.42157483735002188 3387.9314135282261304 1809.9298793830914747
13890 391.34230168707352959 -954.848876953125 -945.59182878621595592 2146.022485137986223 1809.9298793830914747
13900 377.18116180752588207 -954.0968017578125 -945.17472978284126839 3550.1260234498604405 1809.9298793830914747
13910 387.12755360530093185 -954.4854736328125 -945.32812367342194193 3360.1168620998068945 1809.9298793830914747
13920 381.14227226904512236 -954.2515869140625 -945.23581642968235883 1483.6075565363580608 1809.9298793830914747
13930 420.14109975316932832 -955.22686767578125 -945.28859527193787926 3991.8059358527179938 1809.9298793830914747
13940 419.63387857188496355 -955.1494140625 -945.22313977612611779 -1953.4840121183356132 1809.9298793830914747
13950 440.96018560413762089 -955.26812744140625 -944.83738775333983995 7001.6291486312529742 1809.9298793830914747
13960 389.34139473258034059 -953.8089599609375 -944.59924246075024712 -4369.3833952633012814 1809.9298793830914747
13970 396.0579086356695484 -953.98980712890625 -944.62121313505451781 9908.3267069849480322 1809.9298793830914747
13980 358.34220372691061129 -953.4622802734375 -944.98583643939264221 -5103.1030616232337707 1809.9298793830914747
13990 373.08306562322684385 -953.71624755859375 -944.89111443640467769 10369.348427184246248 1809.9298793830914747
14000 356.31703105823254418 -953.632568359375 -945.20402918797310576 -2787.3262481830379329 1809.9298793830914747
14010 385.97171299472188366 -953.9361572265625 -944.80614822203244785 7928.385837121599252 1809.9298793830914747
14020 369.48913095957283304 -953.66046142578125 -944.92034141397346048 1892.8183154371606634 1809.9298793830914747
14030 385.75405603479327965 -954.04010009765625 -944.91523968287287971 4168.9829095337408944 1809.9298793830914747
14040 384.85959626863365202 -954.1326904296875 -945.02898810873398361 6267.0932097100276224 1809.9298793830914747
14050 408.58582013358352469 -954.50592041015625 -944.84098359911604348 791.77961072284108468 1809.9298793830914747
14060 398.32815390255922239 -954.34283447265625 -944.9205387202782731 6769.2102429345859491 1809.9298793830914747
14070 393.74683744959679643 -954.57489013671875 -945.26096362244788907 532.12618689285523033 1809.9298793830914747
14080 414.11271466751009029 -954.75048828125 -944.95481495464935051 4940.4533251827224376 1809.9298793830914747
14090 420.10164679285730926 -954.4561767578125 -944.51883759822192133 1350.281556118985236 1809.9298793830914747
14100 394.44512860730259263 -954.13104248046875 -944.80059816361551839 4635.435338515228068 1809.9298793830914747
14110 371.37755297753710693 -953.54052734375 -944.7557374521352358 5232.1906305836973843 1809.9298793830914747
14120 366.17340907965945007 -953.83123779296875 -945.16954987760982476 2646.1447866655016696 1809.9298793830914747
14130 372.03302248760559223 -954.07122802734375 -945.27093326237263682 6037.1335349057308122 1809.9298793830914747
14140 373.94529460594964121 -953.94000244140625 -945.09447363188780855 -270.9623072907503456 1809.9298793830914747
14150 368.01988372124191073 -953.64910888671875 -944.943743340236324 8876.5277051016382757 1809.9298793830914747
14160 381.77636955264472363 -954.01385498046875 -944.98308517434020359 871.91356277952388609 1809.9298793830914747
14170 411.54981952147994662 -954.4696044921875 -944.73455544185662802 4957.7878894857840351 1809.9298793830914747
14180 417.65592700277875338 -954.7247314453125 -944.84524482505105425 1806.2921327361584645 1809.9298793830914747
14190 398.80624369097245108 -954.04046630859375 -944.60686153038250268 2347.0843487075771918 1809.9298793830914747
14200 394.08024148952603127 -954.34375 -945.02193694434743065 6160.5567022408458797 1809.9298793830914747
14210 370.75981726730407217 -953.7652587890625 -944.9950811926158849 -1070.0960496551037977 1809.9298793830914747
14220 385.43729462596598978 -954.0220947265625 -944.90472717827037741 8326.1216162807322689 1809.9298793830914747
14230 385.89987152095926604 -953.704345703125 -944.57603608038971288 -2350.695889527246436 1809.9298793830914747
14240 406.69057221599086915 -954.203857421875 -944.58375195461178464 9691.6224960516483407 1809.9298793830914747
14250 396.99508387180037516 -954.120361328125 -944.7295988228082706 -6458.054719360310628 1809.9298793830914747
14260 405.82546033280459596 -954.14984130859375 -944.55019972253603555 12274.476556949322912 1809.9298793830914747
14270 400.81788040685046326 -953.76263427734375 -944.28144502412703787 -7933.2969666415829124 1809.9298793830914747
14280 384.20369406130129164 -953.65093994140625 -944.56275272909260821 12643.613572298723739 1809.9298793830914747
14290 392.48023177072462886 -953.8304443359375 -944.54647888063539085 -7188.5172432869057957 1809.9298793830914747
14300 405.74618796393878029 -954.19573974609375 -944.59797331673064491 8995.9513512538032955 1809.9298793830914747
14310 436.33955620349905757 -954.71173095703125 -944.39029043938091945 -6085.579481378456876 1809.9298793830914747
14320 404.2987841146546657 -954.3314208984375 -944.76789223762648362 4909.1743062983514392 1809.9298793830914747
14330 395.11942380000687081 -954.05755615234375 -944.71116164801867399 -2062.7628985814649241 1809.9298793830914747
14340 361.04026786922793235 -953.33734130859375 -944.79707582885612283 4609.960386116292284 1809.9298793830914747
14350 374.78553619374611117 -953.2490234375 -944.38361904382793455 908.42868651287994908 1809.9298793830914747
14360 379.50859227970425991 -953.14569091796875 -944.16856449094063919 1338.8571057548306271 1809.9298793830914747
14370 396.91884338649589381 -953.61981201171875 -944.23085294508393872 3390.6581436437072625 1809.9298793830914747
14380 394.78971922115272264 -953.46563720703125 -944.12704173479176006 -679.46715534388090418 1809.9298793830914747
14390 377.38491112236494018 -953.61138916015625 -944.68449757531072919 3094.3119037966562246 1809.9298793830914747
14400 372.13678466107353415 -953.53704833984375 -944.73429912148606036 660.62539493355870945 1809.9298793830914747
14410 384.43366524510594218 -953.4888916015625 -944.39526451138158336 2623.171705803682471 1809.9298793830914747
14420 383.06158818606695604 -953.79241943359375 -944.7312482863801506 3479.7740341611474832 1809.9298793830914747
14430 395.69705218116541801 -954.311279296875 -944.9512212204701882 -579.40677920059306416 1809.9298793830914747
14440 406.76611316283805309 -954.5374755859375 -944.91558322729929387 3697.7973949953516239 1809.9298793830914747
14450 402.39045867882254015 -954.47930908203125 -944.96092110854556267 -516.82170993308807283 1809.9298793830914747
14460 416.10347449864127611 -954.758544921875 -944.91578095476324961 1402.9885188104292411 1809.9298793830914747
14470 420.2697645683190899 -955.01263427734375 -945.07131835792313268 948.09513844188768417 1809.9298793830914747
14480 417.32201576490217576 -955.02557373046875 -945.15398564915687984 -1506.6638799861748339 1809.9298793830914747
14490 429.242870443371487 -954.96429443359375 -944.81072322530178553 5242.7206225756553977 1809.9298793830914747
14500 409.99354596543378193 -954.56671142578125 -944.86847541407951212 -4885.1300931705054609 1809.9298793830914747
14510 414.91082730164742998 -954.53814697265625 -944.72359460572442913 9545.9666807021603745 1809.9298793830914747
14520 412.14212726546224985 -954.265869140625 -944.51680928366261014 -6467.5925623195425942 1809.9298793830914747
14530 417.19431034974149952 -954.47698974609375 -944.60842248612993899 12124.574188808868712 1809.9298793830914747
14540 413.43567708123191551 -954.173095703125 -944.39343743423717115 -6080.3866902165009378 1809.9298793830914747
14550 432.46964649395425795 -954.56134033203125 -944.33144100588617675 11511.475057687675871 1809.9298793830914747
14560 409.90264658801771702 -954.26922607421875 -944.57314025152402337 -4527.3613625218540619 1809.9298793830914747
14570 422.08635124447448561 -954.57110595703125 -944.58681939454936582 9071.6600636727034725 1809.9298793830914747
14580 398.11567100527958019 -954.24188232421875 -944.82461277117135978 -1820.477108857736539 1809.9298793830914747
14590 438.89856411530189462 -954.90972900390625 -944.52775616098233513 6819.7953724508442974 1809.9298793830914747
14600 398.61325851198256487 -954.5408935546875 -945.11185376495234323 -1588.8648400024783314 1809.9298793830914747
14610 424.96959995686364664 -954.61181640625 -944.55932772993401159 6129.7429788522740637 1809.9298793830914747
14620 390.58590664482369448 -953.92535400390625 -944.68619806410674755 458.94621357133951278 1809.9298793830914747
14630 411.06414804684033015 -954.45263671875 -944.72907603605699478 3734.3164469881949117 1809.9298793830914747
14640 405.81857743979628594 -954.258056640625 -944.65857786669323559 1243.6276485091545965 1809.9298793830914747
14650 422.47629640406370299 -954.95172119140625 -944.95821062960408199 1897.7983595974410491 1809.9298793830914747
14660 406.34152377321146332 -954.76129150390625 -945.14944264021858089 1356.0337330101338011 1809.9298793830914747
14670 441.78023571924245516 -955.371337890625 -944.92120023974678134 -1140.2514145801528684 1809.9298793830914747
14680 428.35452825708301816 -954.90594482421875 -944.77338700081190836 2433.0788187159923837 1809.9298793830914747
14690 451.30212281233525573 -954.8470458984375 -944.17167175490146747 -1955.7624512853556098 1809.9298793830914747
14700 432.69353159788607854 -954.1495361328125 -943.91434089262486395 2949.5196899988031873 1809.9298793830914747
14710 439.16871982734591029 -954.4449462890625 -944.056583019067034 -1599.2173006828666075 1809.9298793830914747
14720 416.33040213133284624 -954.12646484375 -944.27833299277494916 3214.5924393227933251 1809.9298793830914747
14730 439.57147798642830594 -954.71063232421875 -944.31274196844140079 -1151.4116893432969846 1809.9298793830914747
14740 420.039265890661909 -954.19598388671875 -944.26012032282494602 3471.3148601444809174 1809.9298793830914747
14750 447.32094962703729379 -954.43560791015625 -943.85440685186608789 -2624.7598830180268124 1809.9298793830914747
14760 446.69505779664382317 -954.2137451171875 -943.64734928387883883 4663.8574344033313537 1809.9298793830914747
14770 433.2385080136458555 -954.44097900390625 -944.19289256103297703 -1769.5300054458543855 1809.9298793830914747
14780 423.1768234553505863 -954.46185302734375 -944.45177177377627231 3748.9404078522929922 1809.9298793830914747
14790 428.58347643291205031 -954.76568603515625 -944.6277125327333124 -2275.3367758528884224 1809.9298793830914747
14800 443.01024189813210796 -955.22418212890625 -944.74494916583080339 2600.8379771961167535 1809.9298793830914747
14810 432.72823736319605814 -955.05078125 -944.81476505858950077 -2896.6301535084026 1809.9298793830914747
14820 418.95652625440089878 -954.8338623046875 -944.92361052086926065 2834.853141010402851 1809.9298793830914747
14830 396.88229929632518633 -954.65521240234375 -945.26711777178309148 -1858.1333612999108027 1809.9298793830914747
14840 407.21698058518501284 -954.97442626953125 -945.34186881941798219 2123.1025723833754455 1809.9298793830914747
14850 426.52780821429757907 -955.06243896484375 -944.97309148529859613 -602.8976045905266119 1809.9298793830914747
14860 413.44881058662878104 -955.26751708984375 -945.48754815305335342 1708.0761042039637232 1809.9298793830914747
14870 418.65443242643425492 -955.31689453125 -945.41378865806893828 605.74976571733236597 1809.9298793830914747
14880 406.02325648150451798 -955.38238525390625 -945.77806487777684197 -1382.3432166787915776 1809.9298793830914747
14890 385.51519995266420437 -955.21417236328125 -946.09496199513910142 4851.1398939879391037 1809.9298793830914747
14900 401.2938872756164983 -955.68621826171875 -946.1937692533133486 -4700.7324934520966053 1809.9298793830914747
14910 402.19893433101060509 -955.44091796875 -945.92706042835368407 8017.3817983906938025 1809.9298793830914747
14920 413.65403137915643583 -955.582275390625 -945.79745203673451215 -7839.0320630231535688 1809.9298793830914747
14930 396.54366454176630441 -955.4556884765625 -946.07560411787994781 10994.89745456368837 1809.9298793830914747
14940 415.38263828219703555 -955.8994140625 -946.07370119246445483 -8399.4750050251223001 1809.9298793830914747
14950 412.13024625811095802 -956.01568603515625 -946.26690721874797418 9936.3288569496999116 1809.9298793830914747
14960 429.26492280105111377 -956.1844482421875 -946.03035539405152576 -6610.0963798878019588 1809.9298793830914747
14970 426.71729150155124444 -955.7147216796875 -945.62089204753738159 7745.7284231555704537 1809.9298793830914747
14980 427.20595100875254957 -955.3560791015625 -945.25069042103996253 185.07970666361777035 1809.9298793830914747
14990 423.50261511082629795 -954.9661865234375 -944.94839879644734992 3355.6664263597754143 1809.9298793830914747
15000 449.89591357193739896 -955.197509765625 -944.55539894837647807 5782.3773990383479031 1809.9298793830914747
15010 453.64593920639123326 -955.00128173828125 -944.27046554015350921 -2115.7844914250958936 1809.9298793830914747
15020 472.41430798923113343 -955.5841064453125 -944.40933186832296542 10214.836342961409173 1809.9298793830914747
15030 398.4826136105039609 -954.1700439453125 -944.74409450931761967 -2981.5676318395303497 1809.9298793830914747
15040 415.10497305292722103 -954.76812744140625 -944.94898263311745268 12886.654345506241953 1809.9298793830914747
15050 382.36439195961634141 -953.9813232421875 -944.93664399738827342 -3587.9172782764981093 1809.9298793830914747
15060 423.04379301536306457 -954.88775634765625 -944.88082187680390689 12352.638425899094727 1809.9298793830914747
15070 391.38508643729005598 -954.2005615234375 -944.94250130009640998 -4107.5054612178892057 1809.9298793830914747
15080 398.63833452394800361 -954.8707275390625 -945.44109458613081642 9630.7825552615104243 1809.9298793830914747
15090 389.46118645181167039 -954.436767578125 -945.22421645195311157 -2063.9650228069417608 1809.9298793830914747
15100 422.55958873971849243 -955.1387939453125 -945.14331313608306573 8520.728938866439421 1809.9298793830914747
15110 411.88290802124089396 -954.94598388671875 -945.20305575898464667 -3143.5511628131553152 1809.9298793830914747
15120 417.04076164294320961 -954.9144287109375 -945.04949358521696468 7294.3236569915206928 1809.9298793830914747
15130 391.67555506085574279 -954.14166259765625 -944.87673145331393698 -2590.7431679262936086 1809.9298793830914747
15140 438.10607870326822422 -954.969482421875 -944.60625550955739982 9265.0482201257163979 1809.9298793830914747
15150 403.93543373658985729 -954.35064697265625 -944.79571322207266348 -5903.5477912235874101 1809.9298793830914747
15160 446.37859414321201257 -955.22601318359375 -944.66710317348963599 12461.465679162658489 1809.9298793830914747
15170 404.16977723633277719 -954.8984375 -945.33796044613598042 -7864.3628427294961512 1809.9298793830914747
15180 434.70627907954815328 -955.6048583984375 -945.32205240851692452 12820.105961583803946 1809.9298793830914747
15190 414.71236593742378318 -954.88726806640625 -945.07741022495758898 -8571.956638488720273 1809.9298793830914747
15200 425.30604501844379683 -955.2188720703125 -945.15842491844421147 13629.598616094004683 1809.9298793830914747
15210 387.93396269567199397 -954.352783203125 -945.17635795399553444 -4062.6702022948456943 1809.9298793830914747
15220 404.59338101524554077 -954.77703857421875 -945.20654133963773802 13338.841387624213894 1809.9298793830914747
15230 394.79104881382471604 -954.22357177734375 -944.88494485411274582 -1782.5110454171467609 1809.9298793830914747
15240 422.19723351205539075 -954.5941162109375 -944.60720677204426465 10193.872373840644286 1809.9298793830914747
15250 409.05941748018125281 -953.9356689453125 -944.25952937538249898 1567.5254394645849061 1809.9298793830914747
15260 425.93226979557158529 -954.2113037109375 -944.13604345836381526 9369.4659119600091799 1809.9298793830914747
15270 404.2641299313467016 -954.25726318359375 -944.69455425385365288 2187.2997033531255511 1809.9298793830914747
15280 452.60006092041078318 -955.22930908203125 -944.52323272324190384 7871.0619266575358779 1809.9298793830914747
15290 429.01367010875719643 -954.7459716796875 -944.5978221151285652 791.93806616418748945 1809.9298793830914747
15300 420.98538637487467895 -954.8941650390625 -944.93592136737993314 8651.4159224167287903 1809.9298793830914747
15310 388.08360594704993218 -954.37860107421875 -945.19863607285731177 -265.21719257269631953 1809.9298793830914747
15320 413.6942557915793941 -955.0927734375 -945.3069985909605748 7718.1892926680475284 1809.9298793830914747
15330 388.97152760961643025 -954.77008056640625 -945.56911212748286744 606.40207718168016982 1809.9298793830914747
15340 395.90554186668032344 -954.99725341796875 -945.63226360008650317 7267.0673800123813635 1809.9298793830914747
15350 384.53637146956180004 -954.59283447265625 -945.4967779071471341 2066.7428808864697203 1809.9298793830914747
15360 393.25116942272336473 -954.990234375 -945.68803269287684543 5087.6822232207241541 1809.9298793830914747
15370 387.10240664714541481 -955.22149658203125 -946.0647414640415036 2038.447003824017429 1809.9298793830914747
15380 401.40428839925846205 -955.728271484375 -946.23321098082885783 2331.0061536505368167 1809.9298793830914747
15390 391.83627228792585129 -955.475830078125 -946.2070972310129946 1671.2131833162795829 1809.9298793830914747
15400 389.16402821156680147 -955.4976806640625 -946.29215869914219184 1579.605921550250514 1809.9298793830914747
15410 391.98405224210813458 -955.53240966796875 -946.2601811441868449 3510.6664062508029929 1809.9298793830914747
15420 392.19417718412580598 -955.56317138671875 -946.28597244011018574 -858.71269559802317417 1809.9298793830914747
15430 382.04393094880111903 -955.493408203125 -946.45630933744644153 5650.1429957303535048 1809.9298793830914747
15440 380.84764830868141416 -955.28814697265625 -946.27934570213437837 -1898.3411101515223436 1809.9298793830914747
15450 389.91263614335230159 -955.4742431640625 -946.25101317306689452 7432.7636166273177878 1809.9298793830914747
15460 386.13288439865158352 -955.26513671875 -946.13131526807524097 -2139.7123228409282092 1809.9298793830914747
15470 400.61131598329200187 -955.4588623046875 -945.98255925163414304 7928.5595344247249159 1809.9298793830914747
15480 414.99791537594899182 -955.6231689453125 -945.80655654424924705 -3247.3328112410627 1809.9298793830914747
15490 427.72272071008654848 -955.66705322265625 -945.54944055817941262 6397.7486880986007236 1809.9298793830914747
15500 414.12556283829587755 -955.238525390625 -945.4425481455997442 -987.60419019229038895 1809.9298793830914747
15510 426.45333741287981866 -955.300048828125 -945.21246292608577733 5059.2248907730681822 1809.9298793830914747
15520 408.31643320668808883 -955.21234130859375 -945.55377673931491245 -383.143121441518133 1809.9298793830914747
15530 396.39626102986136402 -954.87396240234375 -945.49736481573722813 3519.6225336453526324 1809.9298793830914747
15540 419.1630670844162978 -954.9835205078125 -945.06838308192686782 2377.2689959618214743 1809.9298793830914747
15550 405.3744870931311084 -954.96527099609375 -945.37629700457830495 1168.0092225003782005 1809.9298793830914747
15560 409.1842990454183564 -954.7254638671875 -945.04637027296837459 3803.8736478586470184 1809.9298793830914747
15570 390.31119967019719752 -954.15093994140625 -944.91828208700394498 899.77411489307041847 1809.9298793830914747
15580 409.62276590941121412 -954.37408447265625 -944.68461911729070835 6721.6883158892633219 1809.9298793830914747
15590 439.26939521480068152 -954.75537109375 -944.36462638707644146 -1425.3140713642380888 1809.9298793830914747
15600 445.06754629544286672 -954.8109130859375 -944.2830153968209288 7248.0009248667911379 1809.9298793830914747
15610 438.37735915725983205 -954.63665771484375 -944.2670137701263684 -2778.7497411138874668 1809.9298793830914747
15620 414.67785655697724678 -954.14495849609375 -944.33591696046130437 8086.3952457116156438 1809.9298793830914747
15630 410.90136646704479517 -954.4827880859375 -944.76307793746570951 -2323.4933622967419069 1809.9298793830914747
15640 427.68434965971272277 -954.4755859375 -944.35888092512209369 7219.4772147202875203 1809.9298793830914747
15650 440.82929839469795752 -954.83770751953125 -944.41006391690461896 -2594.8116784189746795 1809.9298793830914747
15660 433.3044237588796932 -954.60101318359375 -944.35136752970254292 7003.9657107657321831 1809.9298793830914747
15670 443.63665356445875432 -954.69427490234375 -944.2002244177723469 -2677.4099473258352191 1809.9298793830914747
15680 437.82345741263975469 -954.5770263671875 -944.22048475029816927 9040.3786759479044122 1809.9298793830914747
15690 433.22470525916958195 -954.39276123046875 -944.14500128632175802 -1311.5265102212517832 1809.9298793830914747
15700 436.07142864170418761 -954.4918212890625 -944.17672322338762569 6079.756190800544573 1809.9298793830914747
15710 448.48181778544790177 -954.751220703125 -944.142559765308647 975.12682491584610034 1809.9298793830914747
15720 445.28859996025181545 -954.44195556640625 -943.90882893982552559 2189.8932221718578148 1809.9298793830914747
15730 438.48204030766703454 -954.42529296875 -944.05317283260808381 4443.2722777463004604 1809.9298793830914747
15740 436.07450194807518074 -954.31298828125 -943.99781751772218286 1040.8967711952684567 1809.9298793830914747
15750 440.01271191229056967 -954.49127197265625 -944.08294440197266795 5289.6693565201549063 1809.9298793830914747
15760 432.48097204881355538 -954.6405029296875 -944.41033570199851965 -110.03101633134595261 1809.9298793830914747
15770 433.26857125309277308 -954.81103515625 -944.56223757927648421 7785.6974041893226968 1809.9298793830914747
15780 445.21884977911457781 -955.16107177734375 -944.62959506385357145 -2002.1066541047357532 1809.9298793830914747
15790 420.44153433347207738 -954.8643798828125 -944.91900081718256388 8154.3953828838666595 1809.9298793830914747
15800 422.92637837289379377 -954.7027587890625 -944.69860171537914084 -1643.5379432647139311 1809.9298793830914747
15810 396.74200843116494752 -954.09515380859375 -944.71037770324892335 12089.421123903708576 1809.9298793830914747
15820 404.19929668408042289 -953.85589599609375 -944.29472067130814139 -934.11037781417655879 1809.9298793830914747
15830 413.57767748683068021 -953.79583740234375 -944.01282016973368627 11123.936665177332543 1809.9298793830914747
15840 442.09582412108170502 -954.450439453125 -943.99283668277428205 -115.86401807933042107 1809.9298793830914747
15850 450.21751010135784554 -954.65264892578125 -944.00293086916622087 7873.6186092609123079 1809.9298793830914747
15860 447.97895151859182761 -954.88580322265625 -944.28903738852216065 2535.7812558608961808 1809.9298793830914747
15870 405.86529751516650322 -954.60650634765625 -945.00592242872426141 4273.9636461876716567 1809.9298793830914747
15880 401.92891195877450627 -954.1253662109375 -944.61789594351205324 6410.3150260325692216 1809.9298793830914747
15890 396.27640704858515619 -953.74957275390625 -944.3758102660684699 2550.2234022372963409 1809.9298793830914747
15900 366.43887709574607925 -953.53558349609375 -944.86761603926663611 10468.190575999480643 1809.9298793830914747
15910 369.83554495799296546 -953.9029541015625 -945.15463980292383894 992.66664316785499977 1809.9298793830914747
15920 386.81461918403681466 -954.10540771484375 -944.95546009605948257 11743.656783675834959 1809.9298793830914747
15930 404.23544507005664173 -954.5147705078125 -944.95274010717969304 -1322.8614131028468819 1809.9298793830914747
15940 414.17604653531066106 -954.54986572265625 -944.75269430564162576 10568.613820313457836 1809.9298793830914747
15950 415.61697062383717594 -954.80963134765625 -944.97837543828075013 -1250.6519805753191577 1809.9298793830914747
15960 398.93077427612445263 -954.8743896484375 -945.4378391482329107 8352.6075164814737946 1809.9298793830914747
15970 389.5273434899578433 -954.98138427734375 -945.76726823246497133 1166.4710522165091788 1809.9298793830914747
15980 384.45014967391512073 -955.02728271484375 -945.93326569198541165 5687.0109084742662162 1809.9298793830914747
15990 395.24001271289586157 -955.36279296875 -946.01354598113800876 2191.2104509142145616 1809.9298793830914747
16000 409.70933323516118207 -955.12078857421875 -945.42927550282377069 5026.5434257325359795 1809.9298793830914747
16010 404.44959577901477132 -955.197998046875 -945.63090199548264536 1338.9116914931314568 1809.9298793830914747
16020 398.85458097883071105 -954.72314453125 -945.2883963535134626 7165.4950939344626022 1809.9298793830914747
16030 398.46693063315314021 -954.65594482421875 -945.23036636288236423 2299.3390098026479791 1809.9298793830914747
16040 395.79028848827266529 -954.625732421875 -945.26346887731074276 10301.379993696074962 1809.9298793830914747
16050 414.34129219221375706 -955.01080322265625 -945.20972298464596406 510.6821896099442597 1809.9298793830914747
16060 423.33732145817481296 -955.345703125 -945.33182535432604254 9725.3559675404485461 1809.9298793830914747
16070 410.59017319351977449 -954.9615478515625 -945.2491988575322921 1581.8225454966909638 1809.9298793830914747
16080 388.49432943012538999 -954.48138427734375 -945.29170377359548638 8839.4058925872195687 1809.9298793830914747
16090 392.11802352703796259 -954.8402099609375 -945.56481239912352521 4254.4981523053802448 1809.9298793830914747
16100 385.35165569009279807 -955.11126708984375 -945.99592529688379727 3754.4661195219523506 1809.9298793830914747
16110 413.85004486414555913 -955.5830078125 -945.79354783674648388 7364.6213344130810583 1809.9298793830914747
16120 422.35847804953345985 -955.57269287109375 -945.58196925611059669 -1027.7116352552811804 1809.9298793830914747
16130 432.03130144941496837 -955.4061279296875 -945.18659748309755742 9460.5959713409920369 1809.9298793830914747
16140 416.04739903332091444 -955.1572265625 -945.31578903845661443 -1685.8968851685576738 1809.9298793830914747
16150 407.02371290231712919 -955.36944580078125 -945.74146002166207836 8288.2365954294764379 1809.9298793830914747
16160 407.10302244585517428 -955.54217529296875 -945.91231347780274064 -1040.9323791298031665 1809.9298793830914747
16170 387.80442873761410283 -955.0460205078125 -945.87265933349374336 7615.3252464231763952 1809.9298793830914747
16180 393.81310942310921064 -955.39764404296875 -946.08214989124019212 1531.3553385581121802 1809.9298793830914747
16190 377.90696254245693808 -955.43231201171875 -946.49307150593995175 3684.6766464477937006 1809.9298793830914747
16200 397.79384109682376902 -955.55096435546875 -946.14130756227712027 2935.4097335675742215 1809.9298793830914747
16210 387.47384840697998243 -954.982666015625 -945.81712458895560758 2422.6786531287725666 1809.9298793830914747
16220 382.99745287583039044 -954.93243408203125 -945.87278003034623453 3431.704400802564578 1809.9298793830914747
16230 381.17416310804156865 -954.90478515625 -945.88826030662141875 3485.186714182968899 1809.9298793830914747
16240 392.26291779641240964 -955.142822265625 -945.86399728687979405 2537.2966626043853466 1809.9298793830914747
16250 396.4221684480063459 -955.4659423828125 -946.08873196642343828 5176.8027731596293961 1809.9298793830914747
16260 393.86392153277239458 -955.37664794921875 -946.05995185702886374 613.24563144941566861 1809.9298793830914747
16270 375.5155289854206444 -955.061279296875 -946.17860721094245946 6610.2953748415211521 1809.9298793830914747
16280 375.11528848672310232 -954.77459716796875 -945.90139261355227518 2178.9562051163175056 1809.9298793830914747
16290 388.35838324386270415 -955.1356201171875 -945.94915536698522374 5648.0304993695563098 1809.9298793830914747
16300 408.75145279972008439 -955.42938232421875 -945.76052753763178771 2625.4739734368026802 1809.9298793830914747
16310 401.41931943518687831 -955.3704833984375 -945.87506734165071975 1911.7676170334952985 1809.9298793830914747
16320 391.81342971406940023 -955.1669921875 -945.89879967248475623 6464.2622651329656946 1809.9298793830914747
16330 413.77005706832676424 -955.417724609375 -945.63015671345920055 -734.98177659764974123 1809.9298793830914747
16340 430.93110094942005617 -955.838134765625 -945.64462912897215574 8289.8354100647866289 1809.9298793830914747
16350 420.18506670239173673 -955.83551025390625 -945.89619782917839075 -2973.6501796294705855 1809.9298793830914747
16360 422.70852693500222585 -955.8123779296875 -945.81337404605062602 9767.3478397564867919 1809.9298793830914747
16370 412.10413535945218655 -955.4874267578125 -945.73926558443827162 -1111.0293115717161072 1809.9298793830914747
16380 382.53029162487234771 -954.73199462890625 -945.68339109280111643 10742.813685991728562 1809.9298793830914747
16390 377.34656075743464498 -954.531494140625 -945.60550971857242075 688.1839405234284186 1809.9298793830914747
16400 400.86191572383933135 -955.1136474609375 -945.63141656962375237 9856.7360787197485479 1809.9298793830914747
16410 415.66408073638245924 -955.6705322265625 -945.83816194601092775 353.83381990445724341 1809.9298793830914747
16420 408.93630169584946543 -955.40435791015625 -945.73113059566287575 9946.7230135328009055 1809.9298793830914747
16430 353.71390920419446502 -954.681396484375 -946.3144331361930881 843.10887355618922356 1809.9298793830914747
16440 343.70087868171333412 -954.7918701171875 -946.66176106623777287 12703.27856149143372 1809.9298793830914747
16450 348.36481269482067091 -954.81390380859375 -946.57347123365877906 -1750.9440463263042602 1809.9298793830914747
16460 397.54426936916559043 -955.51422119140625 -946.11046791923456567 12373.652651402815536 1809.9298793830914747
16470 384.94391505661934616 -955.5638427734375 -946.45814592473072935 -1776.6955239453886861 1809.9298793830914747
16480 394.91335854246767667 -955.783203125 -946.44168301326249093 8845.5562500593332516 1809.9298793830914747
16490 386.90830855013484779 -955.40216064453125 -946.24999684065539896 -373.01753357477389272 1809.9298793830914747
16500 397.8960002977933641 -955.5283203125 -946.11624698360549246 6175.7815479931641676 1809.9298793830914747
16510 395.26885192042766448 -955.69140625 -946.34147708228113061 2061.0631117100083429 1809.9298793830914747
16520 403.27783904567542095 -955.7568359375 -946.21745733058946826 1791.2777229402738612 1809.9298793830914747
16530 397.33721264422285913 -955.7142333984375 -946.31537797162479819 5418.0607771228969796 1809.9298793830914747
16540 413.33949491014055866 -955.6912841796875 -945.91390106221251699 -1187.9594982999115018 1809.9298793830914747
16550 434.48932623617315585 -956.16241455078125 -945.88474049500734964 8904.6283666163581074 1809.9298793830914747
16560 410.96443397139904619 -955.7559814453125 -946.03477945984002417 -3771.0948889723454158 1809.9298793830914747
16570 387.55697731283311214 -954.95013427734375 -945.7826264691148026 12491.192325927058846 1809.9298793830914747
16580 361.60281841015415694 -954.4840087890625 -945.93043639762322528 -512.2570649626178465 1809.9298793830914747
16590 340.67819574180953168 -954.532470703125 -946.4738620277987593 13165.192720018327236 1809.9298793830914747
16600 354.35753131239312097 -954.82537841796875 -946.44319044206019953 2449.0932398463305617 1809.9298793830914747
16610 365.65496101732605894 -955.16925048828125 -946.51982625784569336 5983.1240326869919954 1809.9298793830914747
16620 387.58803802671008043 -955.37451171875 -946.20626918155551266 6304.833924035837299 1809.9298793830914747
16630 399.07314121377282845 -956.08099365234375 -946.64107551824542952 115.63791419672324423 1809.9298793830914747
16640 425.33572813936945067 -956.38592529296875 -946.32477599855428707 7772.817916483877525 1809.9298793830914747
16650 393.89733202862458938 -956.04339599609375 -946.7259095917703462 -3295.8955322227211582 1809.9298793830914747
16660 384.60473238046512279 -955.9332275390625 -946.83555392310358911 10039.839106450708641 1809.9298793830914747
16670 364.95570119694923505 -955.49560546875 -946.86272195423111953 -4271.4696645974072453 1809.9298793830914747
16680 372.21056448793694926 -955.5244140625 -946.71991961136757254 10463.956840742852364 1809.9298793830914747
16690 352.51897214050234197 -955.42950439453125 -947.09080681242505761 -4623.2940248032045929 1809.9298793830914747
16700 373.75823400938878649 -955.92681884765625 -947.08571488294774099 9385.4030316365442559 1809.9298793830914747
16710 369.62684629375911527 -955.7861328125 -947.04275519864825128 -4966.7798324863351809 1809.9298793830914747
16720 387.36840803194922955 -956.40789794921875 -947.24485067313366926 7216.7138865159340639 1809.9298793830914747
16730 376.57746631254866543 -956.26751708984375 -947.35972529427317568 -4721.2985016907023237 1809.9298793830914747
16740 388.67126007666104215 -956.7232666015625 -947.52940087298645722 4554.9954566447740945 1809.9298793830914747
16750 359.33691828422598746 -956.64849853515625 -948.1485251196434092 -2007.4084691667344487 1809.9298793830914747
16760 356.8495152979749605 -956.66156005859375 -948.220425182014651 1494.5809497031684714 1809.9298793830914747
16770 347.28927114380320518 -956.22528076171875 -948.01028969898516152 1284.0225998418800373 1809.9298793830914747
16780 361.14761832223979354 -956.09539794921875 -947.55259313675378507 -709.93259091359504964 1809.9298793830914747
16790 356.43845033494136487 -956.0078125 -947.57640120338180623 4276.0303472243076612 1809.9298793830914747
16800 378.97186685335020684 -956.48321533203125 -947.51878493378080748 -2586.6413065918559369 1809.9298793830914747
16810 403.2342552938382596 -956.5594482421875 -947.02110059177800849 4079.144446453331966 1809.9298793830914747
16820 405.54509485023601201 -956.5411376953125 -946.94812804443085952 -3883.0414021973379022 1809.9298793830914747
16830 391.85608252300943377 -956.09771728515625 -946.82851583472802304 3051.3185261255202931 1809.9298793830914747
16840 396.02537865394322125 -956.38092041015625 -947.01309590022287921 -689.02477320466618949 1809.9298793830914747
16850 375.8476954316785168 -956.304931640625 -947.41440228810211011 -249.75148411894758738 1809.9298793830914747
16860 395.39022283636819566 -956.5859375 -947.23313735101976363 995.33087729651185782 1809.9298793830914747
16870 384.1324390636061139 -955.6343994140625 -946.54789771068305981 -3076.4373052590890438 1809.9298793830914747
16880 397.11238177087847134 -955.57763671875 -946.18409957778317221 5770.4185716286010575 1809.9298793830914747
16890 396.85421324329558956 -955.5596923828125 -946.1722621167853049 -3626.7889807737383308 1809.9298793830914747
16900 423.17804109312635319 -956.16815185546875 -946.15804179915880923 4143.0722578917548162 1809.9298793830914747
16910 392.49129998151960308 -955.64306640625 -946.3588391367765098 -2375.1373549496938722 1809.9298793830914747
16920 392.7069900254890058 -955.6363525390625 -946.34702320646533735 1240.6525181192018863 1809.9298793830914747
16930 405.52544026377807995 -955.63433837890625 -946.04179364953392906 2269.1911694116802209 1809.9298793830914747
16940 410.34287671961345723 -955.77337646484375 -946.06687717160127704 -3802.8730112594389539 1809.9298793830914747
16950 421.35992804175310766 -955.86907958984375 -945.90197628240014183 7631.8386015865416994 1809.9298793830914747
16960 412.48874893338859238 -955.67718505859375 -945.91992600245998801 -7821.9406864575903455 1809.9298793830914747
16970 434.22716499266988421 -956.22784423828125 -945.95637150357106293 9324.8623736243262101 1809.9298793830914747
16980 417.00346178239476558 -955.81640625 -945.95235343780450421 -10778.152708866771718 1809.9298793830914747
16990 403.29347081004061693 -955.7589111328125 -946.21916276266642853 9696.0880538555466046 1809.9298793830914747
17000 382.38711948828284903 -955.56903076171875 -946.52381390617142642 -9353.7550014520838886 1809.9298793830914747
17010 395.43338985788329865 -956.31591796875 -946.96209672086047249 7715.4275123630031885 1809.9298793830914747
17020 407.09722348183578333 -956.48126220703125 -946.85153756407748915 -6789.9567792971956806 1809.9298793830914747
17030 406.93736371352713377 -956.13897705078125 -946.51303382774756301 4194.6167654804330596 1809.9298793830914747
17040 401.99363058608145138 -956.0069580078125 -946.49795684672255902 -1195.8846997768916935 1809.9298793830914747
17050 394.81340829999999187 -955.7142333984375 -946.37507757035871236 1503.6177046268128379 1809.9298793830914747
17060 386.93326193899696364 -955.359130859375 -946.20637679290393862 2884.5378306598017843 1809.9298793830914747
17070 392.29094680504124426 -954.8671875 -945.58769950608416366 -307.40575338555544249 1809.9298793830914747
17080 403.22550187381222031 -955.19281005859375 -945.65466946689082306 3894.0276224369631564 1809.9298793830914747
17090 409.65897629985806816 -955.5435791015625 -945.85325720365847246 -2445.9240247790639842 1809.9298793830914747
17100 408.72838531734043954 -955.491455078125 -945.82314594375748129 2131.2167240310136549 1809.9298793830914747
17110 389.47515245286484742 -955.0054931640625 -945.7926116776308163 -1313.8811224231931192 1809.9298793830914747
17120 389.27806122885499462 -955.1573486328125 -945.94912926173628875 2062.6434709455602388 1809.9298793830914747
17130 369.75654590603085126 -955.0203857421875 -946.27394013503965198 1861.3370064022637962 1809.9298793830914747
17140 371.18885672232158868 -955.17730712890625 -946.39698077296327483 857.95215088503869083 1809.9298793830914747
17150 400.42891698010259915 -955.719970703125 -946.24798222672450265 3356.7886610292976002 1809.9298793830914747
17160 403.31067529062238464 -955.765380859375 -946.22522552401017037 -465.19075299852255512 1809.9298793830914747
17170 393.12716051813339391 -955.65289306640625 -946.35362476612806404 4470.8424094558140496 1809.9298793830914747
17180 356.33624192648284179 -954.78594970703125 -946.35695611009975892 -1469.1915675206259948 1809.9298793830914747
17190 359.48162269204448194 -954.620849609375 -946.11745326803134049 8090.15817506748499 1809.9298793830914747
17200 357.92758674376221961 -954.3177490234375 -945.85111279099169224 -3172.7306262280317242 1809.9298793830914747
17210 379.08421132701931811 -954.98486328125 -946.01777541867852506 9116.3311698834404524 1809.9298793830914747
17220 405.31360510906824857 -955.32452392578125 -945.73699007364382396 -4626.3175556450833028 1809.9298793830914747
17230 414.52577108759129487 -955.71710205078125 -945.91165803708679505 9059.8936516049125203 1809.9298793830914747
17240 386.19185610558736244 -955.2109375 -946.07572109680097583 -4822.3845003811520655 1809.9298793830914747
17250 387.20921909240536252 -955.5948486328125 -946.43556690845707635 9606.4430631177583564 1809.9298793830914747
17260 371.29607920257092246 -955.55755615234375 -946.77469349081877681 -4893.2299878397361681 1809.9298793830914747
17270 363.62476222773068457 -955.6141357421875 -947.01273506530765189 9457.6901188970150542 1809.9298793830914747
17280 349.02919622252198906 -955.10992431640625 -946.85377601053517083 -2081.770910311071475 1809.9298793830914747
17290 374.36653395718343518 -955.59210205078125 -946.73660899015237646 6325.4353232432667937 1809.9298793830914747
17300 403.31339818521087182 -956.52423095703125 -946.98401121266624614 -1071.3011739732464775 1809.9298793830914747
17310 398.76201037434287855 -956.7879638671875 -947.35540541067678078 1096.7002521610138501 1809.9298793830914747
17320 373.0089170550511426 -956.517333984375 -947.69395481739127263 3157.7210214752444699 1809.9298793830914747
17330 357.22504592529276124 -956.13140869140625 -947.68139078559613608 -1895.4239970280289072 1809.9298793830914747
17340 362.91178322433103176 -956.5191650390625 -947.93462959997577855 6399.0825429932610859 1809.9298793830914747
17350 364.40694003986226335 -956.6795654296875 -948.05966264442122338 -4412.3017590667122931 1809.9298793830914747
17360 362.64787126547065554 -956.619873046875 -948.04158034133490673 8157.9371403383802317 1809.9298793830914747
17370 347.89323908208524472 -956.228759765625 -947.99948207895158703 -3596.1232492819463005 1809.9298793830914747
17380 357.48998951853479866 -955.79571533203125 -947.33943028976898404 7147.9463139995577876 1809.9298793830914747
17390 355.83969300188942952 -955.8917236328125 -947.474475705317559 2582.2603572068378526 1809.9298793830914747
17400 353.19196783298781384 -955.66217041015625 -947.30755337974449048 2562.4396516531378438 1809.9298793830914747
17410 361.80696036931499293 -955.7999267578125 -947.24152546865207114 6720.3600220779862866 1809.9298793830914747
17420 346.36367443743296235 -955.44189453125 -947.24879809441563339 -1051.4514417054660953 1809.9298793830914747
17430 388.61146979552523817 -956.26605224609375 -947.07360083309254151 8116.9531408646844284 1809.9298793830914747
17440 366.34029903944860962 -955.73541259765625 -947.0697769659639107 -1172.1396208676796959 1809.9298793830914747
17450 377.06524473915061435 -955.91204833984375 -946.99271833751561189 8573.5051228506854386 1809.9298793830914747
17460 360.62120906754847738 -955.17974853515625 -946.64939572648745525 544.86507624956277596 1809.9298793830914747
17470 387.78270119707485719 -955.805419921875 -946.63257270397866705 7169.2288443511906735 1809.9298793830914747
17480 393.68358430881755794 -955.74554443359375 -946.43311414748018251 1510.4452180461030366 1809.9298793830914747
17490 403.56041940322529626 -955.7657470703125 -946.2196841362296027 3785.7959462427056678 1809.9298793830914747
17500 362.17236336621044757 -954.80712890625 -946.2400841529712352 4024.2897893810595633 1809.9298793830914747
17510 383.51451923745793238 -954.9710693359375 -945.89918428291571217 4091.6978059009547906 1809.9298793830914747
17520 392.63225589591405651 -955.05108642578125 -945.76352489961391257 6594.8681902135249402 1809.9298793830914747
17530 399.723713981878916 -955.29803466796875 -945.84272749101853606 1451.0886526963672623 1809.9298793830914747
17540 383.84063037736757451 -955.380859375 -946.30126029127700349 6923.9746807863866707 1809.9298793830914747
17550 391.34281451894338488 -955.30194091796875 -946.04488062022369377 369.41647031136187707 1809.9298793830914747
17560 380.323705064537819 -955.298583984375 -946.302176385140001 4815.3341209944665025 1809.9298793830914747
17570 367.09938009942607096 -955.4168701171875 -946.73327872169318198 2496.2380672847625647 1809.9298793830914747
17580 399.62560069622151104 -956.23150634765625 -946.77852000187408521 1115.8162219362386622 1809.9298793830914747
17590 395.44393295666549193 -956.2086181640625 -946.85454752331963846 1386.3198902038466258 1809.9298793830914747
17600 383.13080164252221493 -956.259521484375 -947.19671312008199493 85.885823489047822932 1809.9298793830914747
17610 361.95084083002728903 -955.674560546875 -947.11275582202824808 4329.0857259996219 1809.9298793830914747
17620 378.27509871110771655 -956.00543212890625 -947.05748350690669213 -508.49193189988807262 1809.9298793830914747
17630 382.27509762725503606 -955.84130859375 -946.79874157124856993 4171.2378548379256245 1809.9298793830914747
17640 383.97238961237394506 -955.87603759765625 -946.79332180107178374 597.14373045830245701 1809.9298793830914747
17650 373.74719120855490928 -955.93170166015625 -947.09085890855646994 3328.015354293116161 1809.9298793830914747
17660 373.63248961285955829 -956.3104248046875 -947.47229527420279283 2827.5296980274779344 1809.9298793830914747
17670 378.73427096085373478 -956.76751708984375 -947.80870692894472995 -1764.2070958173117106 1809.9298793830914747
17680 368.32694402038930548 -956.507568359375 -947.79493942233375492 5367.6273864983068052 1809.9298793830914747
17690 341.94268014002369682 -955.903564453125 -947.81504489688938975 -1965.9470349570694907 1809.9298793830914747
17700 346.93493822354702161 -955.85748291015625 -947.65087345323365753 7694.3168618664340102 1809.9298793830914747
17710 375.34416860871965582 -956.42730712890625 -947.54868850526031565 -4198.6532302960677043 1809.9298793830914747
17720 362.04831991014032155 -956.53851318359375 -947.97440262946156508 5398.6781111467144001 1809.9298793830914747
17730 367.57986267913241818 -956.4820556640625 -947.78709864219831616 -2792.3617351455714015 1809.9298793830914747
17740 348.39484107055307049 -955.9832763671875 -947.74213348283967662 6080.4123484973015366 1809.9298793830914747
17750 378.25045248085717731 -956.50042724609375 -947.55306162097338074 -1553.3287938266155379 1809.9298793830914747
17760 380.07555597900250177 -956.35113525390625 -947.36059752365156328 2101.9083629766628292 1809.9298793830914747
17770 388.79158027649316409 -956.52862548828125 -947.33191363271998853 912.90906105538965676 1809.9298793830914747
17780 384.43210653589443382 -956.3385009765625 -947.24491075703474507 1354.4153463332761476 1809.9298793830914747
17790 382.08003704807123313 -956.35986328125 -947.32191033999970387 2028.3013377662489347 1809.9298793830914747
17800 367.56372445944009542 -955.736572265625 -947.04199698699778764 -678.74570689722384031 1809.9298793830914747
17810 385.0894623707165465 -955.51348876953125 -946.40434905637721386 2296.3490685315655355 1809.9298793830914747
17820 370.34666180531183954 -955.4007568359375 -946.64035226938210599 560.61600099348186177 1809.9298793830914747
17830 383.49785560614714086 -955.4354248046875 -946.36393392330785446 1691.3725862085254903 1809.9298793830914747
17840 376.37272382312227137 -955.618408203125 -946.71545951058283208 -38.989774121793722372 1809.9298793830914747
17850 383.45338915703001703 -955.660400390625 -946.58996134560322844 -315.8228921926570365 1809.9298793830914747
17860 381.57560493504462329 -955.9150390625 -946.88901826440690002 -145.4151140006798073 1809.9298793830914747
17870 390.66299347411234066 -956.28399658203125 -947.04301718361580242 -793.081520530680109 1809.9298793830914747
17880 381.21574014076855974 -956.63848876953125 -947.6209804315525389 -63.179670267694902464 1809.9298793830914747
17890 381.39265736630881065 -956.3253173828125 -947.30362413747434402 -1904.6559349941646815 1809.9298793830914747
17900 399.30895828682656656 -956.4151611328125 -946.96966483863684516 2479.2949150650752017 1809.9298793830914747
17910 377.07721875654095811 -956.08599853515625 -947.16638529215811104 -2192.6413048653007536 1809.9298793830914747
17920 363.67031261395572983 -955.9263916015625 -947.32391344821894563 3418.6032023806360485 1809.9298793830914747
17930 354.27129432070893245 -955.5810546875 -947.20090661369840745 -1981.6100685102840089 1809.9298793830914747
17940 360.72759882287118671 -955.78009033203125 -947.24722091556088799 4243.9944266080929083 1809.9298793830914747
17950 382.66564992654855359 -956.01055908203125 -946.95875369855866666 -2578.0508370673655918 1809.9298793830914747
17960 408.82457458937756201 -956.5418701171875 -946.87128566343699276 1902.4361112098924878 1809.9298793830914747
17970 419.93144268748062586 -956.69940185546875 -946.76608880702144688 -1130.3981876189775448 1809.9298793830914747
17980 432.80756457147953142 -956.560546875 -946.32265422968998791 -882.11277406647616317 1809.9298793830914747
17990 415.1806564194719158 -956.40167236328125 -946.58073729473562707 2289.7448559968324844 1809.9298793830914747
18000 390.41840021760140189 -955.87750244140625 -946.64230880023478676 -887.48733653241117736 1809.9298793830914747
18010 400.09392070419545462 -955.914794921875 -946.45073065057181338 5766.8166555130928828 1809.9298793830914747
18020 393.53012769760960055 -955.42340087890625 -946.11460054855103863 -2607.9695249468149996 1809.9298793830914747
18030 380.05882922081332254 -954.91796875 -945.9278266846289398 6757.1485808584566257 1809.9298793830914747
18040 372.50327438971788752 -954.537353515625 -945.72593512693708817 806.26440281533200505 1809.9298793830914747
18050 388.71125656272488413 -954.9722900390625 -945.77747820934575884 5690.0577991182708502 1809.9298793830914747
18060 381.79492819183320762 -955.09918212890625 -946.0679733254698931 1570.4084477873423111 1809.9298793830914747
18070 397.56813772447463862 -955.44873046875 -946.04441260002488434 2731.0734080627598814 1809.9298793830914747
18080 378.91409716577476274 -955.26190185546875 -946.29883797644754395 3345.8929837083264829 1809.9298793830914747
18090 386.44007031793449869 -955.257080078125 -946.11599226539647134 2146.7524455454954477 1809.9298793830914747
18100 365.10044650478477024 -955.0953369140625 -946.45902950623894867 3074.3999741518291557 1809.9298793830914747
18110 341.41400331456821959 -954.81964111328125 -946.7436271993359469 3508.1245394519864931 1809.9298793830914747
18120 364.25796592644593375 -954.94183349609375 -946.32545463486428616 1707.501128057498363 1809.9298793830914747
18130 377.36526772099375648 -954.9017333984375 -945.97530647052246877 4349.1261141582535856 1809.9298793830914747
18140 380.6604196283968804 -954.6558837890625 -945.65151133930476135 590.74748548495995237 1809.9298793830914747
18150 389.74549089097058641 -954.314697265625 -945.09542102980867639 5526.2578398965742963 1809.9298793830914747
18160 371.27245924820385881 -954.72308349609375 -945.94077955529564861 -887.84740212123051606 1809.9298793830914747
18170 400.33246244715525108 -954.90032958984375 -945.43062270746861486 5868.3216996929349989 1809.9298793830914747
18180 407.64442359578708874 -954.94024658203125 -945.29757813568608071 -1739.5265016611376723 1809.9298793830914747
18190 400.38094086491713597 -954.673095703125 -945.20224208285230816 5419.1594149215234211 1809.9298793830914747
18200 402.47465313550895871 -954.5732421875 -945.05286262726895075 -500.40255184962961721 1809.9298793830914747
18210 392.39475778638751535 -954.5645751953125 -945.28263159347886813 3505.6698280438586153 1809.9298793830914747
18220 398.57205492368387922 -954.94171142578125 -945.51364629071508716 583.11802895705250194 1809.9298793830914747
18230 388.64888248129597059 -954.7791748046875 -945.58583840932499243 -668.65452003751170196 1809.9298793830914747
18240 409.41902748615024166 -955.29559326171875 -945.61094725859152277 3168.5008260247777798 1809.9298793830914747
18250 408.44737460205823254 -955.23748779296875 -945.57582585650334295 -3935.3674943816636187 1809.9298793830914747
18260 389.70325316023115647 -955.3590087890625 -946.1407316701477157 5636.8770885921394438 1809.9298793830914747
18270 359.8395348940553049 -954.77850341796875 -946.26664080431248749 -5007.0834176578300685 1809.9298793830914747
18280 364.22287695258313533 -955.315673828125 -946.70012498276594215 6818.800441501433852 1809.9298793830914747
18290 354.97761364800356887 -955.16015625 -946.76330047042324622 -2829.390212955746847 1809.9298793830914747
18300 377.60068038436816096 -955.7039794921875 -946.77198397034692334 3136.2891525619279491 1809.9298793830914747
18310 387.13417725633655664 -955.5303955078125 -946.37288886856288173 997.81363951880064178 1809.9298793830914747
18320 376.47962785414097198 -955.61346435546875 -946.70798689013577132 379.91554577521333158 1809.9298793830914747
18330 372.32349840504656413 -955.38031005859375 -946.5731442000876541 4403.0948036425297687 1809.9298793830914747
18340 366.77258766386393063 -954.98150634765625 -946.30564509864370848 -1398.5553345872087903 1809.9298793830914747
18350 359.43869833850357054 -954.6009521484375 -946.0985711657876891 8096.1381508179947559 1809.9298793830914747
18360 373.12903848963111386 -954.46331787109375 -945.63709727883860978 -3277.2566007928799081 1809.9298793830914747
18370 397.67576372821025643 -954.553466796875 -945.14660307737858602 10048.061859039740739 1809.9298793830914747
18380 410.38266705634538312 -954.93878173828125 -945.23134122027954618 -5539.1339888304892156 1809.9298793830914747
18390 442.01310755629026517 -955.42156982421875 -944.96592368166204778 6482.1876535872597742 1809.9298793830914747
18400 435.52817100428205777 -955.248291015625 -944.94604349561052459 -3379.9372062743241258 1809.9298793830914747
18410 429.25472848169715689 -955.23834228515625 -945.08449057963343876 4480.8073660541031131 1809.9298793830914747
18420 400.67730058399541804 -954.844482421875 -945.3666185290546764 -1217.2052995282222128 1809.9298793830914747
18430 415.54590778036521215 -954.92889404296875 -945.09931909719477972 3283.2090795229873947 1809.9298793830914747
18440 395.37116232995401788 -954.44158935546875 -945.08924007526809419 1435.2076202728751468 1809.9298793830914747
18450 434.03935579522095622 -955.0849609375 -944.81793075545920146 2071.3709368461777558 1809.9298793830914747
18460 416.17283069954658004 -955.11029052734375 -945.2658859665888258 1902.980113673460437 1809.9298793830914747
18470 419.22513249520943646 -955.1224365234375 -945.20583096468010353 906.16216813654659745 1809.9298793830914747
18480 421.10554703557994571 -954.96612548828125 -945.00503946344872475 2319.3524045685876445 1809.9298793830914747
18490 434.95648693794089468 -955.2642822265625 -944.97555766819959899 586.29446311544097625 1809.9298793830914747
18500 440.13829557703598994 -955.25726318359375 -944.84596498073346993 3219.3540288655799486 1809.9298793830914747
18510 444.72058275088090795 -955.55712890625 -945.03743850326202391 -1892.0458155482181155 1809.9298793830914747
18520 411.0692132475593894 -954.89813232421875 -945.17445182619576372 3873.2166335833044286 1809.9298793830914747
18530 406.1866957054140812 -954.45849609375 -944.85030962708663083 -204.12590673540219655 1809.9298793830914747
18540 395.28046945591972872 -954.1419677734375 -944.79176379748764703 4786.1823418708545432 1809.9298793830914747
18550 419.02511728376441624 -954.44677734375 -944.5349030661203642 2690.6777575954097301 1809.9298793830914747
18560 425.23125235965858337 -954.6973876953125 -944.63870973435950873 1655.2531710029097667 1809.9298793830914747
18570 427.31150561574992253 -954.5994873046875 -944.49160177146848127 4610.5163046543148084 1809.9298793830914747
18580 403.87286707234000005 -954.212890625 -944.65943686424145653 1471.4577529519212931 1809.9298793830914747
18590 389.42865746778329594 -954.0865478515625 -944.87476618570883602 6462.4926323818044693 1809.9298793830914747
18600 383.97809331233389685 -954.10833740234375 -945.02548668698102574 1662.9869299862973548 1809.9298793830914747
18610 394.90748290681352728 -954.30401611328125 -944.96263498739335773 5145.9965611100642491 1809.9298793830914747
18620 412.49032315199173127 -954.6932373046875 -944.93594101103212779 1984.8832625835257204 1809.9298793830914747
18630 431.55043265283467235 -955.30682373046875 -945.09866804605690049 779.3015482180245499 1809.9298793830914747
18640 427.00770642268417987 -954.882568359375 -944.78186907653366688 3357.4095397806677283 1809.9298793830914747
18650 413.45496516259476039 -954.54901123046875 -944.76889670960542844 1949.2955377873490761 1809.9298793830914747
18660 388.26447405561754067 -954.19927978515625 -945.01503641985186732 5699.2272391718261133 1809.9298793830914747
18670 399.72164573290132239 -954.64080810546875 -945.18554985213427244 662.35204422916865497 1809.9298793830914747
18680 407.89285170837661099 -954.78857421875 -945.14002930314927653 4075.9006997638684879 1809.9298793830914747
18690 415.73215711994737376 -955.185302734375 -945.35132213375584342 -654.8549020366572222 1809.9298793830914747
18700 400.538873654117765 -954.82196044921875 -945.34737099095855228 4300.5650053728468265 1809.9298793830914747
18710 405.0733697347034763 -955.00299072265625 -945.42113954377521168 -230.45870599877471818 1809.9298793830914747
18720 383.34070018835416249 -954.52020263671875 -945.45242920491182304 2386.8509944917409484 1809.9298793830914747
18730 402.68745069370936562 -954.9705810546875 -945.44516785194559816 -67.538954850244493855 1809.9298793830914747
18740 354.1605778355702796 -954.5091552734375 -946.1316261545288171 1263.9628489608192012 1809.9298793830914747
18750 371.90291115672880551 -955.1478271484375 -946.35061011580398826 1176.5267906166050125 1809.9298793830914747
18760 357.01993015132694609 -954.92987060546875 -946.48470463258593099 965.33450989165760348 1809.9298793830914747
18770 385.02981270811170589 -955.27056884765625 -946.16284012380117474 1834.3981265850500222 1809.9298793830914747
18780 377.59348786726644676 -954.91796875 -945.9861433643214923 4077.0588679023517216 1809.9298793830914747
18790 405.05026071695527889 -955.43310546875 -945.8518009245912026 1188.2628630551146216 1809.9298793830914747
18800 397.56809182602609098 -955.26214599609375 -945.85782921307838933 3002.8011030927641514 1809.9298793830914747
18810 413.42098014764849268 -955.1993408203125 -945.42003020160586857 3663.1059651220434716 1809.9298793830914747
18820 396.37212985690945288 -954.608154296875 -945.23212752366987388 3229.4901211156884528 1809.9298793830914747
18830 398.12493509130592884 -954.893798828125 -945.47631013676777911 5834.2552281095395301 1809.9298793830914747
18840 384.67354821839967371 -954.49224853515625 -945.39294710762760587 1154.0269687043805789 1809.9298793830914747
18850 423.93706010998522515 -955.4404296875 -945.41236533499363759 7538.231599092570832 1809.9298793830914747
18860 422.16791430677847075 -955.0623779296875 -945.07616202505903402 -671.98059556726707342 1809.9298793830914747
18870 433.37958001226417082 -955.1346435546875 -944.88322010919387139 7710.8635192297188041 1809.9298793830914747
18880 415.4285294909261097 -954.97186279296875 -945.1450643844472097 -792.35648540052750377 1809.9298793830914747
18890 438.50755997348977644 -954.97918701171875 -944.60646321792296476 8253.4846424265433598 1809.9298793830914747
18900 429.08151059234569402 -954.2926025390625 -944.14284823455716378 1299.3769157653921411 1809.9298793830914747
18910 424.17945819246625661 -954.2021484375 -944.16835025372768087 6058.1952664199998253 1809.9298793830914747
18920 414.70151902896134288 -954.24176025390625 -944.43215899180938777 5244.189961014558321 1809.9298793830914747
18930 402.33380013070791392 -954.35595703125 -944.8389092934268092 2598.1575738416531749 1809.9298793830914747
18940 425.7033497999787528 -954.68212890625 -944.61228366609998375 8571.0328168322666897 1809.9298793830914747
18950 381.20318205830653824 -954.00726318359375 -944.99005190211448735 300.40727548861752894 1809.9298793830914747
18960 372.51751579609521059 -954.05572509765625 -945.24396983410395023 11649.29763490771802 1809.9298793830914747
18970 363.1286970090155819 -954.04132080078125 -945.45165435146577693 -1317.6194549815427308 1809.9298793830914747
18980 384.5000563504200386 -954.61737060546875 -945.52217305981423578 11641.713156693678684 1809.9298793830914747
18990 383.97171087499964415 -954.92193603515625 -945.83923629383730258 -3016.2160571660433561 1809.9298793830914747
19000 406.7710138757932441 -955.34783935546875 -945.72583107239381661 9908.9264547758175468 1809.9298793830914747
19010 391.25917906047192218 -955.42413330078125 -946.16905136689865685 -2052.75731797936578 1809.9298793830914747
19020 390.34758899982477942 -955.4288330078125 -946.19531437813577668 8357.8046083733734122 1809.9298793830914747
19030 401.24134360426700141 -955.103271484375 -945.61206537584132548 286.38478018554758364 1809.9298793830914747
19040 383.13320661514973153 -954.934814453125 -945.87194920015076605 5659.7027988218387691 1809.9298793830914747
19050 383.47423977379582993 -955.05810546875 -945.98717321059257301 3000.4173388304666332 1809.9298793830914747
19060 386.69193197042619659 -954.9129638671875 -945.76591836616807996 6155.017124190634604 1809.9298793830914747
19070 391.81872862047094941 -955.15869140625 -945.89037354768879595 2990.2105604418925395 1809.9298793830914747
19080 401.40527143357780915 -955.49224853515625 -945.99716477832009787 4988.0396932778512564 1809.9298793830914747
19090 379.68603388846401003 -955.18365478515625 -946.20233104669000568 3824.8573999399304739 1809.9298793830914747
19100 393.80255193297409733 -955.48321533203125 -946.16797091357784666 2919.0131747850664397 1809.9298793830914747
19110 385.03519287132803584 -955.500732421875 -946.39287643237594239 4872.420691567646827 1809.9298793830914747
19120 407.06160589328254673 -955.82275390625 -946.19387178333920474 1482.2536741331075518 1809.9298793830914747
19130 403.47139510162378429 -955.9114990234375 -946.36754192418106868 4042.5358159885968234 1809.9298793830914747
19140 385.23888511749214558 -956.006591796875 -946.89391754743860474 2725.8341922867102767 1809.9298793830914747
19150 364.53317349521756796 -955.87628173828125 -947.25339295029698405 3491.6686291103601434 1809.9298793830914747
19160 381.53565269811360849 -955.92633056640625 -946.9012548227580055 5853.8409321252829614 1809.9298793830914747
19170 393.48826600853914215 -956.03436279296875 -946.72655268439734755 2229.8889162072982799 1809.9298793830914747
19180 403.35685444904703445 -956.1287841796875 -946.58753649450000012 8637.8710604081679776 1809.9298793830914747
19190 391.65832382110033905 -955.8671875 -946.6026639538542895 2711.2671434756475719 1809.9298793830914747
19200 402.63709457056927477 -956.52880859375 -947.00458654528756597 8946.3303714986086561 1809.9298793830914747
19210 409.3882325333904646 -956.705810546875 -947.02189298623852665 1744.3411514188217097 1809.9298793830914747
19220 408.67515742671287171 -956.8436279296875 -947.1765778801294573 8286.6613659952818125 1809.9298793830914747
19230 360.70823671300831847 -955.90399169921875 -947.3715802858389452 3950.9956742066556217 1809.9298793830914747
19240 378.19705590631440373 -956.30877685546875 -947.36267430530949696 7775.7986661930799528 1809.9298793830914747
19250 375.44766669378157076 -956.126708984375 -947.24564215424982194 4955.8011842477526443 1809.9298793830914747
19260 390.50287735835149761 -956.47747802734375 -947.24028611264657229 6694.9114501587500854 1809.9298793830914747
19270 366.33856521713335042 -956.1519775390625 -947.48638292025475494 7146.0001357784949505 1809.9298793830914747
19280 406.25073445986345178 -956.786865234375 -947.17716395617219405 4621.9569611678889487 1809.9298793830914747
19290 382.31693924386189565 -956.25653076171875 -947.21297399223965385 8019.2423022416214735 1809.9298793830914747
19300 389.58716392067435663 -956.28009033203125 -947.06455925840111831 6904.8405418127758821 1809.9298793830914747
19310 381.52559564893323341 -956.2113037109375 -947.18646586283045963 6913.9808558940621879 1809.9298793830914747
19320 400.10192631860547863 -956.731201171875 -947.26694753091283019 7043.5473371782736649 1809.9298793830914747
19330 396.69432722260171431 -956.194580078125 -946.81093185300778714 2808.5599195849194984 1809.9298793830914747
19340 386.99853129741029534 -956.2275390625 -947.07324107503688992 13608.148304574646318 1809.9298793830914747
19350 399.28904240162665928 -956.4681396484375 -947.02311445669010936 -2228.1437849759304299 1809.9298793830914747
19360 388.09979354626869963 -956.4927978515625 -947.31244993891073136 16624.7729803746588 1809.9298793830914747
19370 354.80374972299910041 -955.92108154296875 -947.52833844612860048 -3858.8853910357588575 1809.9298793830914747
19380 345.43196017442784296 -955.905029296875 -947.73397219433513783 18981.379593267178279 1809.9298793830914747
19390 351.5877840175402298 -956.29638671875 -947.97971602530253676 -5720.4553970260649294 1809.9298793830914747
19400 361.15904596472012145 -956.658447265625 -948.1153721367735443 17419.152196644103242 1809.9298793830914747
19410 379.38466431386206068 -957.0574951171875 -948.08330015743001695 -7111.7104389596606779 1809.9298793830914747
19420 368.50636372008705166 -957.40673828125 -948.68986524180775177 15215.359172605880303 1809.9298793830914747
19430 359.2313625803449213 -957.1949462890625 -948.69746975219254637 -6279.1736798471265502 1809.9298793830914747
19440 381.40131345761619741 -957.40191650390625 -948.38001850213413491 13409.702680783368123 1809.9298793830914747
19450 366.72266378574613555 -956.9119873046875 -948.23730698536860473 -6607.1655604418383518 1809.9298793830914747
19460 377.42427996612292418 -957.02142333984375 -948.09360050048940138 13715.89809260126458 1809.9298793830914747
19470 374.56401568785008749 -956.7127685546875 -947.85260414142180707 -5491.259256730369998 1809.9298793830914747
19480 392.59064747666678841 -957.238037109375 -947.95145981399355151 11742.02231533001941 1809.9298793830914747
19490 375.017498242610543 -956.6641845703125 -947.79329320564352201 -5096.7038559447610169 1809.9298793830914747
19500 373.27027946135291359 -956.48016357421875 -947.65060198235096323 12033.549573933418287 1809.9298793830914747
19510 341.9124339764882734 -955.68701171875 -947.59920762361196012 -2546.3869669447135493 1809.9298793830914747
19520 354.61613180749685625 -956.29791259765625 -947.90960752878618223 10165.269995637037937 1809.9298793830914747
19530 360.50170060027767249 -956.1424560546875 -947.61493017178952414 -1711.0190429475783276 1809.9298793830914747
19540 382.97598068622590972 -956.630615234375 -947.57146909888660957 6903.0784054316363836 1809.9298793830914747
19550 373.59499000504723654 -956.4608154296875 -947.62357293767081501 1553.6666120843481167 1809.9298793830914747
19560 381.72569491456647484 -956.3902587890625 -947.36068767155893511 4406.3962515110351887 1809.9298793830914747
19570 373.47329760967579659 -955.95721435546875 -947.12285044918291987 4990.1475134210504621 1809.9298793830914747
19580 363.33615658558005634 -955.822509765625 -947.2279359416539819 2101.8281639241272387 1809.9298793830914747
19590 344.64845191169541749 -955.50067138671875 -947.34814786385072694 9895.1453030901629973 1809.9298793830914747
19600 356.86703775158531471 -955.6507568359375 -947.20920747261277484 -129.87438050231503439 1809.9298793830914747
19610 377.70580135478826378 -955.876220703125 -946.94173858609065064 11140.914047826354363 1809.9298793830914747
19620 397.1957904513427593 -956.3133544921875 -946.91784435170268353 -3419.6102291996617168 1809.9298793830914747
19630 401.20954071836001731 -956.37646484375 -946.88601101996914622 15137.434547343678787 1809.9298793830914747
19640 444.9600378387742694 -957.135986328125 -946.61063170925012855 -4768.569813998274185 1809.9298793830914747
19650 425.88596155873477755 -956.44989013671875 -946.37572528726673227 13166.385629307556883 1809.9298793830914747
19660 412.18255007126793998 -955.98834228515625 -946.23832624262752233 -2586.1476554112368831 1809.9298793830914747
19670 382.17050942016823001 -955.68695068359375 -946.64685765397916839 13488.791108891793556 1809.9298793830914747
19680 413.32891757083348239 -956.12615966796875 -946.34902675329328758 921.87557109889928597 1809.9298793830914747
19690 412.18675815278197661 -956.15155029296875 -946.40143470992745733 7121.624885550361796 1809.9298793830914747
19700 384.41384272985527559 -955.399658203125 -946.30650000674290823 6560.8048567887963145 1809.9298793830914747
19710 396.95021823918602877 -955.5396728515625 -946.1499716251321388 4902.2918982244518702 1809.9298793830914747
19720 424.13847937365937923 -955.96856689453125 -945.93573804859408938 7709.1432791696870481 1809.9298793830914747
19730 409.1829850968097162 -955.54931640625 -945.87025389296820777 2047.9437638253584737 1809.9298793830914747
19740 406.70449797595182417 -955.07830810546875 -945.45787322983289869 9622.967351190658519 1809.9298793830914747
19750 415.91048143747525501 -955.13861083984375 -945.30041204765780094 3228.9596706975166853 1809.9298793830914747
19760 432.24770506429473471 -955.67047119140625 -945.44582180245367908 9178.4593292219506111 1809.9298793830914747
19770 414.75863235404688112 -955.5501708984375 -945.73921864310784713 1802.0910852548631738 1809.9298793830914747
19780 392.81528805522248149 -955.1209716796875 -945.82908059980854887 6947.8276889729977484 1809.9298793830914747
19790 395.97042588339240865 -955.08673095703125 -945.72020633326326333 2860.5199731711245477 1809.9298793830914747
19800 423.04930918101757698 -955.53057861328125 -945.52351365970071129 5034.3794239131075301 1809.9298793830914747
19810 446.5388183686312118 -955.991455078125 -945.42875502701122059 3507.0540309929506293 1809.9298793830914747
19820 417.41047579634346221 -955.6109619140625 -945.73728134551288349 2258.5579909687926374 1809.9298793830914747
19830 403.14887902186774227 -955.28802490234375 -945.75169679405519219 8277.7899429788049019 1809.9298793830914747
19840 394.7792153921678846 -954.9482421875 -945.60989517920222625 1695.9277620800128261 1809.9298793830914747
19850 398.48003295783394151 -955.13043212890625 -945.70454373723487151 8140.0948325728095369 1809.9298793830914747
19860 392.74460874305668767 -955.29888916015625 -946.00866997159675975 3108.0601474535269517 1809.9298793830914747
19870 386.10141587304360655 -955.4228515625 -946.28977448741670742 6382.4890138139699047 1809.9298793830914747
19880 392.76172152823221495 -955.546875 -946.25625101524042293 4813.1968662728813797 1809.9298793830914747
19890 384.08198784625346889 -955.21875 -946.13344170031621161 4453.5029303528854143 1809.9298793830914747
19900 419.52589310043958903 -955.72906494140625 -945.80534500887085869 6293.6295957658576299 1809.9298793830914747
19910 383.01760817431045325 -955.3353271484375 -946.27519633109739061 1883.8095207239573483 1809.9298793830914747
19920 425.49057500018705014 -955.790283203125 -945.72547106714466736 9020.1105259567921166 1809.9298793830914747
19930 399.91979657325549624 -955.406982421875 -945.94703698837736283 -1513.9770164249794107 1809.9298793830914747
19940 408.50382895348235479 -955.92919921875 -946.26620187681442076 8547.7229010100800224 1809.9298793830914747
19950 431.7022195164699383 -955.76214599609375 -945.55039985314544992 -2614.5973573606634091 1809.9298793830914747
19960 454.66528138309672613 -956.34197998046875 -945.58705164422656253 7026.0142285419988184 1809.9298793830914747
19970 440.71377083333317159 -955.77703857421875 -945.35212773060004565 -1661.4342459815065922 1809.9298793830914747
19980 416.67612547004722501 -955.10247802734375 -945.24616822682150996 7132.3980624109472046 1809.9298793830914747
19990 411.58733078539796679 -954.63018798828125 -944.89425162376176104 2409.183663118311415 1809.9298793830914747
20000 390.14446244110990847 -954.710205078125 -945.48149132727144206 7300.859312755589599 1809.9298793830914747
