step temp pe etotal press vol
# Fix print output for fix thermofile
0 3000.0000000000022737 -1889.5172119140625 -1740.9973053090623125 862769.29267498664558 1196.3004466733455047
50 1720.5703552599334216 -1794.6805419921875 -1709.5008925020085826 1104717.9701572447084 1196.3004466733455047
100 1908.5833059095041335 -1775.166015625 -1680.6784775111527779 1076366.8247285252437 1196.3004466733455047
150 2219.8928728071887235 -1756.50732421875 -1646.6078968379404159 1111029.468666218454 1196.3004466733455047
200 2592.7316434516078516 -1759.522705078125 -1631.1652845657047237 1131849.9497615599539 1196.3004466733455047
250 2436.8536350130038954 -1748.1607666015625 -1627.5203418408336802 1158085.8984058985952 1196.3004466733455047
300 2590.3387795865423868 -1744.939453125 -1616.700495251832308 1138615.572003724752 1196.3004466733455047
350 2701.0099448450241653 -1738.1876220703125 -1604.4697071544594564 1162048.3101417957805 1196.3004466733455047
400 2813.8279902925264651 -1735.115966796875 -1595.8128100232813722 1204245.3467361514922 1196.3004466733455047
450 2869.0064244581290041 -1738.1495361328125 -1596.1146807295904182 1158546.4299387843348 1196.3004466733455047
500 2729.073586114405316 -1718.3255615234375 -1583.2183101474761315 1219709.4881325378083 1196.3004466733455047
550 2847.4862986977391301 -1717.4171142578125 -1576.4476478772774044 1199886.204740884481 1196.3004466733455047
600 2847.6804782238882581 -1700.9649658203125 -1559.9858862647479327 1260106.3510724501684 1196.3004466733455047
650 2691.9412172366528466 -1688.7607421875 -1555.4917894641207567 1251321.6181949402671 1196.3004466733455047
700 2943.7105383169337074 -1692.0726318359375 -1546.3394270949424936 1228458.6574941580184 1196.3004466733455047
750 2923.8018111356859663 -1691.53564453125 -1546.7880538907827486 1210353.3469795517158 1196.3004466733455047
800 2988.3435150281229653 -1686.8966064453125 -1538.953773193434472 1247166.6178089322057 1196.3004466733455047
850 2833.8469772691246362 -1679.2515869140625 -1538.9573574484384153 1288175.4214806025848 1196.3004466733455047
900 2895.8434997155136443 -1685.529296875 -1542.1658281681852714 1248522.6615515695885 1196.3004466733455047
950 2783.4190254473828645 -1674.5166015625 -1536.7188903284913977 1253575.6617750094738 1196.3004466733455047
1000 2768.7939380890361463 -1665.299560546875 -1528.2258881823836418 1258552.3532157582231 1196.3004466733455047
1050 2821.5981340917596754 -1666.586669921875 -1526.8988394711582259 1281149.2227871327195 1196.3004466733455047
1100 2940.9907587983734629 -1665.0546875 -1519.4561298923658796 1300060.7393358214758 1196.3004466733455047
1150 3056.5100452507144837 -1677.0760498046875 -1525.7585209853939432 1312668.1748128267936 1196.3004466733455047
1200 2802.528845474724676 -1664.635009765625 -1525.8912356363834988 1336832.9410254575778 1196.3004466733455047
1250 2955.8751344978450106 -1667.167236328125 -1520.8318033575710615 1304493.1111381836236 1196.3004466733455047
1300 3017.9750170751244696 -1669.1817626953125 -1519.7719734712388799 1294167.0049057677388 1196.3004466733455047
1350 2909.293521652000436 -1663.681640625 -1519.6523065842377491 1322973.3804487648886 1196.3004466733455047
1400 2903.7270685482212684 -1659.5716552734375 -1515.817897597706633 1281094.1090751367155 1196.3004466733455047
1450 3000.3898624612693311 -1662.552978515625 -1514.0137711318461697 1292125.1968240742572 1196.3004466733455047
1500 3109.8375548828817045 -1662.582275390625 -1508.6246809879826287 1292252.3807939710096 1196.3004466733455047
1550 3113.5851957572922402 -1656.189208984375 -1502.0460814908469729 1324233.9866409432143 1196.3004466733455047
1600 3173.3719965143386617 -1650.2572021484375 -1493.1542313000268223 1307558.8979544197209 1196.3004466733455047
1650 2990.7279459630144629 -1647.2496337890625 -1499.1887553839324028 1294645.6339669369627 1196.3004466733455047
1700 3081.7931446582574608 -1653.3621826171875 -1500.7929726103295707 1311306.5581577566918 1196.3004466733455047
1750 3154.0608046425700195 -1654.83251953125 -1498.6855808205814355 1301190.4088484449312 1196.3004466733455047
1800 3016.6003219895101211 -1648.817138671875 -1499.4754059763765781 1293587.3092772392556 1196.3004466733455047
1850 2845.5560046122041058 -1649.29541015625 -1508.4215061414829506 1277344.6145601470489 1196.3004466733455047
1900 2999.8240007521362713 -1654.8228759765625 -1506.3116825021809291 1269798.372414418729 1196.3004466733455047
1950 2989.2092893108283533 -1655.143310546875 -1507.1576157231274919 1321012.3413452289533 1196.3004466733455047
2000 2973.6089718200391872 -1657.1446533203125 -1509.9312777288116649 1313945.0566519624554 1196.3004466733455047
2050 2853.896499591898646 -1654.954833984375 -1513.6680201244666932 1309484.084556568414 1196.3004466733455047
2100 3054.3037701700200159 -1664.507080078125 -1513.298776515141526 1313910.8009122165386 1196.3004466733455047
2150 2938.8526133962755011 -1656.2662353515625 -1510.7735301290708776 1290845.4083213941194 1196.3004466733455047
2200 2946.4448603244345577 -1648.028564453125 -1502.1599926290691656 1275336.5799427879974 1196.3004466733455047
2250 2944.9493298525981118 -1638.643798828125 -1492.8492656860698844 1291948.2646650173701 1196.3004466733455047
2300 2850.1907015999991017 -1643.0391845703125 -1501.935832300955326 1300918.8795589099173 1196.3004466733455047
2350 3026.9693491627285766 -1645.9046630859375 -1496.0495947413221529 1304484.2396317427047 1196.3004466733455047
2400 2720.6640620252296685 -1639.5921630859375 -1504.9012389540816912 1252580.7632392900996 1196.3004466733455047
2450 3030.428014297297068 -1650.4910888671875 -1500.4647936483174817 1294277.8937677561771 1196.3004466733455047
2500 2955.081638387235671 -1649.6561279296875 -1503.3599782818798758 1271972.8007057870273 1196.3004466733455047
2550 2793.3100272978135763 -1642.552734375 -1504.2653529173062452 1293149.2222233398352 1196.3004466733455047
2600 2841.6589231928810477 -1642.9417724609375 -1502.2607998356470489 1273890.2956131012179 1196.3004466733455047
2650 2964.2381626795881857 -1648.41943359375 -1501.6699752350336894 1310211.2678098089527 1196.3004466733455047
2700 2783.4508625389089502 -1645.9102783203125 -1508.1109909390172561 1318079.563397900667 1196.3004466733455047
2750 2960.9094758480923701 -1648.611328125 -1502.0266618520606698 1276071.6390710019041 1196.3004466733455047
2800 2924.1158129461027784 -1642.47607421875 -1497.7129384050970202 1290975.1471329673659 1196.3004466733455047
2850 2888.1838252388297406 -1643.24072265625 -1500.2564586620692353 1332101.9433621619828 1196.3004466733455047
2900 3016.1702376834173265 -1647.31787109375 -1497.9974304252427828 1290898.6838640922215 1196.3004466733455047
2950 2787.9345039017330237 -1644.244384765625 -1506.2231273855109066 1346085.6558081395924 1196.3004466733455047
3000 3031.4195134262949978 -1651.227294921875 -1501.151913916992271 1299472.9137037540786 1196.3004466733455047
3050 3017.6266639856189613 -1649.884521484375 -1500.4919780497409647 1322337.6015946208499 1196.3004466733455047
3100 2841.4672912563723912 -1638.7098388671875 -1498.0383532943346836 1284373.9649765940849 1196.3004466733455047
3150 3126.4666970001821937 -1656.8665771484375 -1502.0857298677342442 1316689.7090766108595 1196.3004466733455047
3200 2955.2842259014814772 -1643.6300048828125 -1497.3238258087733357 1335864.011806904804 1196.3004466733455047
3250 3005.58380594894561 -1648.744873046875 -1499.9485309958622565 1315748.7590267872438 1196.3004466733455047
3300 3015.5562560693774685 -1647.6427001953125 -1498.3526556907966096 1292389.8103971853852 1196.3004466733455047
3350 3038.2815646621238557 -1649.677734375 -1499.2626363005626899 1321182.6850293630268 1196.3004466733455047
3400 3021.5603565926012379 -1647.734619140625 -1498.1473318197904518 1310962.2667130783666 1196.3004466733455047
3450 2996.0711587290775242 -1651.3701171875 -1503.0447142953744333 1349611.5615098066628 1196.3004466733455047
3500 3154.8608140356732292 -1657.000244140625 -1500.8136996565074242 1298295.9956075961236 1196.3004466733455047
3550 2882.2332874343846925 -1641.6112060546875 -1498.9215331668285671 1299183.0564777611289 1196.3004466733455047
3600 3022.2887930407523527 -1649.727294921875 -1500.1039451632914279 1342878.7274202306289 1196.3004466733455047
3650 2916.4484302531905087 -1644.411376953125 -1500.027827459957507 1303562.5683131401893 1196.3004466733455047
3700 2803.7378687862938023 -1639.905517578125 -1501.1018887724442266 1314822.115071071079 1196.3004466733455047
3750 2984.9761483378229059 -1648.134033203125 -1500.3579069466964029 1303905.9691088278778 1196.3004466733455047
3800 2879.7980147107787161 -1641.5743408203125 -1499.0052300916095191 1280161.4901604612824 1196.3004466733455047
3850 2724.6138232023827186 -1640.33447265625 -1505.4480091373466166 1291315.2849383575376 1196.3004466733455047
3900 2938.0630906838746341 -1653.38916015625 -1507.9355415469276522 1299359.8384436855558 1196.3004466733455047
3950 2739.8425336716672973 -1650.142822265625 -1514.5024365278507048 1287004.3137758593075 1196.3004466733455047
4000 3035.2538601978021688 -1660.77490234375 -1510.5096957307355297 1296317.72429256537 1196.3004466733455047
4050 2981.5006351481383717 -1651.4361572265625 -1503.8320919349125688 1309072.9093506259378 1196.3004466733455047
4100 3126.0209243218373558 -1655.82763671875 -1501.0688581435649667 1310486.0440465433057 1196.3004466733455047
4150 3014.0384936209802618 -1650.143310546875 -1500.9284053547207805 1334222.4269627190661 1196.3004466733455047
4200 2982.4462016164525267 -1645.15576171875 -1497.5048846125791897 1317461.1752599303145 1196.3004466733455047
4250 3159.1138912162709858 -1646.5289306640625 -1490.1318306380628655 1348995.8839556027669 1196.3004466733455047
4300 3084.2128127465766738 -1637.945556640625 -1485.2565570076030781 1352726.0305086406879 1196.3004466733455047
4350 3050.0390105810088244 -1634.7188720703125 -1483.7217024059464165 1340529.8808402745053 1196.3004466733455047
4400 3293.0452257300621568 -1640.3077392578125 -1477.280149467322417 1331367.4750334843993 1196.3004466733455047
4450 3135.5878173108135343 -1639.277587890625 -1484.0451846310324981 1310175.4136892117094 1196.3004466733455047
4500 2839.2260448657448251 -1630.1138916015625 -1489.5533625969144396 1340442.3929956876673 1196.3004466733455047
4550 2978.2586390907695204 -1640.78466796875 -1493.3411029943181347 1335933.9799649550114 1196.3004466733455047
4600 2912.678990522908407 -1634.33203125 -1490.1350940357306172 1283030.2748229131103 1196.3004466733455047
4650 3112.1908275308483098 -1638.037109375 -1483.9630123610602368 1324279.1634805684444 1196.3004466733455047
4700 3151.1374138519472581 -1630.1375732421875 -1474.1353617739166566 1350816.8789580580778 1196.3004466733455047
4750 2952.2888576135642325 -1634.703857421875 -1488.5459689539586634 1336178.3627498892602 1196.3004466733455047
4800 3023.3875864181641191 -1645.6171875 -1495.9394401781526085 1326596.940774082439 1196.3004466733455047
4850 3014.4643246304840432 -1643.910400390625 -1494.6744137378836967 1307072.1368938700762 1196.3004466733455047
4900 3092.6176609743783956 -1643.5478515625 -1490.4427561715372121 1320955.1081612829585 1196.3004466733455047
4950 3137.5774758154498159 -1645.599365234375 -1490.2684606763541524 1310965.8593043275177 1196.3004466733455047
5000 2872.3588483104331317 -1641.6602783203125 -1499.4594556912754797 1325880.7401346818078 1196.3004466733455047
5050 2774.4471732780170896 -1633.2720947265625 -1495.918549707976581 1290476.6932094281074 1196.3004466733455047
5100 3065.463143070505339 -1642.593994140625 -1490.8332275706579821 1239893.651456884807 1196.3004466733455047
5150 2959.4462688325124873 -1641.5625 -1495.0502721834932345 1304625.3497545772698 1196.3004466733455047
5200 3062.0719309702426472 -1646.5810546875 -1494.9881756190025044 1300675.3350854709279 1196.3004466733455047
5250 2991.966653108002447 -1647.5234375 -1499.4012348717083114 1342733.9174059650395 1196.3004466733455047
5300 3044.3807356560005246 -1650.649169921875 -1499.9321224119780709 1346686.0480534080416 1196.3004466733455047
5350 2909.4840025636003702 -1651.943359375 -1507.9045952651708831 1305853.0069392595906 1196.3004466733455047
5400 2993.0956188560703595 -1656.537841796875 -1508.3597478727622274 1297013.0157215185463 1196.3004466733455047
5450 2824.8977343392912189 -1648.859375 -1509.0081924424175668 1264044.7269499946851 1196.3004466733455047
5500 2847.6372616856847344 -1644.4066162109375 -1503.429676160778854 1251567.4826109022833 1196.3004466733455047
5550 3026.3216190235953036 -1648.501220703125 -1498.6782192984328503 1271809.1753112550359 1196.3004466733455047
5600 3167.4646316748085155 -1651.58154296875 -1494.7710258784222788 1297174.0013831839897 1196.3004466733455047
5650 3056.5556389829289401 -1640.565185546875 -1489.2453995352980201 1294988.7603535328526 1196.3004466733455047
5700 2988.2931044742617814 -1632.140380859375 -1484.2000432644140346 1303838.0918890621979 1196.3004466733455047
5750 3048.8498680086358945 -1643.034912109375 -1492.0966128929385377 1306137.6621219024528 1196.3004466733455047
5800 3045.1135675833684218 -1646.048583984375 -1495.2952564313416133 1307547.3691643537022 1196.3004466733455047
5850 3043.8288130711052872 -1649.10888671875 -1498.4191630391071612 1305191.2337753162719 1196.3004466733455047
5900 3113.6749522217769481 -1645.960693359375 -1491.8131223252728432 1345299.1266696893144 1196.3004466733455047
5950 3006.6720956603371633 -1640.376953125 -1491.526733511889006 1291140.501126257237 1196.3004466733455047
6000 3069.0852128885976526 -1635.75830078125 -1483.8182177209162091 1291158.7746319801081 1196.3004466733455047
6050 2795.9483240789004412 -1637.88916015625 -1499.4711655013818472 1261284.3583892590832 1196.3004466733455047
6100 2790.0621849898084292 -1635.096435546875 -1496.9698438345988052 1304293.7589449358638 1196.3004466733455047
6150 3064.121526476177678 -1638.62060546875 -1486.9262578225459492 1326647.4840414822102 1196.3004466733455047
6200 3068.1494581792649115 -1635.334716796875 -1483.4409598038864715 1312662.6120652395766 1196.3004466733455047
6250 2992.1120062063268961 -1635.46923828125 -1487.3398397100957027 1330145.9924743068404 1196.3004466733455047
6300 3004.2125425602425821 -1647.514892578125 -1498.786437163919345 1334738.6338820736855 1196.3004466733455047
6350 3203.0952754761237884 -1646.66943359375 -1488.0949632068732171 1297402.0156764148269 1196.3004466733455047
6400 2922.6913133359080348 -1640.4189453125 -1495.7263316818687144 1307296.5689722516108 1196.3004466733455047
6450 3030.5771218417671662 -1646.05224609375 -1496.0185690620203331 1326587.6249348162673 1196.3004466733455047
6500 2860.2019877764519151 -1643.44482421875 -1501.8458468534186068 1365058.7525961911306 1196.3004466733455047
6550 2979.3203198765554589 -1650.981201171875 -1503.485075953726664 1306394.7120675323531 1196.3004466733455047
6600 2798.4109367315409145 -1636.5230712890625 -1497.9831609671362003 1314680.9579269636888 1196.3004466733455047
6650 3019.1690316191552483 -1644.35546875 -1494.8865678830716206 1287446.9185537006706 1196.3004466733455047
6700 3217.8371942418348226 -1647.004638671875 -1487.7003454855775999 1314252.9873513684142 1196.3004466733455047
6750 3182.3847846591261259 -1645.189697265625 -1487.6405335993761128 1362165.3721151372883 1196.3004466733455047
6800 3144.6849549463372568 -1638.622802734375 -1482.9400307974487987 1277826.3796554722358 1196.3004466733455047
6850 3026.4686972292001883 -1637.3924560546875 -1487.5621733028751805 1298959.1763502946123 1196.3004466733455047
6900 2999.8402107431379591 -1637.7578125 -1489.2458165235018441 1332818.657708481187 1196.3004466733455047
6950 2944.5187630135737891 -1638.1888427734375 -1492.4156255469554253 1323474.5616719215177 1196.3004466733455047
7000 2945.6323586913417785 -1641.658935546875 -1495.8305879450404063 1308502.623941792408 1196.3004466733455047
7050 3019.8298843357733858 -1632.746826171875 -1483.2452087103627036 1314292.821272185538 1196.3004466733455047
7100 2944.6166042614877369 -1641.031005859375 -1495.2529448418922584 1318594.8831568208989 1196.3004466733455047
7150 3177.8504023647883514 -1642.925048828125 -1485.6003671734983982 1323864.3496953223366 1196.3004466733455047
7200 3015.9866069502295431 -1640.404052734375 -1491.0927030056486728 1344344.0887078444939 1196.3004466733455047
7250 3126.6486866281929906 -1647.580810546875 -1492.7909535719866199 1302129.4210001858883 1196.3004466733455047
7300 3317.2295520300035605 -1658.508544921875 -1494.2836705035942941 1340884.0846168666612 1196.3004466733455047
7350 2942.6706939886298642 -1643.5037841796875 -1497.822058632866856 1301866.2837079728488 1196.3004466733455047
7400 2975.9355620137230289 -1640.83349609375 -1493.5049388494912819 1302534.8966902748216 1196.3004466733455047
7450 3083.4896647094983564 -1647.9638671875 -1495.3106681807876157 1328056.2862673853524 1196.3004466733455047
7500 2866.978179857183477 -1632.141357421875 -1490.2069135848878432 1336396.866110175848 1196.3004466733455047
7550 3273.3840738542621693 -1641.23583984375 -1479.181607533373608 1360059.2409395533614 1196.3004466733455047
7600 3243.0191450196966798 -1639.598876953125 -1479.0479101076075494 1316623.3141491564456 1196.3004466733455047
7650 3059.3502253129336168 -1636.3909912109375 -1484.9328546324500167 1315277.5569465358276 1196.3004466733455047
7700 3088.6810472562742689 -1635.25341796875 -1482.3432110783714961 1279010.4963995323051 1196.3004466733455047
7750 3280.8280577128739424 -1643.812744140625 -1481.3899852344318333 1296818.9629895300604 1196.3004466733455047
7800 2883.4134947545621799 -1637.125732421875 -1494.3776314403603465 1265008.1278442915063 1196.3004466733455047
7850 2892.6660080196293165 -1640.32373046875 -1497.1175686852388935 1287109.0632275647949 1196.3004466733455047
7900 2903.0904203255222455 -1638.84228515625 -1495.1200457920444933 1291276.4217078923248 1196.3004466733455047
7950 2920.0745517936943543 -1646.1905517578125 -1501.6274851871335159 1288266.3810320829507 1196.3004466733455047
8000 2946.1242431254240728 -1650.02734375 -1504.174644604761852 1278439.9740306981839 1196.3004466733455047
8050 3049.1348315979294057 -1649.88916015625 -1498.9367533512577211 1265905.4932731357403 1196.3004466733455047
8100 2928.249722020522313 -1642.9661865234375 -1497.9983947799023554 1284519.8586686316412 1196.3004466733455047
8150 2921.2678171084962742 -1639.5703125 -1494.9481713782845418 1292201.2333460885566 1196.3004466733455047
8200 3207.4414629606267226 -1642.411865234375 -1483.6222297277361122 1328808.9683064157143 1196.3004466733455047
8250 3095.977706825371115 -1633.2431640625 -1479.9717241062112407 1332861.7215231577866 1196.3004466733455047
8300 3333.2783635927748946 -1648.60400390625 -1483.5846068231612662 1320445.1096583046019 1196.3004466733455047
8350 2971.5490989732129492 -1632.853515625 -1485.7421174077753676 1319744.6734545130748 1196.3004466733455047
8400 3288.4949161930549053 -1645.013427734375 -1482.2111084597049739 1309206.9237775781658 1196.3004466733455047
8450 2981.9823142548671058 -1635.961181640625 -1488.3332700369933264 1305402.7174775002059 1196.3004466733455047
8500 3024.6411409665370229 -1644.97705078125 -1495.2372441912530121 1320117.3308640071191 1196.3004466733455047
8550 3014.0823963785992419 -1646.388916015625 -1497.1718373456503741 1307834.891622367315 1196.3004466733455047
8600 2870.1850447725760205 -1640.212890625 -1498.1196856954363739 1276563.289899810683 1196.3004466733455047
8650 2910.7085389463300089 -1647.188232421875 -1503.0888456356467486 1283637.392238167813 1196.3004466733455047
8700 3012.5244204031159825 -1650.7197265625 -1501.5797780413158762 1283969.1902134609409 1196.3004466733455047
8750 2942.9796520941804374 -1639.99658203125 -1494.2995610081022733 1290749.7151576336473 1196.3004466733455047
8800 2766.2844206140130154 -1642.8114013671875 -1505.8619667697009845 1303494.6650979619008 1196.3004466733455047
8850 2994.5190393736902479 -1651.5947265625 -1503.3461638776084328 1282972.9911118922755 1196.3004466733455047
8900 2862.7955411939083206 -1635.605224609375 -1493.8778491402649706 1309436.5734675917774 1196.3004466733455047
8950 2975.8779809389493494 -1641.43798828125 -1494.1122816822737605 1322600.5928376899101 1196.3004466733455047
9000 2992.0992050203294639 -1649.64453125 -1501.5157664224952896 1336031.1894310570788 1196.3004466733455047
9050 2953.6788239179691118 -1645.868896484375 -1499.6421954612205809 1341992.3239204047713 1196.3004466733455047
9100 3013.2870700939706694 -1645.2060546875 -1496.0283499460297207 1310113.4427174844313 1196.3004466733455047
9150 3170.2594801651553098 -1654.5157470703125 -1497.5668664343975252 1282190.9570931100752 1196.3004466733455047
9200 2980.4609815237718067 -1645.8795166015625 -1498.3269210629766803 1295275.7516455298755 1196.3004466733455047
9250 3028.960535041807816 -1649.9903564453125 -1500.0367111870991721 1321856.7130185123533 1196.3004466733455047
9300 3059.379108641358016 -1658.979736328125 -1507.5201698332241449 1342332.4435661293101 1196.3004466733455047
9350 3038.5765459543417819 -1661.04052734375 -1510.6108257379892166 1310057.8420885147061 1196.3004466733455047
9400 2999.329193812774065 -1653.1357421875 -1504.6490449399257159 1315117.800652496051 1196.3004466733455047
9450 3064.542560501708067 -1652.5240478515625 -1500.8088562273087518 1291997.9953455524519 1196.3004466733455047
9500 2980.5360771754376401 -1653.729248046875 -1506.1729347752320791 1278949.0152025902644 1196.3004466733455047
9550 2936.8018302526838852 -1649.543701171875 -1504.1525233230345293 1312247.4257801871281 1196.3004466733455047
9600 3014.8165363991852246 -1656.582275390625 -1507.3288519182194705 1291187.154101799475 1196.3004466733455047
9650 2899.5168616920545901 -1656.7017822265625 -1513.1564577271869894 1304670.1588289691135 1196.3004466733455047
9700 2922.740569669677825 -1649.0902099609375 -1504.3951578149424222 1308541.4565841082949 1196.3004466733455047
9750 2972.2799006427098902 -1654.4271240234375 -1507.2795462743129065 1299624.0221122663934 1196.3004466733455047
9800 3032.2746612194964655 -1662.0986328125 -1511.9809163174907098 1328289.2620135650504 1196.3004466733455047
9850 2875.4493433873162758 -1654.571044921875 -1512.2172222794440586 1281065.6061040684581 1196.3004466733455047
9900 3038.0747515444550118 -1659.505859375 -1509.1009999222030729 1266325.2968062097207 1196.3004466733455047
9950 2894.7741138133869754 -1647.051025390625 -1503.7404983819130848 1296080.0447258141357 1196.3004466733455047
10000 2891.8012306614978115 -1649.091064453125 -1505.9277148871017289 1281360.7682999649551 1196.3004466733455047
10050 2955.4360073600646501 -1642.310546875 -1495.9968536116095947 1290677.2668417652603 1196.3004466733455047
10100 3039.0465863403769617 -1641.55615234375 -1491.1031806199109724 1296611.1456072705332 1196.3004466733455047
10150 2927.0796487848492688 -1637.422607421875 -1492.5127420675676149 1328425.2586329453625 1196.3004466733455047
10200 3145.5341424324533364 -1647.40966796875 -1491.6848556164477486 1276029.1683573026676 1196.3004466733455047
10250 3323.5116425841597447 -1652.7568359375 -1488.2209563517567403 1339264.9758032413665 1196.3004466733455047
10300 3148.6450865473088925 -1634.8857421875 -1479.0069174587338239 1363617.8166772264522 1196.3004466733455047
10350 3148.9252447329754432 -1642.143310546875 -1486.250616128918864 1351710.3657417418435 1196.3004466733455047
10400 3304.2072479555940845 -1648.034912109375 -1484.4547281527320592 1348084.0496881224681 1196.3004466733455047
10450 3100.0215850821869026 -1649.21240234375 -1495.7407635804531765 1327050.6748779136688 1196.3004466733455047
10500 2985.2498845594614068 -1642.796142578125 -1495.006464562338806 1303898.096285990905 1196.3004466733455047
10550 2916.2449913043815286 -1642.2015380859375 -1497.8280601706621837 1267646.6081776153296 1196.3004466733455047
10600 2845.7594154634889492 -1635.6256103515625 -1494.7416361499169852 1303341.0427312625106 1196.3004466733455047
10650 3047.4917167444318693 -1644.47314453125 -1493.6020828144519328 1313758.5481600158382 1196.3004466733455047
10700 2840.145974406327241 -1641.7493896484375 -1501.1433180273061225 1315941.7327709218953 1196.3004466733455047
10750 2872.1340213514240531 -1640.0733642578125 -1497.8836720550937116 1305460.6303390506655 1196.3004466733455047
10800 3027.0321326872003738 -1645.34619140625 -1495.4880148605709564 1298565.3123583348934 1196.3004466733455047
10850 3029.5717401502743087 -1641.415771484375 -1491.4318675176195939 1319871.7365148176905 1196.3004466733455047
10900 2963.1807961243466707 -1640.668212890625 -1493.9711011925858202 1315714.0297237117775 1196.3004466733455047
10950 2989.0319711690535769 -1642.8095703125 -1494.8326539133709048 1333206.8960503283888 1196.3004466733455047
11000 3129.2632193892936812 -1652.721923828125 -1497.8026301327383862 1324613.7210403825156 1196.3004466733455047
11050 3021.3122999845609229 -1645.697021484375 -1496.1220146116268097 1328751.2863848451525 1196.3004466733455047
11100 2888.324082865289256 -1641.420166015625 -1498.4289583382499131 1311963.7990268887952 1196.3004466733455047
11150 3077.8290362827597164 -1649.224609375 -1496.8516490367092047 1317156.0077736079693 1196.3004466733455047
11200 3203.0921076884710601 -1658.4315185546875 -1499.8572049943193178 1261645.9416039413773 1196.3004466733455047
11250 2913.2072677468440816 -1643.900634765625 -1499.6775443233689202 1326029.5578010510653 1196.3004466733455047
11300 2993.2164722728371089 -1649.84619140625 -1501.6621144360801736 1290674.4803156047128 1196.3004466733455047
11350 3166.0621990828840353 -1658.166015625 -1501.4249282538630723 1315248.3401620769873 1196.3004466733455047
11400 3080.687963848898562 -1639.27685546875 -1486.762359245421294 1339667.7043740674853 1196.3004466733455047
11450 3008.2695118935130267 -1634.65771484375 -1485.7284125273854443 1330223.6821978099179 1196.3004466733455047
11500 3140.6785909696577619 -1646.4466552734375 -1490.9622249377252956 1319222.4592515595723 1196.3004466733455047
11550 2901.9071339527577038 -1637.171875 -1493.508216162984354 1324345.504994974006 1196.3004466733455047
11600 3069.219594703526127 -1643.629150390625 -1491.6824145387570297 1318356.3337976215407 1196.3004466733455047
11650 3133.2298645266359927 -1649.04931640625 -1493.933647455752407 1270433.8542098763864 1196.3004466733455047
11700 3158.1701919006450225 -1646.943115234375 -1490.5927345864488416 1305079.2298301903065 1196.3004466733455047
11750 3063.6888865002911189 -1645.196044921875 -1493.5231158252749992 1345111.3886017645709 1196.3004466733455047
11800 2957.6061014574561341 -1638.71875 -1492.2976226790535748 1345783.6140313693322 1196.3004466733455047
11850 3227.3665895460858337 -1653.2158203125 -1493.4397588260060274 1362721.4688742069993 1196.3004466733455047
11900 2901.2311726852371976 -1636.094970703125 -1492.4647764342162191 1288040.4065527112689 1196.3004466733455047
11950 2961.3730395163188405 -1646.821533203125 -1500.213917452615533 1298530.7521015307866 1196.3004466733455047
12000 3151.002744842734046 -1646.292236328125 -1490.2966918694112337 1319826.1085873823613 1196.3004466733455047
12050 3302.2391099903370559 -1653.639404296875 -1490.1566562291604896 1310304.9843572685495 1196.3004466733455047
12100 2968.892672618751476 -1638.8272705078125 -1491.8473830219438696 1324473.6010668664239 1196.3004466733455047
12150 2998.5621611092287822 -1642.918701171875 -1494.4699771327984763 1316750.2256939958315 1196.3004466733455047
12200 2939.4161665884571448 -1636.732421875 -1491.2118170300184374 1322342.4330452380236 1196.3004466733455047
12250 2897.8644274839521131 -1639.934814453125 -1496.4712964118355103 1320783.4968930641189 1196.3004466733455047
12300 3038.9687657234530889 -1647.639404296875 -1497.1902852099551637 1326097.281991784228 1196.3004466733455047
12350 3214.3601741380052772 -1650.6890869140625 -1491.556929294793008 1291614.4069261597469 1196.3004466733455047
12400 2944.2163053803978983 -1644.4151611328125 -1498.656917566140919 1295768.2166306735016 1196.3004466733455047
12450 2963.6198620508198474 -1642.147705078125 -1495.4288567032881474 1324848.8629379968625 1196.3004466733455047
12500 3173.5533187994678883 -1661.928955078125 -1504.8170075734301463 1304866.7805984930601 1196.3004466733455047
12550 2778.7317698704209761 -1647.858154296875 -1510.2924933163744754 1312077.1406506008934 1196.3004466733455047
12600 2896.4176110426838022 -1648.24169921875 -1504.8498081917043692 1312000.5177291177679 1196.3004466733455047
12650 2820.8862731479093782 -1646.254638671875 -1506.602050061457021 1287742.0671733622439 1196.3004466733455047
12700 2904.021268757908274 -1650.342529296875 -1506.5742067585888435 1293182.5863412313629 1196.3004466733455047
12750 2906.2168313748456967 -1646.38720703125 -1502.5101895746929586 1295056.7802727371454 1196.3004466733455047
12800 2848.3240406939021341 -1646.48095703125 -1505.4700168630383814 1306115.3816911657341 1196.3004466733455047
12850 2997.0507504118695579 -1651.586181640625 -1503.2122824600862714 1316017.3496994914021 1196.3004466733455047
12900 2918.0255201801137446 -1644.294677734375 -1499.8330518249892975 1331040.2443751075771 1196.3004466733455047
12950 2882.8647289424757219 -1646.70263671875 -1503.9817032862883934 1333806.5880087744445 1196.3004466733455047
13000 3036.1290472613163729 -1648.89990234375 -1498.5913681637571244 1321725.2431588985492 1196.3004466733455047
13050 2977.5874236901345284 -1649.43310546875 -1502.0227701105229698 1293577.5266128394287 1196.3004466733455047
13100 3024.6791697395988194 -1646.9232177734375 -1497.1815285068328194 1339320.0697588382754 1196.3004466733455047
13150 3067.5068378539831428 -1648.92138671875 -1497.0594436959925133 1307122.7994760756847 1196.3004466733455047
13200 3105.7440521023745532 -1646.18896484375 -1492.4340259913237787 1277904.8737174402922 1196.3004466733455047
13250 2878.4970808433458842 -1640.1923828125 -1497.6876769426271494 1288370.4843629249372 1196.3004466733455047
13300 3058.0937491410413713 -1649.5361328125 -1498.1402001419128283 1310233.792623519199 1196.3004466733455047
13350 3126.6328858583478905 -1648.2208251953125 -1493.4317504633779663 1329412.2753288235981 1196.3004466733455047
13400 2912.5224472843656258 -1645.810546875 -1501.6213595897866071 1317356.0088488531765 1196.3004466733455047
13450 2995.6942300288028491 -1640.1246337890625 -1491.8178913687240765 1305665.1102978829294 1196.3004466733455047
13500 2928.1068105316398942 -1640.8756103515625 -1495.914893675021176 1335501.0429421963636 1196.3004466733455047
13550 3068.7730887164916567 -1643.470703125 -1491.5460722822963362 1325855.5291885528713 1196.3004466733455047
13600 2887.8002334250240892 -1632.95751953125 -1489.9922458771893616 1325131.3082600669004 1196.3004466733455047
13650 3027.6719180744448749 -1645.11767578125 -1495.227825613584173 1328185.9464867080096 1196.3004466733455047
13700 2902.8973336391077282 -1646.787109375 -1503.0744290830052705 1306120.2214272960555 1196.3004466733455047
13750 3036.3646057586847746 -1650.775634765625 -1500.4554388769558955 1323652.5813183579594 1196.3004466733455047
13800 2861.9393428422022225 -1645.05419921875 -1503.3692112493836248 1305597.0007377471775 1196.3004466733455047
13850 2743.4795852070137698 -1637.998046875 -1502.1776029524432943 1357275.3828230395447 1196.3004466733455047
13900 3085.1154358194712586 -1651.3875732421875 -1498.6538877776702066 1323866.8084363543894 1196.3004466733455047
13950 2831.930498374621493 -1648.64892578125 -1508.4495747377666248 1314612.3362041970249 1196.3004466733455047
14000 2893.3772124589281702 -1650.70947265625 -1507.4681015337714598 1284775.377478481736 1196.3004466733455047
14050 2660.365650210705553 -1645.453369140625 -1513.7476165058103561 1320155.6715636239387 1196.3004466733455047
14100 2913.1392074224913813 -1651.7596435546875 -1507.5399225501034834 1319032.4070863786619 1196.3004466733455047
14150 2765.8491126735812031 -1642.58349609375 -1505.6556121278158571 1273476.725227716146 1196.3004466733455047
14200 3123.0281387122363412 -1642.9183349609375 -1488.30771913216131 1303093.5958149009384 1196.3004466733455047
14250 3199.0099485555497267 -1643.1915283203125 -1484.8193087243337231 1286308.1565061509609 1196.3004466733455047
14300 3125.4279816795378792 -1642.7880859375 -1488.0586619576004068 1303110.5194740847219 1196.3004466733455047
14350 3031.8126870975484053 -1643.47412109375 -1493.3792753832226481 1321014.9477525455877 1196.3004466733455047
14400 3021.4030011471559192 -1650.671630859375 -1501.0921336772275936 1319343.1159017938189 1196.3004466733455047
14450 2883.4535035294356931 -1648.58837890625 -1505.8382972248994065 1310710.8376294875052 1196.3004466733455047
14500 2921.0207740953742359 -1644.27197265625 -1499.6620618029467096 1317829.7709254464135 1196.3004466733455047
14550 3012.5091003248576271 -1648.1563720703125 -1499.0171819946590404 1350041.5068889148533 1196.3004466733455047
14600 3006.1059979393353387 -1651.338623046875 -1502.5164290273148708 1308659.4711529705673 1196.3004466733455047
14650 2957.8591580798301948 -1651.34765625 -1504.914000947079785 1326167.1253976528533 1196.3004466733455047
14700 2996.5349642614501136 -1647.87451171875 -1499.526147375174105 1329778.4509724969976 1196.3004466733455047
14750 2893.2689711508951405 -1645.67578125 -1502.4397687905081966 1329608.0293377938215 1196.3004466733455047
14800 2868.7845565676575461 -1644.21435546875 -1502.1904839983183138 1305047.1579207638279 1196.3004466733455047
14850 3002.4787427600099363 -1652.5584716796875 -1503.9158508602827169 1307497.0798771413974 1196.3004466733455047
14900 3047.3968144606619717 -1652.1317138671875 -1501.2653504431634701 1272511.0986861579586 1196.3004466733455047
14950 3080.355083952388668 -1645.487060546875 -1492.9890440872597992 1283453.478762002429 1196.3004466733455047
15000 3040.9901629970136128 -1645.92529296875 -1495.3761013037365046 1298521.1489313479979 1196.3004466733455047
15050 3246.1896620221618832 -1651.655517578125 -1490.947589102908978 1320454.6407918215264 1196.3004466733455047
15100 3138.1433559905694892 -1642.286865234375 -1486.9279458527680617 1358965.683758325642 1196.3004466733455047
15150 2996.0795832688286282 -1630.2734375 -1481.9476175372553826 1330074.2858444235753 1196.3004466733455047
15200 3247.2012318651036367 -1645.7562255859375 -1484.9982176911887564 1340029.4274387264159 1196.3004466733455047
15250 2987.6135335975027374 -1639.32421875 -1491.4175244227549229 1327052.3342788151931 1196.3004466733455047
15300 2974.0803450274370334 -1645.5125732421875 -1498.2758615491070486 1318966.9242186676711 1196.3004466733455047
15350 2930.7455582716279423 -1642.072509765625 -1496.9811575664514294 1321021.9646907753777 1196.3004466733455047
15400 3100.6025783311611121 -1648.495361328125 -1494.9949595438029064 1328728.7618630621582 1196.3004466733455047
15450 3069.8638208306201705 -1643.70166015625 -1491.7230308363059521 1293401.3667088674847 1196.3004466733455047
15500 3104.2707668943216959 -1645.2122802734375 -1491.5302788148453601 1271934.0162002108991 1196.3004466733455047
15550 2949.0645769566503986 -1644.1070556640625 -1498.1087904834905657 1294226.7638895467389 1196.3004466733455047
15600 2921.3350976353235637 -1649.471435546875 -1504.845963592639464 1298801.7601866156328 1196.3004466733455047
15650 2992.318078076292295 -1655.47900390625 -1507.339403410135219 1269505.5594970074017 1196.3004466733455047
15700 2793.1728804985541501 -1657.1038818359375 -1518.8232900548493944 1292234.3150116016623 1196.3004466733455047
15750 2878.5049361283663529 -1653.7225341796875 -1511.2174394210819628 1283980.9097480420023 1196.3004466733455047
15800 2818.3827073503289284 -1655.623046875 -1516.0944013840608022 1296035.9936407194473 1196.3004466733455047
15850 2824.9253080229982515 -1650.72119140625 -1510.8686437683577424 1287676.0804022757802 1196.3004466733455047
15900 2764.8663804363191048 -1653.120361328125 -1516.2411291288894972 1321049.0012121181935 1196.3004466733455047
15950 2768.2128532350079695 -1649.674560546875 -1512.6296557384669086 1306378.3201490372885 1196.3004466733455047
16000 2925.5547159482562165 -1654.046875 -1509.2125039398492845 1307107.0373136464041 1196.3004466733455047
16050 3002.5847102202319547 -1654.44140625 -1505.7935393381633276 1286240.920535214711 1196.3004466733455047
16100 2902.8599361912984023 -1649.3062744140625 -1505.5954455438863988 1288423.8144929709379 1196.3004466733455047
16150 3016.3942802530223162 -1648.93701171875 -1499.6054794564049644 1293591.8801290306728 1196.3004466733455047
16200 2844.9062481445348567 -1643.134521484375 -1502.2927847262392334 1321245.4662190938834 1196.3004466733455047
16250 2893.0951949356126534 -1638.560302734375 -1495.3328933506377325 1295612.6768950559199 1196.3004466733455047
16300 2999.1232080150070942 -1644.723388671875 -1496.2468890881159496 1295246.9096844810992 1196.3004466733455047
16350 2839.5978993895937492 -1642.798828125 -1502.219889853967743 1293026.7913180300966 1196.3004466733455047
16400 2925.3182575819009799 -1646.671630859375 -1501.8489660573866331 1295347.2666095930617 1196.3004466733455047
16450 2823.3149956646343526 -1642.3291015625 -1502.5562750716308074 1308561.5519840740599 1196.3004466733455047
16500 2814.6192190356327956 -1645.2117919921875 -1505.869464145584061 1296998.8365173740312 1196.3004466733455047
16550 2824.7781420777405401 -1642.9327392578125 -1503.0874773107352667 1312431.9584553984459 1196.3004466733455047
16600 2901.6752601260632218 -1646.9638671875 -1503.3116876435126414 1271046.1190192021895 1196.3004466733455047
16650 3127.3437677093174898 -1653.0985107421875 -1498.2742426415486534 1308496.9107357100584 1196.3004466733455047
16700 3053.8798149984199881 -1650.63916015625 -1499.4518451874300808 1299020.3263681943063 1196.3004466733455047
16750 2934.9138370603768635 -1644.7119140625 -1499.4142044045236162 1316932.9091543913819 1196.3004466733455047
16800 3076.2210241665716239 -1651.7900390625 -1499.4966859939811457 1290608.7251979191788 1196.3004466733455047
16850 3099.9620092097352426 -1649.781982421875 -1496.3132930595822927 1269662.576312509831 1196.3004466733455047
16900 2940.629142863967445 -1646.53857421875 -1500.9579189993842192 1304876.5792421798687 1196.3004466733455047
16950 3215.5321211821637917 -1656.4727783203125 -1497.2826015458617803 1326890.7871833504178 1196.3004466733455047
17000 3077.4364311619829095 -1646.81689453125 -1494.4633707515824881 1335257.353756566532 1196.3004466733455047
17050 3141.3802604185284508 -1643.8616943359375 -1488.3425267065540538 1345940.9033467068803 1196.3004466733455047
17100 3155.584347497005183 -1647.1295166015625 -1490.907152410077515 1343804.9429698607419 1196.3004466733455047
17150 3017.8769030562866647 -1640.671142578125 -1491.2662106490229235 1355375.7455376090948 1196.3004466733455047
17200 3035.8663104443694465 -1652.11279296875 -1501.8172660045954672 1310872.4747472584713 1196.3004466733455047
17250 3022.3689323448793402 -1640.933837890625 -1491.3065207047200147 1305575.0730293437373 1196.3004466733455047
17300 3129.694970826093595 -1642.850830078125 -1487.9101618217150644 1313086.5632318556309 1196.3004466733455047
17350 3114.3640629351343705 -1649.400634765625 -1495.2189481785935641 1289256.0137142336462 1196.3004466733455047
17400 3010.2652098008165922 -1643.17333984375 -1494.1452372384505907 1289500.816326781176 1196.3004466733455047
17450 2730.0894463992913188 -1634.906982421875 -1499.7494392210353453 1282690.8274513017386 1196.3004466733455047
17500 2866.0270737565388117 -1648.37060546875 -1506.4832476948424755 1320380.3511700963136 1196.3004466733455047
17550 2919.2342055109825196 -1655.8687744140625 -1511.3473105605248747 1300733.9956104282755 1196.3004466733455047
17600 2811.9025005332428009 -1654.90966796875 -1515.7018357148956511 1320282.8674985750113 1196.3004466733455047
17650 2975.6266618754702904 -1659.2200927734375 -1511.9068281357399428 1293853.250570909353 1196.3004466733455047
17700 2848.3026507852723626 -1649.362060546875 -1508.352179321074118 1305007.3100904126186 1196.3004466733455047
17750 2916.1633982035691588 -1655.79736328125 -1511.4279247658787426 1308095.3389397596475 1196.3004466733455047
17800 3025.3279350501147746 -1656.8919677734375 -1507.1181603190573242 1292119.6757740369067 1196.3004466733455047
17850 2852.5281472071783355 -1649.4951171875 -1508.2760458503853442 1294404.1835248237476 1196.3004466733455047
17900 2919.3057925258508476 -1653.2957763671875 -1508.7707684813958622 1329837.4218305069953 1196.3004466733455047
17950 2935.4019130376209432 -1655.0889892578125 -1509.7671166003171948 1299497.6283618581947 1196.3004466733455047
18000 2845.5887130151054407 -1648.286865234375 -1507.4113419366265134 1284304.372000934789 1196.3004466733455047
18050 2891.9348574494165405 -1641.9219970703125 -1498.7520320916021319 1306683.2749678150285 1196.3004466733455047
18100 2825.1123809890532357 -1636.525146484375 -1496.6633374933339837 1334840.0422428050078 1196.3004466733455047
18150 3097.1127057742223769 -1647.734375 -1494.4067450644179189 1265874.330461374484 1196.3004466733455047
18200 3060.7024278877015604 -1645.412353515625 -1493.887273937099053 1305746.7570892882068 1196.3004466733455047
18250 3133.1368114873175728 -1649.6470947265625 -1494.5360325189678861 1310220.2877302586567 1196.3004466733455047
18300 2914.6520087542171495 -1647.572265625 -1503.2776509162492857 1312399.1902058918495 1196.3004466733455047
18350 2807.7602312290096052 -1643.3935546875 -1504.3907922503781265 1316095.0215831103269 1196.3004466733455047
18400 2965.8820210463559306 -1646.46337890625 -1499.6325386504988728 1288538.5415841473732 1196.3004466733455047
18450 2925.0066261671554457 -1647.90087890625 -1503.093641927132694 1279980.3456940324977 1196.3004466733455047
18500 2987.9035224217000177 -1658.326416015625 -1510.4053653173511975 1297149.4775604140013 1196.3004466733455047
18550 2734.5126923291636558 -1645.1790771484375 -1509.8025539234658936 1328816.0564191432204 1196.3004466733455047
18600 2853.16607829376062 -1651.48974609375 -1510.2390929348355257 1303553.1202733847313 1196.3004466733455047
18650 3035.0988905628069006 -1662.0484619140625 -1511.7909273262866918 1319713.6818954537157 1196.3004466733455047
18700 2848.8428024505742542 -1646.7958984375 -1505.7592761200714904 1342982.1898498483934 1196.3004466733455047
18750 2866.0825107822192876 -1644.8587646484375 -1502.968662373904408 1329274.4423366654664 1196.3004466733455047
18800 3128.0528738401649207 -1648.390380859375 -1493.5310072999604927 1314197.7801896943711 1196.3004466733455047
18850 3029.0611940899912042 -1651.152587890625 -1501.1939593416000207 1318641.6629105170723 1196.3004466733455047
18900 3022.1026951376438774 -1645.237548828125 -1495.6234121506045085 1342430.9425801786128 1196.3004466733455047
18950 3197.880286880352287 -1654.418701171875 -1496.1024073247281194 1364066.4487507981248 1196.3004466733455047
19000 3082.3061716774427623 -1646.486328125 -1493.8917198764836485 1341477.0869526565075 1196.3004466733455047
19050 3118.0031314350294451 -1649.2479248046875 -1494.8860801797447948 1316326.0108693332877 1196.3004466733455047
19100 2857.191618578474845 -1636.23193359375 -1494.781989479128697 1322607.1871729928534 1196.3004466733455047
19150 2985.1531138399877818 -1640.85595703125 -1493.0710698082034469 1308168.9463490333874 1196.3004466733455047
19200 2805.336903070407061 -1637.00390625 -1498.1211146368077607 1250195.3444120208733 1196.3004466733455047
19250 2916.476126217421097 -1645.59228515625 -1501.2073645290754484 1268705.395754867699 1196.3004466733455047
19300 3237.131698758517814 -1649.9471435546875 -1489.6876443654541617 1278047.7448972754646 1196.3004466733455047
19350 3026.8194227188819241 -1644.3021240234375 -1494.4544780326345972 1286555.8858427628875 1196.3004466733455047
19400 2866.165117631373505 -1647.480224609375 -1505.5860327476682414 1291992.1501757700462 1196.3004466733455047
19450 3017.5094055252598082 -1646.2989501953125 -1496.9122118325390147 1298217.739104259992 1196.3004466733455047
19500 2937.1722889965408285 -1643.3475341796875 -1497.9380161648341527 1306017.0340274819173 1196.3004466733455047
19550 2822.4734372597254151 -1643.714111328125 -1503.9829475624890165 1295448.9737144084647 1196.3004466733455047
19600 3015.3892162673928397 -1651.1910400390625 -1501.9092651131434195 1290657.1880533392541 1196.3004466733455047
19650 2926.0402518404462171 -1645.5645751953125 -1500.7061668867079334 1313290.9070750831161 1196.3004466733455047
19700 3047.9367907562941582 -1658.039794921875 -1507.1466990881856418 1287657.8158533554524 1196.3004466733455047
19750 2895.0208060515637953 -1653.0233154296875 -1509.7005755182508437 1306479.1936563076451 1196.3004466733455047
19800 3069.193613566451404 -1649.22265625 -1497.2772066368161177 1287053.3413562315982 1196.3004466733455047
19850 3077.2685824915893136 -1643.853759765625 -1491.5085456089077525 1326059.9593523945659 1196.3004466733455047
19900 2917.4926355738334678 -1640.139892578125 -1495.704647992724631 1330311.5753547018394 1196.3004466733455047
19950 2874.779489739568362 -1639.9873046875 -1497.6666442454697972 1315397.7239985407796 1196.3004466733455047
20000 3104.5988457676148755 -1645.0230712890625 -1491.324827749263477 1267394.0748664778657 1196.3004466733455047
20050 3078.3494890696510993 -1639.482421875 -1487.0836956702753469 1277455.8223580289632 1196.3004466733455047
20100 3125.4638779408669507 -1640.4002685546875 -1485.6690674716612648 1331797.7679945009295 1196.3004466733455047
20150 3171.3287496206776268 -1638.931884765625 -1481.9300681964869 1319991.3253226932138 1196.3004466733455047
20200 3016.460474990918101 -1625.6627197265625 -1476.3279103854540608 1342017.7049165542703 1196.3004466733455047
20250 3307.3344979262515153 -1642.292724609375 -1478.5577210282078795 1317576.368919268949 1196.3004466733455047
20300 2924.5205660921719755 -1644.164794921875 -1499.3816211417379236 1277548.916050768923 1196.3004466733455047
20350 3061.6728257840172773 -1641.347900390625 -1489.7747796771220692 1347595.2965463865548 1196.3004466733455047
20400 3198.9893702953986576 -1643.616943359375 -1485.245742523821491 1349043.2767390795052 1196.3004466733455047
20450 3310.2654289005813553 -1655.787841796875 -1491.9077376841835303 1326267.0761347687803 1196.3004466733455047
20500 3076.349938544979068 -1650.611328125 -1498.3115929393341048 1301963.7196308542043 1196.3004466733455047
20550 2914.91784370812411 -1653.4423828125 -1509.1346075095739252 1299291.5560350222513 1196.3004466733455047
20600 2933.2938674607376015 -1649.53662109375 -1504.3191106803205912 1288715.6078608310781 1196.3004466733455047
20650 3010.6280911267049305 -1654.12158203125 -1505.0755143924075128 1302442.701045997208 1196.3004466733455047
20700 2997.9535348971171516 -1651.845458984375 -1503.42686598135856 1275718.2129548022058 1196.3004466733455047
20750 3250.2119479280104315 -1651.48193359375 -1490.5748752761755895 1302920.3506165063009 1196.3004466733455047
20800 3068.6864302269186737 -1643.89404296875 -1491.9737022963056461 1321843.8977811452933 1196.3004466733455047
20850 3112.6884553358258927 -1642.014892578125 -1487.9161596858120902 1320737.6042438445147 1196.3004466733455047
20900 3007.2516478408801959 -1642.822021484375 -1493.9431101926884367 1291496.2781692687422 1196.3004466733455047
20950 3045.6192524071771004 -1643.524658203125 -1492.7462958958237778 1307888.246377576841 1196.3004466733455047
21000 3038.5331523308195756 -1649.488525390625 -1499.0609720571685557 1321054.0525684107561 1196.3004466733455047
21050 2880.8959014873030355 -1637.7015380859375 -1495.0780746767302389 1307202.7849249981809 1196.3004466733455047
21100 3037.5766505502838299 -1639.076904296875 -1488.6967041484560923 1299262.8156963605434 1196.3004466733455047
21150 3000.9516388907418332 -1637.814208984375 -1489.2471899396500703 1316026.4272974629421 1196.3004466733455047
21200 3199.7381723993435116 -1644.302001953125 -1485.8937304447235874 1279433.3683722238056 1196.3004466733455047
21250 3061.2975200936398323 -1642.453125 -1490.8985844085248118 1314389.5826872754842 1196.3004466733455047
21300 3029.3331967996837193 -1646.1337890625 -1496.161694574461535 1309659.1309083362576 1196.3004466733455047
21350 3065.9802616137230871 -1652.572021484375 -1500.7856541151604688 1310040.7094190265052 1196.3004466733455047
21400 2896.4743557603419504 -1646.512939453125 -1503.1182391860238567 1288984.3011237569153 1196.3004466733455047
21450 2910.5492083269946306 -1637.8306884765625 -1493.7391896132351121 1314631.4885640877765 1196.3004466733455047
21500 3157.4403213578643772 -1649.5142822265625 -1493.2000350135854205 1349732.5533136923332 1196.3004466733455047
21550 3089.3968870388553114 -1649.323486328125 -1496.3778406185288077 1283000.8114037492778 1196.3004466733455047
21600 2797.5007838792926123 -1643.132568359375 -1504.6377166429861063 1309297.9010071039665 1196.3004466733455047
21650 2929.6924363443390575 -1647.40380859375 -1502.3645929180045187 1320241.2541384180076 1196.3004466733455047
21700 2979.2334425899734924 -1639.95068359375 -1492.4588593777648384 1329246.6286150598899 1196.3004466733455047
21750 3007.3966356520727459 -1644.6201171875 -1495.7340280370876826 1314568.4139421917498 1196.3004466733455047
21800 2934.627138446596291 -1641.271728515625 -1495.9882123414292892 1328272.0121833300218 1196.3004466733455047
21850 2938.329071394206494 -1644.220458984375 -1498.7536725649670188 1288600.0581428587902 1196.3004466733455047
21900 2901.9763767007225397 -1646.904541015625 -1503.2374542031225246 1287360.956527988892 1196.3004466733455047
21950 2993.0977211749441267 -1645.796630859375 -1497.6184328565279884 1319163.1242154303472 1196.3004466733455047
22000 3258.4158970778571529 -1653.6500244140625 -1492.3368161759790382 1340900.392945620697 1196.3004466733455047
22050 3091.5280016884375982 -1641.119140625 -1488.0679905991637497 1304903.2321705985814 1196.3004466733455047
22100 2944.733366658266732 -1640.3570556640625 -1494.573214133158217 1304095.0354203649331 1196.3004466733455047
22150 2899.8011921096276637 -1634.012939453125 -1490.4535387113951401 1309140.3045369975735 1196.3004466733455047
22200 3202.5178311964377826 -1640.55078125 -1482.0048981866193571 1345749.4181383005343 1196.3004466733455047
22250 3073.2178172476233158 -1643.621826171875 -1491.4771517737285649 1355282.6371141616255 1196.3004466733455047
22300 3111.6867094873323367 -1641.3841552734375 -1487.3350154477448086 1353469.293654298177 1196.3004466733455047
22350 3146.2180215848102307 -1632.063232421875 -1476.3045635136270448 1356350.3460408940446 1196.3004466733455047
22400 3348.4191657581968684 -1639.9913330078125 -1474.2223657502127026 1357311.7642169382889 1196.3004466733455047
22450 3184.0368102333263778 -1639.70458984375 -1482.0736399495046953 1355564.4669639854692 1196.3004466733455047
22500 3178.2706444191112496 -1638.068115234375 -1480.7226288095284872 1337865.0246541008819 1196.3004466733455047
22550 3183.3927814761036643 -1638.1533203125 -1480.5542541152126432 1325233.8169908884447 1196.3004466733455047
22600 3083.1424852421337164 -1638.27587890625 -1485.6398675868936152 1346865.5720231540035 1196.3004466733455047
22650 3262.1584376095065636 -1639.9549560546875 -1478.45646722652873 1332086.6334405497182 1196.3004466733455047
22700 3264.442407568822091 -1646.4368896484375 -1484.8253291519299637 1343106.6182227674872 1196.3004466733455047
22750 3144.0730819518580574 -1646.6090087890625 -1490.9565286254676266 1317856.1442206292413 1196.3004466733455047
22800 2999.9401880815967161 -1640.39697265625 -1491.8800271380951017 1318501.5264008964878 1196.3004466733455047
22850 3000.3746871012722295 -1638.7271728515625 -1490.1887167488000614 1314175.5236843656749 1196.3004466733455047
22900 2739.9024549599148486 -1637.284912109375 -1501.6415598702226362 1320864.8258406375535 1196.3004466733455047
22950 3151.7983741592447586 -1648.9091796875 -1492.8742462981927019 1316093.8547781482339 1196.3004466733455047
23000 3266.7816805545267016 -1654.115234375 -1492.3878643433722573 1318798.776099152863 1196.3004466733455047
23050 2931.6465809042151704 -1645.447021484375 -1500.311062686121204 1332646.8072151725646 1196.3004466733455047
23100 2884.9930145457551589 -1650.6239013671875 -1507.7976036750499134 1319320.2049716562033 1196.3004466733455047
23150 2813.5789042725687068 -1643.2806396484375 -1503.9898142856507093 1310672.2846421387512 1196.3004466733455047
23200 3078.2917397905771395 -1650.845458984375 -1498.449591752161723 1308463.6184881643858 1196.3004466733455047
23250 2973.2173867344845348 -1643.7158203125 -1496.5218307811107934 1321099.7354536380153 1196.3004466733455047
23300 3077.7999824786916179 -1645.74609375 -1493.3745717677979883 1315498.5029644635506 1196.3004466733455047
23350 2936.5826548582858777 -1642.106689453125 -1496.7263622406530885 1314459.047167591285 1196.3004466733455047
23400 2825.3317629307071002 -1641.258544921875 -1501.3858750690055786 1310399.6687374119647 1196.3004466733455047
23450 3113.8366195695489296 -1651.6363525390625 -1497.4807778984963988 1334678.4123137940187 1196.3004466733455047
23500 3007.686587320974013 -1643.3359375 -1494.4354938179926648 1333681.6628053553868 1196.3004466733455047
23550 3126.8889407033998395 -1645.7615966796875 -1490.9598455338621079 1321779.2407215971034 1196.3004466733455047
23600 3187.6342504487879523 -1641.61474609375 -1483.8056990378988758 1326771.7188472528942 1196.3004466733455047
23650 3329.6988535578625488 -1645.66259765625 -1480.8204100718535301 1322410.9233463446144 1196.3004466733455047
23700 3208.6251515724056844 -1644.821044921875 -1485.9728089745458419 1329489.2661171907093 1196.3004466733455047
23750 3074.2310210303212443 -1642.8880615234375 -1490.6932268148984804 1325492.0195158638526 1196.3004466733455047
23800 3068.7729410388460565 -1634.9998779296875 -1483.075254398007246 1300853.5510720557068 1196.3004466733455047
23850 2943.5365053478835762 -1642.26708984375 -1496.5425008895247174 1297947.7064919045661 1196.3004466733455047
23900 2883.5300658582254982 -1648.39208984375 -1505.6382178190922332 1282483.1596392488573 1196.3004466733455047
23950 2836.3044967551650188 -1648.151611328125 -1507.735718340985386 1283080.9484249560628 1196.3004466733455047
24000 2847.0557609765346569 -1649.0693359375 -1508.1211840310124899 1280487.8193812728859 1196.3004466733455047
24050 2679.3570299208499819 -1650.8729248046875 -1518.2269728562559976 1259971.0140746000689 1196.3004466733455047
24100 2853.1021459440180479 -1661.19287109375 -1519.945383010373007 1246473.8991274852306 1196.3004466733455047
24150 2799.7871510156724071 -1648.058837890625 -1509.4507958297160712 1303817.0387256280519 1196.3004466733455047
24200 2888.4351437385375903 -1652.0784912109375 -1509.081785283388399 1302536.4742211343255 1196.3004466733455047
24250 2850.2661584800512173 -1648.147705078125 -1507.0406171925085346 1329227.5269272553269 1196.3004466733455047
24300 3007.6036373282695422 -1645.1002197265625 -1496.2038826196114769 1290320.7607170019764 1196.3004466733455047
24350 3009.035051461837611 -1651.404052734375 -1502.4368511296138422 1271188.2602285104804 1196.3004466733455047
24400 3033.7373996939172685 -1652.436767578125 -1502.2466358225797194 1311785.4453515212517 1196.3004466733455047
24450 3031.5230027268494268 -1645.53173828125 -1495.4512338692829871 1302738.8944547141436 1196.3004466733455047
24500 2771.5321829683962278 -1631.0096435546875 -1493.8004098989481463 1339073.001631144667 1196.3004466733455047
24550 3121.2913104107055915 -1642.1021728515625 -1487.5775415484972655 1300069.256480953889 1196.3004466733455047
24600 3126.8638547497112086 -1644.341796875 -1489.5412876503407915 1327586.048158116173 1196.3004466733455047
24650 3124.9866004424707171 -1646.616455078125 -1491.9088823982608574 1316689.1896788123995 1196.3004466733455047
24700 2918.7572368321757494 -1639.446533203125 -1494.9486824641307976 1306599.71083059581 1196.3004466733455047
24750 3144.667983589294181 -1648.4906005859375 -1492.8086688437988414 1294782.1630576783791 1196.3004466733455047
24800 2796.7609438426884481 -1635.3197021484375 -1496.8614774230950388 1298474.4790454355534 1196.3004466733455047
24850 3114.092416433951712 -1648.591796875 -1494.4235585922970131 1325738.0790138763841 1196.3004466733455047
24900 2997.3065515760813469 -1640.019287109375 -1491.6327240738303317 1307824.6645936039276 1196.3004466733455047
24950 2974.6974801087199012 -1639.2076416015625 -1491.9403776269371065 1339578.7597292691935 1196.3004466733455047
25000 2765.4126829844094573 -1638.290283203125 -1501.3840054027493807 1330814.8342692540027 1196.3004466733455047
25050 3209.9660379942147301 -1644.7860107421875 -1485.8713920194800266 1347742.5211811526679 1196.3004466733455047
25100 3173.3768509546653149 -1641.016357421875 -1483.9131462464563356 1359442.2164736399427 1196.3004466733455047
25150 3209.6671223328494307 -1648.3642578125 -1489.46443739849542 1340983.6646713421214 1196.3004466733455047
25200 3008.4933594491753865 -1637.595703125 -1488.6553188692819276 1305369.9413961784448 1196.3004466733455047
25250 2993.7317187631283559 -1645.2587890625 -1497.0492039721245874 1267768.6928627758753 1196.3004466733455047
25300 2783.5616854845761736 -1633.76171875 -1495.9569448975248633 1280651.5991689928342 1196.3004466733455047
25350 2918.549402620262299 -1644.3271484375 -1499.8395868710867944 1300551.7930876596365 1196.3004466733455047
25400 2971.58272687239878 -1646.298828125 -1499.1857651036266361 1306798.7896133298054 1196.3004466733455047
25450 2988.2594994795208549 -1645.669189453125 -1497.7305155283909244 1293494.4648554699961 1196.3004466733455047
25500 3059.1351344839067679 -1643.7723388671875 -1492.3248507119794795 1295979.1451562969014 1196.3004466733455047
25550 2889.2731354536012987 -1649.081787109375 -1506.0435950314067668 1310025.554065012373 1196.3004466733455047
25600 2969.256656609077254 -1650.1402587890625 -1503.1423516804443352 1301038.871981123928 1196.3004466733455047
25650 2994.5685754925789297 -1656.9039306640625 -1508.6529156125873214 1277826.9025479780976 1196.3004466733455047
25700 2796.6133617206623967 -1647.8134765625 -1509.3625581314840929 1310781.6002586758696 1196.3004466733455047
25750 2883.1510272689338308 -1650.26953125 -1507.534424150635914 1334315.0682886170689 1196.3004466733455047
25800 2907.8789876256014395 -1644.24560546875 -1500.286300248484622 1311482.2138847555034 1196.3004466733455047
25850 3035.1508294461359583 -1657.175048828125 -1506.9149429209821847 1292063.3556561660953 1196.3004466733455047
25900 2963.0581985782655465 -1647.433349609375 -1500.7423073033671699 1335795.0534346685745 1196.3004466733455047
25950 2909.5427235015527003 -1636.56494140625 -1492.5232702203472854 1319338.3344246931374 1196.3004466733455047
26000 3167.6166905269169547 -1650.6806640625 -1493.862619050001058 1319321.9917681955267 1196.3004466733455047
26050 3020.0382811206354745 -1647.130126953125 -1497.6181924679378881 1322093.3593578932341 1196.3004466733455047
26100 2858.1530938581149712 -1637.8087158203125 -1496.3111722994460706 1344342.4592493828386 1196.3004466733455047
26150 2845.549061432237977 -1639.885009765625 -1499.0114494843378452 1313145.0095804138109 1196.3004466733455047
26200 3122.0675706742208604 -1648.1256103515625 -1493.5625490145509957 1307210.7615327057429 1196.3004466733455047
26250 3153.4980141689256925 -1649.236572265625 -1493.1174954178177359 1315210.8190488154069 1196.3004466733455047
26300 2979.0554357041414733 -1635.30029296875 -1487.8172812747843636 1293059.9429205071647 1196.3004466733455047
26350 2989.5225396086457295 -1643.763427734375 -1495.7622249423020548 1301630.2818232942373 1196.3004466733455047
26400 3023.6548476688890332 -1645.93603515625 -1496.2450566290704046 1323109.7212796686217 1196.3004466733455047
26450 3115.6626471093331929 -1648.895751953125 -1494.6497768326698861 1311202.6966714756563 1196.3004466733455047
26500 3054.8937765652431153 -1646.204833984375 -1494.9673211898198133 1264210.7541579417884 1196.3004466733455047
26550 3015.7610831860838516 -1652.537353515625 -1503.2371687096947426 1265359.831742036622 1196.3004466733455047
26600 2810.0440021189328945 -1638.2469482421875 -1499.1311239919727996 1317555.1084487889893 1196.3004466733455047
26650 2987.937134505578797 -1667.59716796875 -1519.6744532492900817 1275674.8363572196104 1196.3004466733455047
26700 2868.126308029331085 -1651.80224609375 -1509.8109622937968197 1292625.3174539611209 1196.3004466733455047
26750 2961.3817371938002907 -1655.4688720703125 -1508.860825727053907 1249534.0481856293045 1196.3004466733455047
26800 2851.4128288441893346 -1657.11328125 -1515.9494255725874154 1301723.8995316370856 1196.3004466733455047
26850 3142.7506597822607546 -1654.64306640625 -1499.0560549150288807 1299730.4068418524694 1196.3004466733455047
26900 2874.2639833365842605 -1645.78857421875 -1503.4934347643284127 1308395.3454974112101 1196.3004466733455047
26950 2972.6063438061482884 -1648.313720703125 -1501.1499818512850197 1299058.349300440168 1196.3004466733455047
27000 3101.1863734263652077 -1648.560546875 -1495.0312433596725441 1347387.7839137685951 1196.3004466733455047
27050 3169.3776822315230675 -1646.623046875 -1489.7178210880008464 1331574.0224016522989 1196.3004466733455047
27100 3126.5312285590189276 -1655.64697265625 -1500.86293063518292 1306351.4552885494195 1196.3004466733455047
27150 3100.135019686249052 -1659.662841796875 -1506.1855872679777804 1284689.2593346065842 1196.3004466733455047
27200 2910.9141743808272622 -1648.855224609375 -1504.7456575046378475 1294146.7686716427561 1196.3004466733455047
27250 2997.0161952046087208 -1651.8714599609375 -1503.499271492450589 1316450.3949052516837 1196.3004466733455047
27300 2853.2271907845129135 -1653.704345703125 -1512.450667070404279 1296054.5189296617173 1196.3004466733455047
27350 2968.9165046710149909 -1669.4052734375 -1522.4242061069060128 1261278.8752222899348 1196.3004466733455047
27400 2850.0449133508600426 -1657.6591796875 -1516.5630449038583265 1257730.1024953625165 1196.3004466733455047
27450 2851.341891738164577 -1659.373291015625 -1518.2129471956661746 1272341.2409727517515 1196.3004466733455047
27500 2944.0974708772268968 -1659.356201171875 -1513.60384070164082 1304512.2357204367872 1196.3004466733455047
27550 2835.8539362038864056 -1649.095703125 -1508.7021158748589187 1303329.1082749487832 1196.3004466733455047
27600 2918.5995320495339911 -1644.32763671875 -1499.8375934129521738 1329047.0299256581347 1196.3004466733455047
27650 2997.6145534782604045 -1651.330810546875 -1502.9289993734150812 1313536.8776574346703 1196.3004466733455047
27700 3014.8862660765125838 -1649.17919921875 -1499.9223236646230362 1327410.306651102379 1196.3004466733455047
27750 3068.2369734719322878 -1645.23095703125 -1493.3328674505635263 1330861.337501461152 1196.3004466733455047
27800 3027.8910127475728586 -1641.50537109375 -1491.6046742859539336 1306135.4235722173471 1196.3004466733455047
27850 3120.8641787987094176 -1650.8662109375 -1496.3627254834752875 1296660.9334197326098 1196.3004466733455047
27900 3141.2408324648490634 -1645.765625 -1490.2533599795026475 1304228.6573284741025 1196.3004466733455047
27950 2946.1470714539145774 -1640.18212890625 -1494.3282996072734932 1335431.6027234185021 1196.3004466733455047
28000 2893.1344902865143922 -1636.798828125 -1493.5694733606474074 1340664.545255348552 1196.3004466733455047
28050 3088.6506624385096984 -1647.688720703125 -1494.780018062845329 1318178.562772967387 1196.3004466733455047
28100 3095.5260423068543787 -1647.882080078125 -1494.6330005125385014 1326111.2628913384397 1196.3004466733455047
28150 2955.9111276765197545 -1638.356201171875 -1492.0189863001426147 1331844.7118595018983 1196.3004466733455047
28200 3059.1696805866909017 -1645.551025390625 -1494.101826974097321 1326085.2548689565156 1196.3004466733455047
28250 2892.6776472732331058 -1636.0179443359375 -1492.8112063321402729 1284014.6544754044153 1196.3004466733455047
28300 3044.2994327408846402 -1640.880859375 -1490.1678368988898455 1288174.5225637161639 1196.3004466733455047
28350 3047.8820362145470426 -1646.51171875 -1495.6213336294526925 1291162.5211255578324 1196.3004466733455047
28400 3066.8618200050636915 -1649.5211181640625 -1497.6911078048649415 1303640.5954642009456 1196.3004466733455047
28450 3014.6926550647690419 -1652.54638671875 -1503.2990961944169612 1314812.1671536695212 1196.3004466733455047
28500 2902.7382866897373788 -1649.576904296875 -1505.8720978842356999 1344541.4648549989797 1196.3004466733455047
28550 3059.8018212320125713 -1651.631103515625 -1500.1506099425625962 1322922.4980840159114 1196.3004466733455047
28600 3103.3372697018508006 -1650.788330078125 -1497.1525429248135879 1281042.5386084762868 1196.3004466733455047
28650 2956.8839158652604056 -1644.48876953125 -1498.1033951892050027 1338254.939675737638 1196.3004466733455047
28700 3068.9566173572457046 -1649.9317626953125 -1497.9980459670809978 1286637.2845150998328 1196.3004466733455047
28750 2989.5774188471514208 -1646.001953125 -1497.9980334464680709 1300278.3908805237152 1196.3004466733455047
28800 3060.2191900646921567 -1648.8939208984375 -1497.3927647986918146 1317651.8526685144752 1196.3004466733455047
28850 2868.9134687062655757 -1641.6826171875 -1499.6523637108061848 1285760.9545206723269 1196.3004466733455047
28900 2911.9130833682311277 -1641.6978759765625 -1497.5388562486534738 1340828.4741857445333 1196.3004466733455047
28950 3063.9905132492167468 -1646.27294921875 -1494.5850875966234526 1320252.5300395395607 1196.3004466733455047
29000 3068.515594709135712 -1655.6943359375 -1503.7824527567709083 1260633.4324028198607 1196.3004466733455047
29050 2946.1937591297432846 -1643.208740234375 -1497.3525995856471127 1270979.0189113793895 1196.3004466733455047
29100 2882.5823276591318063 -1643.4853515625 -1500.7783988674473221 1312924.5380943987984 1196.3004466733455047
29150 3014.9211214981924059 -1642.1014404296875 -1492.8428393009030515 1291888.0904253378976 1196.3004466733455047
29200 2943.7365690792780697 -1647.172607421875 -1501.4381139854158391 1291113.82254314702 1196.3004466733455047
29250 3111.8623841332523625 -1658.15185546875 -1504.0940185823887987 1301196.3300718942191 1196.3004466733455047
29300 2937.3979288836994783 -1638.2420654296875 -1492.8213767431782344 1294373.464461643016 1196.3004466733455047
29350 3102.300575662623487 -1648.00390625 -1494.419442330649872 1329150.3250399588142 1196.3004466733455047
29400 3182.91303939012505 -1647.166748046875 -1489.591432266189031 1309500.6683135374915 1196.3004466733455047
29450 2983.239870795963725 -1642.857421875 -1495.1672528780236462 1334391.0747166005895 1196.3004466733455047
29500 2839.6168034012293901 -1640.116455078125 -1499.5365809330785396 1282737.9097493414301 1196.3004466733455047
29550 2736.8888242885409454 -1646.6148681640625 -1511.1207106401950568 1308937.9938109894283 1196.3004466733455047
29600 2906.8745534805561874 -1652.799560546875 -1508.8899814817473271 1295702.9574860557914 1196.3004466733455047
29650 2912.7193974211518253 -1648.2431640625 -1504.044226438646092 1289503.3209813267458 1196.3004466733455047
29700 2983.6582716550010446 -1650.90771484375 -1503.1968322279378754 1299415.8875746389385 1196.3004466733455047
29750 2992.6513359156010665 -1645.59033203125 -1497.4342330607455551 1290736.5563505585305 1196.3004466733455047
29800 2847.804362938254144 -1643.3145751953125 -1502.3293625243454699 1292026.8247021406423 1196.3004466733455047
29850 2772.4579652111124233 -1641.688720703125 -1504.4336546833108059 1295467.1541320104152 1196.3004466733455047
29900 2971.51200358911683 -1648.7799072265625 -1501.670345476998591 1323798.2183356848545 1196.3004466733455047
29950 3023.8497982087055789 -1644.34716796875 -1494.6465380962483778 1313247.7717771909665 1196.3004466733455047
30000 3232.7770515123843325 -1651.647216796875 -1491.6033015417394836 1301167.4970544953831 1196.3004466733455047
30050 2924.7733496812347767 -1635.652587890625 -1490.8568996454750959 1319387.9968186281621 1196.3004466733455047
30100 3022.8052885117213009 -1644.2110595703125 -1494.5621398586922624 1317130.0036268653348 1196.3004466733455047
30150 3074.8798617508782627 -1644.7352294921875 -1492.5082728625754953 1344962.2997098024935 1196.3004466733455047
30200 3080.9750278776286905 -1643.73388671875 -1491.2051789211757296 1320643.7475040075369 1196.3004466733455047
30250 3251.3038156418724611 -1639.978759765625 -1479.0176467510880229 1327449.8553232513368 1196.3004466733455047
30300 3004.4250909185602723 -1635.442626953125 -1486.7036489848105703 1325819.4676616445649 1196.3004466733455047
30350 3093.1377547132206018 -1643.7755126953125 -1490.6446692131769396 1320159.196778458776 1196.3004466733455047
30400 3015.0901744770440018 -1643.930908203125 -1494.6639378301304077 1290194.3837321822066 1196.3004466733455047
30450 2969.4554379976680138 -1639.171142578125 -1492.1633944717507347 1323690.7473898418248 1196.3004466733455047
30500 2984.5281457043870432 -1638.118408203125 -1490.3644610497885878 1324841.31852342817 1196.3004466733455047
30550 2862.704565798749627 -1639.5574951171875 -1497.8346235338083261 1295133.5899548029993 1196.3004466733455047
30600 3080.8027271459855001 -1645.472900390625 -1492.9527226225745835 1346779.5884479982778 1196.3004466733455047
30650 3089.4962978500943791 -1640.97021484375 -1488.0196476393534795 1346366.1055340778548 1196.3004466733455047
30700 2951.2375404172680646 -1635.08642578125 -1488.9805844906024959 1326558.1614737280179 1196.3004466733455047
30750 3090.7383531393934391 -1644.048583984375 -1491.0365268014568301 1351046.3211027448997 1196.3004466733455047
30800 3291.8867401238894672 -1651.9937744140625 -1489.0235373482498744 1347351.7764453692362 1196.3004466733455047
30850 3153.2393744744158539 -1646.513427734375 -1490.4071552676587089 1315098.161664502928 1196.3004466733455047
30900 3062.2308134884433457 -1646.323486328125 -1494.7227415207059948 1317790.5792004154064 1196.3004466733455047
30950 3018.4751081280055587 -1646.21240234375 -1496.7778552941870203 1326913.0628153043799 1196.3004466733455047
31000 3159.226563539538347 -1647.0570068359375 -1490.6543287822951243 1317477.4152199798264 1196.3004466733455047
31050 3133.9170151063508456 -1646.9149169921875 -1491.765229528382406 1277311.5869339094497 1196.3004466733455047
31100 3202.7711579693936983 -1643.733642578125 -1485.1752181585243306 1321014.4994509036187 1196.3004466733455047
31150 2972.5391925416256527 -1632.51904296875 -1485.3586285500884969 1309336.9511979871895 1196.3004466733455047
31200 2943.0090533536363182 -1640.6749267578125 -1494.9764501772285712 1310878.2472424616572 1196.3004466733455047
31250 3066.7963047385487698 -1644.88427734375 -1493.0575104249737706 1300948.4936904141214 1196.3004466733455047
31300 3053.3973320121872348 -1644.34033203125 -1493.176903171781305 1317665.4316333753522 1196.3004466733455047
31350 3043.4902594665841207 -1642.466552734375 -1491.793589704640226 1326118.2059539468028 1196.3004466733455047
31400 3177.4821617260849962 -1646.61767578125 -1489.3112244817127703 1326398.0158862920944 1196.3004466733455047
31450 3128.8227845454066482 -1640.0531005859375 -1485.1556113378442205 1350059.9521050148178 1196.3004466733455047
31500 3104.105516984109272 -1642.74951171875 -1489.0756912272349837 1320348.0030529387295 1196.3004466733455047
31550 3369.8640851197701522 -1652.37060546875 -1485.5399724042392791 1282640.0326359011233 1196.3004466733455047
31600 3059.0286320175428045 -1641.767822265625 -1490.3256066892029139 1373217.9285240364261 1196.3004466733455047
31650 2972.4854608740861295 -1641.440673828125 -1494.282919483545129 1298688.8413155917078 1196.3004466733455047
31700 3017.1872097894774924 -1640.619140625 -1491.2483530890888233 1311187.4339937260374 1196.3004466733455047
31750 2954.4891654497355375 -1636.4384765625 -1490.17165825647362 1322209.5169490647968 1196.3004466733455047
31800 3164.3590737962235835 -1643.1287841796875 -1486.4720128113876854 1321659.8498080181889 1196.3004466733455047
31850 3038.3699808619817304 -1641.8521728515625 -1491.4326975885435331 1347391.7933448762633 1196.3004466733455047
31900 2945.0581749597172347 -1642.0987548828125 -1496.2988331857095545 1328847.8795141987503 1196.3004466733455047
31950 2966.2752619809425596 -1648.137451171875 -1501.2871428804978677 1305992.0429217380006 1196.3004466733455047
32000 3053.1659554310363092 -1652.94287109375 -1501.7908969103555137 1281903.6298906991724 1196.3004466733455047
32050 2930.0246602858560436 -1650.9757080078125 -1505.9200450424784776 1317518.8046468982939 1196.3004466733455047
32100 2910.0254774805680427 -1653.976318359375 -1509.9107476481801768 1302611.2025432216469 1196.3004466733455047
32150 2961.7870357798701662 -1651.9775390625 -1505.3494277498580232 1322802.8029625348281 1196.3004466733455047
32200 2909.4280540743138772 -1651.4332275390625 -1507.3972332507012197 1305360.5940808805171 1196.3004466733455047
32250 2984.8507064441350849 -1644.416748046875 -1496.6468319965579212 1321900.7060045883991 1196.3004466733455047
32300 2994.0173734890445303 -1640.179443359375 -1491.9557164645948433 1293657.5587600374129 1196.3004466733455047
32350 2928.2115300893374297 -1639.763916015625 -1494.7980150261073504 1301941.9466152905952 1196.3004466733455047
32400 3100.8100278155175147 -1643.00048828125 -1489.4898163709140135 1340445.479682871839 1196.3004466733455047
32450 2958.6756205253591361 -1638.35009765625 -1491.8760220446110907 1295142.2125686339568 1196.3004466733455047
32500 3202.3297874968434371 -1646.024658203125 -1487.4880845506447713 1302493.2699704931583 1196.3004466733455047
32550 3059.8433781823082427 -1637.986328125 -1486.5037772071452764 1334568.4778574027587 1196.3004466733455047
32600 3127.2977250963690494 -1632.42333984375 -1477.601351157969475 1312552.5396664487198 1196.3004466733455047
32650 3120.0535429700471468 -1631.91943359375 -1477.4560799922464867 1319825.1050565405749 1196.3004466733455047
32700 3247.8355211203897852 -1628.835693359375 -1468.0462839376409647 1355779.1075751520693 1196.3004466733455047
32750 3242.1712858381119986 -1631.2158203125 -1470.7068281224703696 1369621.3254465197679 1196.3004466733455047
32800 3244.6595390246520765 -1634.03662109375 -1473.4044438600953981 1339915.7715607322752 1196.3004466733455047
32850 3333.907936361881184 -1632.755126953125 -1467.704561840413362 1359613.1380284179468 1196.3004466733455047
32900 3104.8085288617094193 -1632.739501953125 -1479.03087770880893 1316757.1850117857102 1196.3004466733455047
32950 3210.7073718728211134 -1635.4993896484375 -1476.5480699795921282 1313253.5647139942739 1196.3004466733455047
33000 2934.5922190330015837 -1635.188232421875 -1489.9064449903612513 1280553.0112377735786 1196.3004466733455047
33050 3136.0730582683545435 -1652.3602294921875 -1497.1038035853632664 1292300.9663538462482 1196.3004466733455047
33100 2860.3561660356635912 -1641.768310546875 -1500.1617003346573256 1324571.9500704735983 1196.3004466733455047
33150 3033.0143469653958164 -1655.083740234375 -1504.9294043867330402 1329503.3335707413498 1196.3004466733455047
33200 2975.3209236339553172 -1653.561279296875 -1506.2631507308692562 1293460.0132028909866 1196.3004466733455047
33250 2906.141570333866639 -1650.288330078125 -1506.4150385424936758 1312843.5197187992744 1196.3004466733455047
33300 2743.2644838974370032 -1643.806884765625 -1507.9970897852047074 1308219.5228031079751 1196.3004466733455047
33350 2946.1974743070754812 -1648.357421875 -1502.5010973003420531 1292539.5870070604142 1196.3004466733455047
33400 2968.1409571781018712 -1646.1845703125 -1499.2418977289776194 1301855.458561014384 1196.3004466733455047
33450 2934.7658138308843263 -1650.84912109375 -1505.5587395678467146 1256903.9016491132788 1196.3004466733455047
33500 2951.4673917482850811 -1648.6602783203125 -1502.5430578635930488 1314257.6739672326948 1196.3004466733455047
33550 2859.2055900338114043 -1639.6097412109375 -1498.0600921454988566 1282341.7722348142415 1196.3004466733455047
33600 2920.2640280921918929 -1641.24365234375 -1496.6712054390188769 1301246.894637505291 1196.3004466733455047
33650 3128.7417519457299022 -1651.302490234375 -1496.409012637660453 1316634.1693991408683 1196.3004466733455047
33700 3103.3533529929218275 -1645.459228515625 -1491.8226451326841016 1303113.5657417180482 1196.3004466733455047
33750 3032.501798031895305 -1647.14306640625 -1497.0141051318528298 1298474.9611989557743 1196.3004466733455047
33800 3023.940778285243141 -1649.2198486328125 -1499.5147146428207634 1282752.6919920321088 1196.3004466733455047
33850 2798.2028269749234823 -1646.855712890625 -1508.3261053825708586 1290135.1499135426711 1196.3004466733455047
33900 2950.9851178351932504 -1647.482177734375 -1501.3888330364991361 1267682.8637443510816 1196.3004466733455047
33950 2844.2954343982582941 -1650.606689453125 -1509.7951920285058804 1330561.6828907029703 1196.3004466733455047
34000 2927.6048283817845004 -1654.5155029296875 -1509.579637700484227 1310634.8372929042671 1196.3004466733455047
34050 2673.6226008127782734 -1656.33154296875 -1523.9694833121729971 1286315.5155244928319 1196.3004466733455047
34100 2789.5087768897897149 -1653.88818359375 -1515.7889892545836119 1286642.4989057125058 1196.3004466733455047
34150 2960.3060025908462194 -1650.079345703125 -1503.5245553607871898 1301160.3678417478222 1196.3004466733455047
34200 2717.5571892945663421 -1640.06640625 -1505.5292929340748742 1313643.5952372003812 1196.3004466733455047
34250 2751.8038378197666134 -1641.93017578125 -1505.6976261184925079 1293759.7675053635612 1196.3004466733455047
34300 3002.4212240217507315 -1644.5113525390625 -1495.8715792788691488 1311235.6929493308999 1196.3004466733455047
34350 2981.4186506014493716 -1638.9488525390625 -1491.3488460264850346 1279782.4861925633159 1196.3004466733455047
34400 3083.3567169104153436 -1647.32861328125 -1494.6819960727718808 1263735.3518637137022 1196.3004466733455047
34450 3137.4933568067522174 -1645.365966796875 -1490.039226687959399 1288839.6183750992641 1196.3004466733455047
34500 3096.5037066691820655 -1642.571533203125 -1489.2740527642772577 1303862.22939406964 1196.3004466733455047
34550 2999.2801747652656559 -1640.87744140625 -1492.3931709267949373 1297086.5787201998755 1196.3004466733455047
34600 3041.0136582027985241 -1643.872802734375 -1493.3224479007719765 1291887.0873143430799 1196.3004466733455047
34650 2985.1346455095485908 -1641.446533203125 -1493.662560284982419 1311584.1121885317843 1196.3004466733455047
34700 3088.2511110746550003 -1644.8245849609375 -1491.9356627644058335 1297845.9875541119836 1196.3004466733455047
34750 3165.8801355340074224 -1647.642578125 -1490.9105041076213638 1273965.1582438605838 1196.3004466733455047
34800 3178.2642096800796025 -1652.9136962890625 -1495.5685284264959591 1336415.1385105056688 1196.3004466733455047
34850 3015.218653319353507 -1653.175537109375 -1503.9022061811601816 1344004.6975474855863 1196.3004466733455047
34900 2877.2744998730067891 -1653.04931640625 -1510.6051364068875955 1289940.730135739781 1196.3004466733455047
34950 2859.2287637590166014 -1650.1796875 -1508.628891181393783 1311137.5579452870879 1196.3004466733455047
35000 2889.9683318550328295 -1647.54052734375 -1504.4679184309109132 1287083.9610536999535 1196.3004466733455047
35050 2939.717025842628118 -1644.447509765625 -1498.9120103911998285 1312806.2238696839195 1196.3004466733455047
35100 2983.0334252593925157 -1648.525390625 -1500.8454420519606174 1327699.6018428809475 1196.3004466733455047
35150 3137.9581079620911623 -1652.0592041015625 -1496.7094557265850199 1305341.6595296594314 1196.3004466733455047
35200 3060.4063894664554937 -1653.1793212890625 -1501.6688975767615375 1328956.9989579233807 1196.3004466733455047
35250 3025.4688405134579625 -1650.859130859375 -1501.0783476495762443 1355202.8836397530977 1196.3004466733455047
35300 3019.1368262950863937 -1644.7149658203125 -1495.2476593306250834 1330428.8656694767997 1196.3004466733455047
35350 2983.5348905420378287 -1635.024169921875 -1487.319395489854287 1307431.2127822123002 1196.3004466733455047
35400 2952.4366422928655993 -1639.7633056640625 -1493.5981008738904166 1280431.4546097631101 1196.3004466733455047
35450 2750.4465873206172546 -1641.2403564453125 -1505.0749996883462245 1291757.6987067719456 1196.3004466733455047
35500 3052.0148703601598754 -1650.6954345703125 -1499.6004467359916816 1290262.5703029583674 1196.3004466733455047
35550 2952.6156608529763616 -1645.3006591796875 -1499.1265917829059617 1305427.9060962412041 1196.3004466733455047
35600 2958.2673712122045799 -1652.984130859375 -1506.5302662976898773 1279368.5460496945307 1196.3004466733455047
35650 2952.7387388151705636 -1656.8731689453125 -1510.6930083727143028 1274848.0608164153527 1196.3004466733455047
35700 2758.0192592161120047 -1648.537109375 -1511.9968551104773269 1304075.2572425520048 1196.3004466733455047
35750 2968.3752736462834037 -1652.8189697265625 -1505.8646969230501327 1330697.0073051850777 1196.3004466733455047
35800 2944.1576229599295402 -1651.0277099609375 -1505.2723715634683685 1267194.8642151136883 1196.3004466733455047
35850 2875.6794210747671059 -1649.110107421875 -1506.7448944072266386 1300698.845405354863 1196.3004466733455047
35900 2780.915004923586821 -1642.749267578125 -1505.0755219755601502 1294925.6152515360154 1196.3004466733455047
35950 2974.8897098275483586 -1645.75146484375 -1498.4746842224956254 1297247.8022542002145 1196.3004466733455047
36000 3074.1988764142242871 -1656.597412109375 -1504.4041687726294185 1320606.8950853338465 1196.3004466733455047
36050 2960.0301151709472833 -1645.163330078125 -1498.6221979937329252 1307689.6230697974097 1196.3004466733455047
36100 2802.8536010166158121 -1647.6099853515625 -1508.8501336680706117 1288488.8377046340611 1196.3004466733455047
36150 3055.7386310931406115 -1654.490966796875 -1503.2116280971270044 1318748.5289794213604 1196.3004466733455047
36200 3007.4897856065499582 -1643.849853515625 -1494.9591528243663561 1332648.4252440889832 1196.3004466733455047
36250 2917.8490028100641211 -1649.269287109375 -1504.8163999810940368 1307667.399602170568 1196.3004466733455047
36300 2826.7458595837983921 -1653.08203125 -1513.139354229514538 1295978.5279628399294 1196.3004466733455047
36350 3039.6197802990382115 -1655.8258056640625 -1505.3444570358212786 1289545.2290454299655 1196.3004466733455047
36400 3012.94482352717705 -1648.97119140625 -1499.8104301408252468 1283939.2448388084304 1196.3004466733455047
36450 3195.106762326529406 -1650.441162109375 -1492.2621761314617288 1322690.5170995588414 1196.3004466733455047
36500 2934.6658233667271816 -1643.411865234375 -1498.1264338999376378 1326337.9680210177321 1196.3004466733455047
36550 3036.9050795070143067 -1644.3564453125 -1494.0094923869560262 1305964.4969571051188 1196.3004466733455047
36600 2881.1824598657631213 -1644.090087890625 -1501.4524379402159866 1311160.609988727374 1196.3004466733455047
36650 2979.9265543831174909 -1657.581787109375 -1510.0556492604616778 1317049.6417230723891 1196.3004466733455047
36700 2818.7847262848545142 -1642.304931640625 -1502.7563835448158898 1316915.6743115389254 1196.3004466733455047
36750 3165.7339921102875451 -1652.5535888671875 -1495.8287499190228118 1335255.1809055104386 1196.3004466733455047
36800 3087.7298903637974945 -1650.0455322265625 -1497.1824139137963812 1326579.9446941153146 1196.3004466733455047
36850 3013.0691092241049773 -1645.8079833984375 -1496.6410691663127182 1314374.0586018532049 1196.3004466733455047
36900 2977.1940350688146282 -1641.8780517578125 -1494.4871917466846298 1331829.4216806555633 1196.3004466733455047
36950 2870.8644173393968231 -1642.108642578125 -1499.9818041985033688 1341764.9342117018532 1196.3004466733455047
37000 3128.8282008636092542 -1660.193115234375 -1505.2953578425904198 1296963.5321676367894 1196.3004466733455047
37050 2872.5328614300719892 -1653.2354736328125 -1511.0260361996831762 1332529.9897120054811 1196.3004466733455047
37100 2847.4869904227630286 -1649.86181640625 -1508.8923157807362259 1303267.3795490774792 1196.3004466733455047
37150 2922.2477422591578033 -1659.351806640625 -1514.6811527216241302 1330428.9825227193069 1196.3004466733455047
37200 2836.6512842312890825 -1657.9620361328125 -1517.5289748644843257 1301213.3422055910341 1196.3004466733455047
37250 3088.6040678706503968 -1661.8919677734375 -1508.9855718734468155 1287545.087367201224 1196.3004466733455047
37300 3055.1173800169754031 -1652.271484375 -1501.0229017258554904 1319663.1555843546521 1196.3004466733455047
37350 3065.5271069205655294 -1655.3262939453125 -1503.5623607403331334 1291151.933336392045 1196.3004466733455047
37400 2991.9703584370945464 -1653.129150390625 -1505.0067643239565314 1288740.9472237476148 1196.3004466733455047
37450 2792.9526390298628939 -1642.4578857421875 -1504.1881973752197155 1295509.7461467571557 1196.3004466733455047
37500 2726.4242522133645252 -1645.631591796875 -1510.6555000287630719 1280354.2659817065578 1196.3004466733455047
37550 2764.6241829067062099 -1644.000244140625 -1507.1330023262155464 1287483.9708805358969 1196.3004466733455047
37600 3012.9818067236965362 -1649.734619140625 -1500.5720269615690086 1291526.050448397873 1196.3004466733455047
37650 2866.757410391905978 -1647.0035400390625 -1505.0800257555299595 1307047.1482301859651 1196.3004466733455047
37700 2912.1596476579543378 -1650.656982421875 -1506.4857561255387282 1291911.5752071766183 1196.3004466733455047
37750 3122.8889650997007266 -1651.910400390625 -1497.3066745791606991 1337348.5998053087387 1196.3004466733455047
37800 2963.4897345455337927 -1641.2586669921875 -1494.5462607923277574 1323731.0258438426536 1196.3004466733455047
37850 2782.7624372336549641 -1641.231689453125 -1503.4664836925101099 1307219.6951749348082 1196.3004466733455047
37900 2790.8459597322453192 -1647.0687255859375 -1508.9033318231458907 1279967.3507899192628 1196.3004466733455047
37950 2944.137028244368139 -1652.377197265625 -1506.6228784432330485 1305458.9596519828774 1196.3004466733455047
38000 2953.7072690106883783 -1652.971435546875 -1506.7433263028826786 1268585.6043539948296 1196.3004466733455047
38050 2749.3085942235325092 -1640.8984375 -1504.7894189525322872 1304092.4578066312242 1196.3004466733455047
38100 3009.5681604739993418 -1653.890625 -1504.8970309616734085 1363075.3913810963277 1196.3004466733455047
38150 2733.4887808261223654 -1645.26123046875 -1509.9353976573797809 1341588.4416958382353 1196.3004466733455047
38200 2956.9754042065742397 -1660.2467041015625 -1513.856800479548383 1338399.2544990337919 1196.3004466733455047
38250 2768.640947336440604 -1655.6044921875 -1518.5383938804377522 1316877.8296639048494 1196.3004466733455047
38300 2717.2628939295054806 -1654.25439453125 -1519.7318507887025589 1281650.4127545217052 1196.3004466733455047
38350 2859.3416454007306129 -1651.262451171875 -1509.7060664629739222 1304098.8962708590552 1196.3004466733455047
38400 2872.5737872000522657 -1652.494873046875 -1510.2834095165674171 1313833.5959714374039 1196.3004466733455047
38450 2966.8248173891561237 -1651.526611328125 -1504.6490963974470105 1290667.3843513131142 1196.3004466733455047
38500 2810.8963725543444525 -1647.828125 -1508.6701027572985367 1291876.6799598874059 1196.3004466733455047
38550 2997.5778122871888627 -1659.47607421875 -1511.0760819780455222 1310877.9547431520186 1196.3004466733455047
38600 2959.9000978030185252 -1665.41064453125 -1518.8759491693051586 1304395.7670367653482 1196.3004466733455047
38650 2699.0164794702891413 -1650.697265625 -1517.0780404729055135 1307699.9486623620614 1196.3004466733455047
38700 2833.6478014322296985 -1655.04736328125 -1514.762994341190506 1322451.6966789388098 1196.3004466733455047
38750 2895.2713100359060263 -1658.9267578125 -1515.5916162916103076 1322082.8648786868434 1196.3004466733455047
38800 2726.0787368775454524 -1645.5390625 -1510.5800760336901476 1324245.2962323848624 1196.3004466733455047
38850 3042.3804952114273874 -1650.814208984375 -1500.1961866491501496 1281121.9077816519421 1196.3004466733455047
38900 2869.3049285806678199 -1651.4261474609375 -1509.3765141229150686 1330466.3226237487979 1196.3004466733455047
38950 2802.3816850508537755 -1654.450439453125 -1515.7139507413533011 1271687.4369978825562 1196.3004466733455047
39000 2912.6884406274343746 -1650.703125 -1506.5057199428501917 1286596.291507242946 1196.3004466733455047
39050 2957.2246518328265665 -1653.884033203125 -1507.4817901697199432 1290258.3779364237562 1196.3004466733455047
39100 2871.3222785366415337 -1649.2528076171875 -1507.1033020701481746 1322889.0430051120929 1196.3004466733455047
39150 2852.6664104157089241 -1653.08447265625 -1511.8585563728627221 1302766.3834057049826 1196.3004466733455047
39200 3032.092163503366919 -1658.328369140625 -1508.2196874935341384 1291627.6694247471169 1196.3004466733455047
39250 2955.607198318024075 -1652.1103515625 -1505.7881832107470927 1296578.7436698358506 1196.3004466733455047
39300 2841.4104062520609659 -1651.9190673828125 -1511.2503979951354722 1326611.3693329719827 1196.3004466733455047
39350 3128.883411447270646 -1659.475830078125 -1504.5753393960974336 1301998.3392866603099 1196.3004466733455047
39400 2912.8802783005216952 -1643.111328125 -1498.9044258300866659 1336434.0296777444892 1196.3004466733455047
39450 3144.1787475575811186 -1642.84033203125 -1487.1826207190240439 1352884.9045324993785 1196.3004466733455047
39500 3130.1106112415745883 -1642.7767333984375 -1487.8154881834648222 1320185.3982179227751 1196.3004466733455047
39550 2916.6858738459040978 -1633.2767333984375 -1488.8814288718654097 1297254.4177450288553 1196.3004466733455047
39600 3101.9302260725880842 -1647.031494140625 -1493.4653649834492626 1328835.94739242387 1196.3004466733455047
39650 2784.2045005238073827 -1629.6629638671875 -1491.8263664048486135 1337267.7761720765848 1196.3004466733455047
39700 3148.6446462499620793 -1645.996826171875 -1490.118023240749153 1354976.8075215835124 1196.3004466733455047
39750 3114.9802312467031697 -1648.2957763671875 -1494.0835853601270173 1316621.7336041494273 1196.3004466733455047
39800 2980.4027763383251113 -1646.2357177734375 -1498.6860037777539674 1318914.6757634226233 1196.3004466733455047
39850 3121.6389913569314558 -1652.340576171875 -1497.798732354922322 1309328.2504412268754 1196.3004466733455047
39900 3009.6420098142930328 -1649.931884765625 -1500.9346346949239432 1296650.543321150355 1196.3004466733455047
39950 3093.247973628757336 -1649.99755859375 -1496.8612585439339 1312634.5102354947012 1196.3004466733455047
40000 2943.6234701422786202 -1649.6689453125 -1503.9400510238942843 1325988.2825423858594 1196.3004466733455047
40050 2948.1788967949323705 -1653.513427734375 -1507.5590095987699897 1303966.4389332535211 1196.3004466733455047
40100 3046.6005803861548884 -1647.42236328125 -1496.5954187273532625 1322614.4500422726851 1196.3004466733455047
40150 2784.360296799417938 -1636.9072265625 -1499.0629161507267781 1305859.087011029711 1196.3004466733455047
40200 2859.3355196542106569 -1639.087158203125 -1497.5310767593241508 1296444.817817219533 1196.3004466733455047
40250 2958.4909874432273682 -1652.9613037109375 -1506.4963686620033059 1261963.5097172071692 1196.3004466733455047
40300 2994.4785150300153873 -1648.9755859375 -1500.7290294765209637 1321152.5826103989966 1196.3004466733455047
40350 3044.2810274754365309 -1648.320556640625 -1497.6084453472831228 1312804.2952642347664 1196.3004466733455047
40400 3155.4999859508143345 -1650.4652099609375 -1494.2470222257729802 1309972.1241042155307 1196.3004466733455047
40450 2994.7335364153000228 -1641.129150390625 -1492.869968678871146 1333126.6863475295249 1196.3004466733455047
40500 3289.229219082909367 -1646.20703125 -1483.3683591097897079 1289278.5775562424678 1196.3004466733455047
40550 2993.1830604173383108 -1635.839111328125 -1487.6566884665080579 1298756.0432055145502 1196.3004466733455047
40600 2988.4451481747037178 -1639.019287109375 -1491.0714223423508429 1295263.7948925909586 1196.3004466733455047
40650 2995.2018942826548482 -1646.5543212890625 -1498.2719527550693783 1294154.7074687688146 1196.3004466733455047
40700 3068.766663866143972 -1659.892578125 -1507.9682653550210034 1275529.1531673816498 1196.3004466733455047
40750 2842.8745416532246963 -1641.8868408203125 -1501.1456870149561382 1310429.0003360332921 1196.3004466733455047
40800 2966.6378475161536699 -1646.965576171875 -1500.0973174905559517 1312268.5695327299181 1196.3004466733455047
40850 2911.0532780692560664 -1643.394775390625 -1499.2783217302833236 1307150.8592207094189 1196.3004466733455047
40900 2922.1293145137738065 -1648.9930419921875 -1504.3282510324147552 1325793.5834960404318 1196.3004466733455047
40950 3090.0426405439593509 -1652.86767578125 -1499.8900609882311983 1320015.7107673764694 1196.3004466733455047
41000 3075.353198021883145 -1649.932373046875 -1497.6819831310090194 1292171.9000756018795 1196.3004466733455047
41050 2994.2612738418629306 -1652.049072265625 -1503.8132706849710303 1325569.3865330934059 1196.3004466733455047
41100 2797.3962258152719187 -1643.75 -1505.260324601578759 1285651.9731561411172 1196.3004466733455047
41150 2900.4171850101370183 -1642.480712890625 -1498.8908164128774843 1343244.4398785214871 1196.3004466733455047
41200 2869.2295801020513863 -1640.979248046875 -1498.9333449585217295 1299357.0040844322648 1196.3004466733455047
41250 2933.4685765585650188 -1639.4273681640625 -1494.2012084910024896 1295576.6841103616171 1196.3004466733455047
41300 3135.4070457418442857 -1646.4080810546875 -1491.1846271872750549 1316247.134717637673 1196.3004466733455047
41350 2984.7907839832005266 -1639.899658203125 -1492.1327087122417652 1354998.5725680498872 1196.3004466733455047
41400 2912.7887852149360697 -1645.3846435546875 -1501.1822707746161996 1351184.4737643122207 1196.3004466733455047
41450 3135.4339601568844955 -1648.04150390625 -1492.8167175967014373 1324469.2644592458382 1196.3004466733455047
41500 2934.6796394226216762 -1637.787841796875 -1492.501726475994019 1335758.8509268166963 1196.3004466733455047
41550 2837.9534020018049887 -1639.7689208984375 -1499.2713961602207746 1327152.2603924602736 1196.3004466733455047
41600 2901.0788848699776281 -1640.197509765625 -1496.5748547540827076 1322150.3911271211691 1196.3004466733455047
41650 2899.4240021561959111 -1645.388427734375 -1501.8477003981970483 1281418.0677654019091 1196.3004466733455047
41700 3038.8523609357575879 -1645.16943359375 -1494.7260773162292935 1251113.0063274402637 1196.3004466733455047
41750 3101.4391420140714217 -1653.0859375 -1499.5441202623262598 1320517.0342634546105 1196.3004466733455047
41800 3225.2134202594897943 -1647.5963134765625 -1487.9268481571850771 1305404.2605701624416 1196.3004466733455047
41850 3101.1447213666792777 -1643.91162109375 -1490.3843796317605666 1322336.696563166799 1196.3004466733455047
41900 3199.276402723526644 -1651.296875 -1492.9114641546404982 1301606.62350070104 1196.3004466733455047
41950 3097.0489413887530645 -1639.729736328125 -1486.4052631527345056 1346851.1448907232843 1196.3004466733455047
42000 2933.440487685550579 -1646.855224609375 -1501.6304555219137455 1338995.8108378141187 1196.3004466733455047
42050 3068.5294141424069494 -1644.54296875 -1492.6304014156248741 1344034.1658312233631 1196.3004466733455047
42100 3181.9835486446227151 -1641.07763671875 -1483.5483368976347265 1348585.4778952635825 1196.3004466733455047
42150 3004.7211876972946811 -1641.428955078125 -1492.6753183545026786 1311955.1145223712083 1196.3004466733455047
42200 3034.3983147284225197 -1646.519775390625 -1496.296923955346756 1347996.6917896457016 1196.3004466733455047
42250 2886.489502204571636 -1649.031982421875 -1506.1315986606296065 1317269.0476266120095 1196.3004466733455047
42300 2963.7832739802288415 -1653.066162109375 -1506.3392237597067833 1312044.8177784453146 1196.3004466733455047
42350 2767.8439266927475728 -1646.458251953125 -1509.4316114565838234 1331332.377171798842 1196.3004466733455047
42400 2870.5844636595620614 -1648.91455078125 -1506.8015719664226708 1303981.7171303441282 1196.3004466733455047
42450 2873.008640759201171 -1651.126953125 -1508.8939614580285706 1314247.3359677274711 1196.3004466733455047
42500 2802.6720842518338941 -1650.741943359375 -1511.9910779602005277 1264615.5870141091291 1196.3004466733455047
42550 3053.9969606047493471 -1652.90478515625 -1501.7116707025929827 1296691.9620260505471 1196.3004466733455047
42600 3009.0666827187060335 -1655.6131591796875 -1506.6443916178209292 1280260.5341100164223 1196.3004466733455047
42650 2889.8759167505663754 -1643.729248046875 -1500.6612142949306872 1310621.101707075024 1196.3004466733455047
42700 2847.2550761279871949 -1648.598876953125 -1507.6408576240780803 1334420.3637414975092 1196.3004466733455047
42750 2854.1018444027236001 -1649.0819091796875 -1507.7849293890706122 1286668.1943480896298 1196.3004466733455047
42800 2901.4582931797881429 -1648.08154296875 -1504.4401047282949548 1281214.6667161891237 1196.3004466733455047
42850 3042.0478368090657568 -1653.3590087890625 -1502.7574552521209625 1298684.0024598718155 1196.3004466733455047
42900 2987.7436055856460371 -1647.3238525390625 -1499.4107187853071537 1314992.9375621830113 1196.3004466733455047
42950 3129.6667670763858951 -1646.9732666015625 -1492.0339946179101389 1321084.0793789823074 1196.3004466733455047
43000 2781.3506046265129044 -1628.64697265625 -1490.9516619779533357 1333153.5272889514454 1196.3004466733455047
43050 3053.8752261292756884 -1644.6669921875 -1493.4799043981522573 1245674.5569864611607 1196.3004466733455047
43100 2939.8598484079411719 -1642.3387451171875 -1496.7961750780752936 1318108.4427940354217 1196.3004466733455047
43150 3087.5590612067735492 -1649.76025390625 -1496.9055927702995632 1311053.1731565988157 1196.3004466733455047
43200 3099.439864325110193 -1647.895751953125 -1494.4529122273320354 1278670.7813411871903 1196.3004466733455047
43250 3046.4212936405492655 -1646.384765625 -1495.5666969546741711 1291459.9109884465579 1196.3004466733455047
43300 3117.6393708036744101 -1640.0841064453125 -1485.7402703853681487 1328371.0726696718484 1196.3004466733455047
43350 3169.9754133933765843 -1641.175048828125 -1484.2402313823481563 1348474.4165546868462 1196.3004466733455047
43400 3041.7508078162727543 -1637.4141845703125 -1486.827335939460454 1283850.9905706304125 1196.3004466733455047
43450 2984.4717651402911542 -1634.905029296875 -1487.1538733555764793 1293093.4452756983228 1196.3004466733455047
43500 3024.9588653922714911 -1636.4820556640625 -1486.7265196067201032 1348710.0897738642525 1196.3004466733455047
43550 3227.0656833487441872 -1652.3720703125 -1492.6109056794480239 1328194.8627975070849 1196.3004466733455047
43600 2915.2005906450967814 -1646.782958984375 -1502.4611858318914983 1279823.6532697479706 1196.3004466733455047
43650 2827.2085907914020027 -1639.5164794921875 -1499.5508942064566327 1280513.1394410261419 1196.3004466733455047
43700 3141.3895778326877917 -1640.903076171875 -1485.3834472686646677 1312799.3017810133751 1196.3004466733455047
43750 2969.6320623903634441 -1633.8331298828125 -1486.8166376970023066 1308663.2248508948833 1196.3004466733455047
43800 3070.5042579803416629 -1647.2529296875 -1495.2425944790015819 1299711.1828568628989 1196.3004466733455047
43850 3027.5090517233020364 -1644.2518310546875 -1494.3700438521084379 1284479.0363410823047 1196.3004466733455047
43900 2839.471985343844608 -1640.4794921875 -1499.9067874972392929 1272580.6180599851068 1196.3004466733455047
43950 3010.0243808657201043 -1648.8035888671875 -1499.787408892204212 1304305.4217031879816 1196.3004466733455047
44000 2940.5965967589945649 -1637.562744140625 -1491.9837001694161245 1301969.3160314653069 1196.3004466733455047
44050 2907.629948195500674 -1630.161865234375 -1486.2148891184094737 1282667.5617201426066 1196.3004466733455047
44100 2899.4223894271740392 -1635.9613037109375 -1492.420656215547524 1264093.510773321148 1196.3004466733455047
44150 2921.2561492386748796 -1648.259521484375 -1503.6379579996382745 1335977.7302800037432 1196.3004466733455047
44200 3099.8578232645286334 -1650.876220703125 -1497.4126892364495234 1339453.237838558387 1196.3004466733455047
44250 3050.1227921638701446 -1649.6044921875 -1498.6031747788467783 1351498.9610591433011 1196.3004466733455047
44300 2791.6721299541281951 -1643.3704833984375 -1505.1641887275814042 1317422.1272866690997 1196.3004466733455047
44350 3062.1428490015041461 -1645.94921875 -1494.3528287683759572 1338679.9091465626843 1196.3004466733455047
44400 3105.1785770836986558 -1649.2962646484375 -1495.5693205616648811 1308471.7308292265516 1196.3004466733455047
44450 2746.3264794471688219 -1639.7264404296875 -1503.7650563515767317 1316722.4561021665577 1196.3004466733455047
44500 2945.3242108526151242 -1644.7755126953125 -1498.9624204562205705 1305633.2869847295806 1196.3004466733455047
44550 3235.4538911007257411 -1664.6622314453125 -1504.4857948682913502 1335682.1500976816751 1196.3004466733455047
44600 2971.7074298245715909 -1649.149169921875 -1502.0299332768984186 1330112.2602770843077 1196.3004466733455047
44650 2784.9825457044776158 -1637.9564208984375 -1500.0813050369094981 1320051.7952265779022 1196.3004466733455047
44700 3172.7043907071047215 -1651.1025390625 -1494.0326191314691187 1300086.2049972109962 1196.3004466733455047
44750 2985.9987666142051239 -1639.5784912109375 -1491.7517385642086083 1329325.6722437189892 1196.3004466733455047
44800 2974.1894989010938843 -1639.41064453125 -1492.168528997129215 1306805.5141330915503 1196.3004466733455047
44850 3038.2895393918888658 -1644.9505615234375 -1494.5350686469600987 1373652.4834447305184 1196.3004466733455047
44900 3126.7637755562391249 -1657.6376953125 -1502.8421406719967308 1315994.6471320802812 1196.3004466733455047
44950 2905.2943062333602029 -1648.35107421875 -1504.5197278781442947 1324603.6160098647233 1196.3004466733455047
45000 3135.7046402285877775 -1649.58349609375 -1494.3453093245450418 1325808.2708974417765 1196.3004466733455047
45050 3007.9999516642037634 -1644.69921875 -1495.7832614536625897 1310158.6209323806688 1196.3004466733455047
45100 2933.0431766670949401 -1642.4873046875 -1497.2822051318235026 1311385.5716482659336 1196.3004466733455047
45150 3103.0919306307896477 -1655.353759765625 -1501.7301185242870361 1292235.1336591488216 1196.3004466733455047
45200 2914.7383885980457308 -1638.711669921875 -1494.4127788376783883 1347777.557198246941 1196.3004466733455047
45250 2952.8107178886098154 -1645.894287109375 -1499.7105630950218256 1317951.1240045861341 1196.3004466733455047
45300 2977.6579316144880067 -1647.49560546875 -1500.0817795004095387 1304803.2105864179321 1196.3004466733455047
45350 3135.5646550784645115 -1650.398193359375 -1495.1669367839774623 1343620.241723500425 1196.3004466733455047
45400 2971.7407639800421748 -1647.5709228515625 -1500.4500359447001756 1304649.669392738957 1196.3004466733455047
45450 3128.4927717973591825 -1652.0556640625 -1497.1745126352461739 1290249.1374509485904 1196.3004466733455047
45500 2954.6372987456047667 -1640.83642578125 -1494.5622738941344778 1326040.4618006041273 1196.3004466733455047
45550 2923.1006464015144957 -1641.0494384765625 -1496.3365601430398328 1357430.7567914286628 1196.3004466733455047
45600 3036.3758727157796784 -1653.987548828125 -1503.6667951503172844 1350625.6820237166248 1196.3004466733455047
45650 3211.1132218566840493 -1660.95263671875 -1501.9812247826714611 1299862.7495514499024 1196.3004466733455047
45700 3144.4978127361805491 -1651.508544921875 -1495.8350377661402035 1288541.3347119323444 1196.3004466733455047
45750 3034.3502585669016298 -1644.778076171875 -1494.5576038354704451 1286381.8762450527865 1196.3004466733455047
45800 3118.1659299756547625 -1652.0333251953125 -1497.6634209623534844 1331738.8320245963987 1196.3004466733455047
45850 3057.1184783102435176 -1642.3072509765625 -1490.9596006835433855 1329115.7775140285958 1196.3004466733455047
45900 3148.1165799964019243 -1648.102783203125 -1492.2501230555524216 1304552.2521453159861 1196.3004466733455047
45950 3104.4130398726711064 -1637.8599853515625 -1484.1709404364846705 1339931.8051672659349 1196.3004466733455047
46000 3194.4660497218278579 -1637.4169921875 -1479.2697257349902884 1330148.5672328965738 1196.3004466733455047
46050 3156.2945937649410553 -1641.11962890625 -1484.862102811638124 1308623.0127593653742 1196.3004466733455047
46100 3056.1109590637365727 -1638.6160888671875 -1487.318317462299774 1323245.7248525177129 1196.3004466733455047
46150 3129.2915027928997915 -1642.904296875 -1487.9836029634593615 1274045.3125373837538 1196.3004466733455047
46200 3037.2588574021506247 -1641.29541015625 -1490.9309428773910895 1325654.1571465574671 1196.3004466733455047
46250 3135.6972872030901272 -1642.8323974609375 -1487.594574715285944 1332595.6873129582964 1196.3004466733455047
46300 3019.735074928616541 -1634.1143798828125 -1484.6174561160655685 1332300.3289474444464 1196.3004466733455047
46350 3151.2653990828807764 -1640.0634765625 -1484.0549289760474494 1316190.7307665531989 1196.3004466733455047
46400 3120.7059158783645216 -1642.62548828125 -1488.1298378919414063 1305184.956093969522 1196.3004466733455047
46450 3050.268772651452764 -1635.31689453125 -1484.3083501198027534 1313111.8535610879771 1196.3004466733455047
46500 3260.3817280077137184 -1641.6151123046875 -1480.2045823912360447 1307110.7313663030509 1196.3004466733455047
46550 3224.5057651820034152 -1636.907958984375 -1477.2735272870031622 1335003.8087586062029 1196.3004466733455047
46600 3008.2702070780387658 -1630.25927734375 -1481.3299406111384542 1355196.5567876740824 1196.3004466733455047
46650 3273.9717246976370006 -1640.90283203125 -1478.819507104748709 1355835.0203669664916 1196.3004466733455047
46700 3050.2303392348508169 -1632.0146484375 -1481.0080067352007518 1340841.0047449511476 1196.3004466733455047
46750 2987.2768143234334275 -1627.119140625 -1479.2291161361338254 1336630.8543172075879 1196.3004466733455047
46800 3165.7434273335520629 -1636.479736328125 -1479.7544302738010629 1331615.9943998353556 1196.3004466733455047
46850 3211.9511876692267833 -1641 -1481.9871031958491585 1291002.5900881411508 1196.3004466733455047
46900 3097.6570795650009131 -1639.3232421875 -1485.9686621370628927 1315354.8764772152063 1196.3004466733455047
46950 3117.2842830587087519 -1644.8699951171875 -1490.5437382568161411 1330265.7363830043469 1196.3004466733455047
47000 2916.551835379824297 -1643.3359375 -1498.947268766915613 1308322.3154835198075 1196.3004466733455047
47050 2880.9509127249498306 -1638.697509765625 -1496.0713229351254085 1302739.0285537166055 1196.3004466733455047
47100 2934.3705109888433071 -1644.241455078125 -1498.9706436659485007 1304719.2796531983186 1196.3004466733455047
47150 3001.3057800886399491 -1638.150390625 -1489.5658392410628039 1326279.2102769755293 1196.3004466733455047
47200 3155.8659368322732917 -1641.687744140625 -1485.4514394085483673 1353017.283083767863 1196.3004466733455047
47250 3052.7434525668659262 -1639.318603515625 -1488.1875460275396108 1347706.8885008206125 1196.3004466733455047
47300 3106.3346501251885456 -1638.57275390625 -1484.7885765327605441 1325020.7056485929061 1196.3004466733455047
47350 3109.684420105495974 -1635.58154296875 -1481.6315297537194056 1324749.5400977411773 1196.3004466733455047
47400 3310.5169928284371963 -1643.6854248046875 -1479.7928666083057578 1317202.7152049918659 1196.3004466733455047
47450 3111.0648458832588403 -1641.426025390625 -1487.4076719397314719 1359399.8568037261721 1196.3004466733455047
47500 3231.4590979876420533 -1650.44140625 -1490.4627384396658272 1346255.038720279932 1196.3004466733455047
47550 2929.5554844359235176 -1644.9036865234375 -1499.8712508759078901 1304877.3678180489223 1196.3004466733455047
47600 2884.7444424985073965 -1639.345458984375 -1496.5314672579845592 1305657.6320538506843 1196.3004466733455047
47650 2922.0284260301432369 -1650.3006591796875 -1505.6408628693034188 1298227.3183617440518 1196.3004466733455047
47700 2953.5428239087445945 -1648.663818359375 -1502.4438502391101338 1283431.5420141569339 1196.3004466733455047
47750 2875.3372482941358612 -1643.86328125 -1501.5150080584924126 1274876.9627780939918 1196.3004466733455047
47800 2999.9084366090464755 -1644.1064453125 -1495.5910717029241823 1284067.4705257511232 1196.3004466733455047
47850 3052.0723189327354703 -1638.0634765625 -1486.9656446426347429 1306709.3330832235515 1196.3004466733455047
47900 3072.7160754578899287 -1637.52734375 -1485.4075088997706189 1282028.992423867574 1196.3004466733455047
47950 2996.3610468097717785 -1642.90185546875 -1494.5621011930675195 1288549.6884468228091 1196.3004466733455047
48000 2871.4907496564364919 -1642.873291015625 -1500.7154450302598434 1275774.1752955077682 1196.3004466733455047
48050 3096.9366790926128488 -1651.78369140625 -1498.464775959438839 1324684.014654239174 1196.3004466733455047
48100 2932.5377103879995957 -1641.303466796875 -1496.1233911760527917 1339258.2733108855318 1196.3004466733455047
48150 2876.5736493831559528 -1642.6094970703125 -1500.2000138207156397 1313516.1258161365986 1196.3004466733455047
48200 2964.8900315064865936 -1640.556396484375 -1493.7746662932286199 1331516.0474968436174 1196.3004466733455047
48250 3019.5763301702008903 -1646.502685546875 -1497.013620699025978 1303175.2302210952621 1196.3004466733455047
48300 2986.2270215673333951 -1645.94677734375 -1498.1087245622475166 1276980.7012548835482 1196.3004466733455047
48350 2935.5726132400991446 -1654.7293701171875 -1509.3990466669824855 1280281.0097130993381 1196.3004466733455047
48400 2688.5497423778901975 -1649.933837890625 -1516.8327856770047219 1299001.3440825783182 1196.3004466733455047
48450 2703.5519951781334385 -1652.4190673828125 -1518.5753041076065983 1253503.6199208484031 1196.3004466733455047
48500 2860.3748767572014913 -1655.114990234375 -1513.5074537172856708 1279383.6554830183741 1196.3004466733455047
48550 2955.7787107519711753 -1651.327392578125 -1504.9967332228150099 1295193.0712733583059 1196.3004466733455047
48600 3089.1472161466522266 -1655.359375 -1502.4260896562677772 1319730.8479298963211 1196.3004466733455047
48650 2997.9779067343570205 -1649.48486328125 -1501.0650637105700298 1277217.7469737818465 1196.3004466733455047
48700 3061.6035895212025935 -1645.899658203125 -1494.3299651440511298 1269508.0464736942668 1196.3004466733455047
48750 3082.5362568496057065 -1651.556884765625 -1498.9508857743485351 1294493.5788196008652 1196.3004466733455047
48800 3081.21285279250651 -1650.75146484375 -1498.210983134793878 1297567.7973775847349 1196.3004466733455047
48850 2927.8807985617395389 -1646.812744140625 -1501.8632165563042236 1288543.6136338349897 1196.3004466733455047
48900 2929.9236597228427854 -1645.491455078125 -1500.4407923108528848 1342605.0846178145148 1196.3004466733455047
48950 2748.4685779829314924 -1644.5098876953125 -1508.4424555257116936 1305967.8665057406761 1196.3004466733455047
49000 2885.8129266492364877 -1648.0072021484375 -1505.1403133666219674 1289968.2862570884172 1196.3004466733455047
49050 3002.2828788138463096 -1654.21533203125 -1505.582407776842274 1335854.6327895403374 1196.3004466733455047
49100 2856.2993981511644961 -1647.906982421875 -1506.5012091387654891 1298946.8787743898574 1196.3004466733455047
49150 3114.2687466664820022 -1651.07177734375 -1496.8948095444911814 1302141.6237876126543 1196.3004466733455047
49200 2984.0391160003568984 -1644.598388671875 -1496.868651733861725 1303257.0369847870898 1196.3004466733455047
49250 2973.8122082653057987 -1652.236328125 -1505.012890980875909 1298643.7272332850844 1196.3004466733455047
49300 2962.578594003723083 -1647.2366943359375 -1500.5693956388024617 1298136.4975679866038 1196.3004466733455047
49350 2924.3617647716050669 -1647.67529296875 -1502.8999809077126883 1312497.9490287981462 1196.3004466733455047
49400 3192.8551217946114775 -1650.438232421875 -1492.3707175911310969 1322135.8726730539929 1196.3004466733455047
49450 2811.107626440045351 -1629.942138671875 -1490.7736579600486948 1333515.4532180042006 1196.3004466733455047
49500 3005.8482938383958754 -1638.452880859375 -1489.6434449028158724 1338264.1126206889749 1196.3004466733455047
49550 3109.5619597371128293 -1643.938232421875 -1489.9942818076694948 1339711.5829245387577 1196.3004466733455047
49600 3187.6572327812114054 -1644.6796875 -1486.8695026661939664 1344033.0794738335535 1196.3004466733455047
49650 3117.9315365675256544 -1640.6805419921875 -1486.3222417882564059 1343336.1296406369656 1196.3004466733455047
49700 3234.6430747885274286 -1648.391845703125 -1488.2555499137577044 1320444.1161223445088 1196.3004466733455047
49750 3141.7505413373310148 -1647.311279296875 -1491.7737803049988088 1290998.5619192603044 1196.3004466733455047
49800 3017.6392726657909407 -1632.7666015625 -1483.3734339145321428 1306660.4661061083898 1196.3004466733455047
49850 3121.9853393286557548 -1641.241943359375 -1486.6829530196180258 1330170.9203343188856 1196.3004466733455047
49900 2935.8822703840705799 -1640.639404296875 -1495.2937507633025689 1315211.4856579543557 1196.3004466733455047
49950 3084.609791734396822 -1646.31103515625 -1493.6023824291628443 1342548.6279157812241 1196.3004466733455047
50000 3076.9379098260947103 -1644.009521484375 -1491.680677818789718 1327721.5087929444853 1196.3004466733455047
50050 2958.2088421795338036 -1638.04736328125 -1491.5963962950534096 1316178.7472240980715 1196.3004466733455047
50100 3110.8158335254911435 -1641.167724609375 -1487.1616989225212819 1321171.5820519765839 1196.3004466733455047
50150 3097.7716132309255954 -1640.65625 -1487.2959997731074964 1321852.5068442381453 1196.3004466733455047
50200 3135.1096835645826104 -1648.66943359375 -1493.4607011272689761 1328747.1970659394283 1196.3004466733455047
50250 2966.6513155931993424 -1645.7149658203125 -1498.8460403798117113 1333960.1394190355204 1196.3004466733455047
50300 2933.0085953314605831 -1651.5394287109375 -1506.3360411608405229 1326089.2131208332721 1196.3004466733455047
50350 2920.8769312942449687 -1649.027587890625 -1504.4247982104516268 1310762.9497145735659 1196.3004466733455047
50400 2946.9486155850122486 -1652.20166015625 -1506.3081491041100435 1336462.7158779033925 1196.3004466733455047
50450 2882.7685876475125042 -1651.690185546875 -1508.9740117464627929 1306321.0767347875517 1196.3004466733455047
50500 2892.6014683223215798 -1654.6422119140625 -1511.4392452738234169 1301500.4304077923298 1196.3004466733455047
50550 2807.4603736649819439 -1648.5391845703125 -1509.551267072325345 1313538.7994891519193 1196.3004466733455047
50600 2776.864693628425357 -1643.9930419921875 -1506.5198136747155786 1311668.6213152860291 1196.3004466733455047
50650 3012.0186522107696874 -1653.529052734375 -1504.4141430947545359 1281938.8193743606098 1196.3004466733455047
50700 2982.5528189650563036 -1644.113525390625 -1496.4573700182349967 1290107.9763981644064 1196.3004466733455047
50750 3143.329341991608544 -1639.630859375 -1484.0151992745500138 1301501.0881468716543 1196.3004466733455047
50800 3097.4591707939212029 -1632.127197265625 -1478.7824150125870801 1346932.2471613830421 1196.3004466733455047
50850 3090.5320520492291507 -1636.700927734375 -1483.6990838243382314 1348253.8829594901763 1196.3004466733455047
50900 3012.4358431560954159 -1638.05517578125 -1488.9196124215507098 1279634.2624830666464 1196.3004466733455047
50950 3019.1777988207295493 -1631.5074462890625 -1482.0381113874809671 1299901.8210256160237 1196.3004466733455047
51000 3050.0359260854452259 -1639.091552734375 -1488.0945357730065552 1331935.1030419548042 1196.3004466733455047
51050 3216.0635076236876557 -1646.2489013671875 -1487.0324174378479256 1288812.3196592412423 1196.3004466733455047
51100 3041.7129088787260116 -1630.9078369140625 -1480.3228645320987198 1327968.2041816767305 1196.3004466733455047
51150 3293.0526002496653746 -1629.891357421875 -1466.8634025437306718 1291964.9882707220968 1196.3004466733455047
51200 3363.9146697837063584 -1632.875732421875 -1466.3396348940532334 1343454.0863844552077 1196.3004466733455047
51250 3364.0357074480234587 -1634.4930419921875 -1467.9509522968323836 1325824.6274130151141 1196.3004466733455047
51300 3158.8399424895801531 -1638.755615234375 -1482.3720774881430771 1334259.0955164839979 1196.3004466733455047
51350 3247.4493695244982518 -1635.15478515625 -1474.3844928008352326 1368800.6342521393672 1196.3004466733455047
51400 3027.1528220145760315 -1631.4237060546875 -1481.559554586465083 1334477.5602970672771 1196.3004466733455047
51450 3076.3985893027411294 -1639.117919921875 -1486.8157762008759164 1326413.8699058513157 1196.3004466733455047
51500 3118.3216622219269993 -1642.119140625 -1487.7415266124837672 1312777.7068288102746 1196.3004466733455047
51550 2986.4134021923018736 -1639.708740234375 -1491.8614603752014318 1313436.3643244476989 1196.3004466733455047
51600 3071.2644615874019109 -1640.6170654296875 -1488.569095098282105 1359155.4314627489075 1196.3004466733455047
51650 3055.0329835815182378 -1643.11376953125 -1491.8693650656762202 1312354.7141754797194 1196.3004466733455047
51700 3012.6220951930667979 -1649.194580078125 -1500.0497960067136773 1323018.2046319751535 1196.3004466733455047
51750 2982.7057936626106311 -1646.612060546875 -1498.9483319118871805 1344587.3216359764338 1196.3004466733455047
51800 3033.0265728227414002 -1647.945068359375 -1497.7901272506694568 1317012.1115103340708 1196.3004466733455047
51850 2831.3372036775513152 -1645.1376953125 -1504.9677162933494401 1309296.1454813322052 1196.3004466733455047
51900 2786.7806101528949512 -1647.4097900390625 -1509.4456580562182353 1336879.3352052411065 1196.3004466733455047
51950 2934.4878179624461154 -1650.80517578125 -1505.5285568954857354 1339969.7236340383533 1196.3004466733455047
52000 2911.7369177831214984 -1646.685302734375 -1502.5350043718817687 1346044.7956529271323 1196.3004466733455047
52050 3083.1848328151204441 -1654.8984375 -1502.2603296947818308 1348870.7176392399706 1196.3004466733455047
52100 2977.4461849577141948 -1646.889892578125 -1499.4865494743471572 1369710.618436492281 1196.3004466733455047
52150 3003.8401516022186115 -1640.010986328125 -1491.3009667373548837 1312695.8076694251504 1196.3004466733455047
52200 3206.7988945014021738 -1651.757080078125 -1492.9992559740030629 1307553.8089530409779 1196.3004466733455047
52250 3049.1768355155227255 -1650.55419921875 -1499.5997129411184687 1277586.1790495701134 1196.3004466733455047
52300 3093.501090876435228 -1649.0361328125 -1495.8873017793553117 1271866.1715238797478 1196.3004466733455047
52350 2947.1272580968670809 -1644.800537109375 -1498.8981820675094241 1291414.9767908968497 1196.3004466733455047
52400 3147.4681571118330794 -1654.7171630859375 -1498.8966041737837713 1268818.1191155975685 1196.3004466733455047
52450 2973.8106727191375285 -1640.885009765625 -1493.6616486412253835 1306842.0928778226953 1196.3004466733455047
52500 3011.309738677428868 -1644.646728515625 -1495.566914799925371 1294461.5617765143979 1196.3004466733455047
52550 2892.2014224629233468 -1643.133544921875 -1499.9503832061946014 1299407.8397536645643 1196.3004466733455047
52600 2982.9884046420329469 -1653.773193359375 -1506.0954736056307866 1289447.456038888311 1196.3004466733455047
52650 2725.2528597392897609 -1638.5546875 -1503.6365874321704723 1289592.2713110365439 1196.3004466733455047
52700 2699.0008686497440067 -1638.7147216796875 -1505.0962693667961503 1287379.2763350317255 1196.3004466733455047
52750 2857.5976986008136009 -1649.9501953125 -1508.4801475422148087 1268960.0643603075296 1196.3004466733455047
52800 2828.5892714829910801 -1646.243896484375 -1506.209958342855316 1282645.0162501255982 1196.3004466733455047
52850 2917.2020822453828259 -1644.7164306640625 -1500.2955703963971246 1286523.7904500218574 1196.3004466733455047
52900 2882.132258918487878 -1639.0562744140625 -1496.3716031081187339 1320730.5206730857026 1196.3004466733455047
52950 3041.7120641835513197 -1643.306396484375 -1492.721465920427363 1310634.8529027753975 1196.3004466733455047
53000 3047.9076022632157219 -1636.877197265625 -1485.9855464560241671 1339674.5871684306767 1196.3004466733455047
53050 3180.4483483162125594 -1641.712646484375 -1484.2593492663916095 1278397.2605655684602 1196.3004466733455047
53100 3068.45237436343632 -1635.99951171875 -1484.0907583646339845 1328597.2882991353981 1196.3004466733455047
53150 3074.3442732890066509 -1646.0048828125 -1493.804441365666662 1299817.1326148386579 1196.3004466733455047
53200 2773.5627807968030538 -1639.117919921875 -1501.8081581995265879 1278727.6825881013647 1196.3004466733455047
53250 2883.7653903857130899 -1651.217041015625 -1508.4515188653524547 1270605.2524848200846 1196.3004466733455047
53300 2947.9541694395370541 -1649.5499267578125 -1503.6066341174857826 1316649.9277817339171 1196.3004466733455047
53350 3018.9031253136681698 -1649.263916015625 -1499.8081792752486763 1321474.4431659199763 1196.3004466733455047
53400 3035.4526873092017922 -1638.409423828125 -1488.1343739537719557 1309853.9036382839549 1196.3004466733455047
53450 3014.721098695452838 -1635.4822998046875 -1486.2336011318968758 1295353.9498530144338 1196.3004466733455047
53500 3181.2018940310945254 -1641.8717041015625 -1484.3811013705133064 1327635.2569611263461 1196.3004466733455047
53550 3150.5994065364252492 -1647.2117919921875 -1491.236215456001446 1315738.5181540197227 1196.3004466733455047
53600 3118.3360079281255821 -1650.45947265625 -1496.0811484360854138 1342165.4387767843436 1196.3004466733455047
53650 2944.216866996132012 -1637.303955078125 -1491.5456837077479122 1314086.8028248387855 1196.3004466733455047
53700 2897.0906044159346493 -1637.016845703125 -1493.5916370384325091 1305215.1400917689316 1196.3004466733455047
53750 3099.3813943105633371 -1651.349609375 -1497.9096643029067764 1303402.4331222851761 1196.3004466733455047
53800 3098.0552235483041841 -1652.59912109375 -1499.2248302742411852 1303711.8475566620473 1196.3004466733455047
53850 2905.2288469731252007 -1655.6258544921875 -1511.7977488193207591 1285288.4810025221668 1196.3004466733455047
53900 2874.516470631473112 -1654.6300048828125 -1512.3223656319055408 1276464.7510929221753 1196.3004466733455047
53950 2940.2433343479306131 -1652.03515625 -1506.4736011122238324 1274870.4185165422969 1196.3004466733455047
54000 2898.8302697420126606 -1647.8031005859375 -1504.2917669439939345 1303741.9730711549055 1196.3004466733455047
54050 2771.7579391683179892 -1648.3385009765625 -1511.1180908909138907 1320525.2121098127682 1196.3004466733455047
54100 2886.1281731653407405 -1655.6192626953125 -1512.7367671191204863 1276683.2469800862018 1196.3004466733455047
54150 2945.9214725506749346 -1656.745361328125 -1510.9027006718281427 1254096.3070350743365 1196.3004466733455047
54200 2909.2477997741102627 -1648.369384765625 -1504.342314261207548 1260817.5844418904744 1196.3004466733455047
54250 2958.2843017303280249 -1654.487548828125 -1508.0328460934497343 1255758.6963317608461 1196.3004466733455047
54300 2961.7573021304388021 -1654.528564453125 -1507.9019251534284649 1283486.767564553069 1196.3004466733455047
54350 2896.53171589637941 -1654.594482421875 -1511.1969424474248171 1304778.942218096694 1196.3004466733455047
54400 2737.4826440378951702 -1648.812255859375 -1513.2887003176028884 1324241.0946316563059 1196.3004466733455047
54450 2933.4746315619149755 -1659.44970703125 -1514.2232475953458106 1302807.0313816964626 1196.3004466733455047
54500 2986.959864977264715 -1664.6058349609375 -1516.7315015678352665 1251725.8400401377585 1196.3004466733455047
54550 2811.610436052274963 -1651.002685546875 -1511.8093124228325905 1253859.7197558411863 1196.3004466733455047
54600 2836.884623495595406 -1653.468505859375 -1513.0238927491327559 1275317.9621986693237 1196.3004466733455047
54650 2793.2905713783802639 -1652.487060546875 -1514.2006422862937143 1295179.0743732505944 1196.3004466733455047
54700 2950.5621003336605099 -1649.626953125 -1503.554550600397306 1278260.4458768966142 1196.3004466733455047
54750 2845.2106531287404323 -1648.044921875 -1507.1881150502561013 1291708.9918008917011 1196.3004466733455047
54800 2905.6069371232274534 -1641.1224365234375 -1497.2756128793103017 1258672.6957199661992 1196.3004466733455047
54850 2890.6627575019006144 -1648.729248046875 -1505.6222604566303289 1284010.0599360170309 1196.3004466733455047
54900 3238.309991213727244 -1652.6689453125 -1492.3511128281329547 1320843.773460164899 1196.3004466733455047
54950 3147.5778130660737588 -1643.67724609375 -1487.8512584842355864 1307874.6930171470158 1196.3004466733455047
55000 2935.3998646117847784 -1644.85546875 -1499.5336975031759721 1321421.0165024218149 1196.3004466733455047
55050 3140.0932467633438137 -1651.0516357421875 -1495.5961838287598766 1351062.8374923563097 1196.3004466733455047
55100 3038.4597683917568247 -1651.59716796875 -1501.1732476272188705 1341344.6061640337575 1196.3004466733455047
55150 2906.6763835898864272 -1646.097412109375 -1502.1976437687985708 1283622.8121013632044 1196.3004466733455047
55200 3163.9628847523258628 -1657.6640625 -1501.0269051182995099 1320407.1474137392361 1196.3004466733455047
55250 2955.1210101186770771 -1643.6171875 -1497.3190886902336842 1336709.2125186307821 1196.3004466733455047
55300 3106.7835365983369229 -1649.251220703125 -1495.4448204706127399 1355541.9374346819241 1196.3004466733455047
55350 3025.3115894338557155 -1641.273193359375 -1491.5001951214615019 1329833.1752274006139 1196.3004466733455047
55400 2934.1678211685839415 -1646.861572265625 -1501.6007953445068779 1311303.4591377470642 1196.3004466733455047
55450 3229.6767127651373812 -1650.781494140625 -1490.891066225884515 1307735.4461287392769 1196.3004466733455047
55500 2919.0621859912816944 -1639.50439453125 -1494.9914467853791393 1350119.6338121052831 1196.3004466733455047
55550 3057.8189265399923897 -1635.87353515625 -1484.4912080280096234 1305287.3697121303994 1196.3004466733455047
55600 3041.2815806610233267 -1646.0416259765625 -1495.4780072034684508 1321936.8105127955787 1196.3004466733455047
55650 2960.1861165267573597 -1648.017333984375 -1501.4684787977178075 1285787.045248899376 1196.3004466733455047
55700 2987.6633445787319943 -1649.886474609375 -1501.9773143080365116 1311250.3051657942124 1196.3004466733455047
55750 3244.7099623248718672 -1657.562744140625 -1496.9280706190238561 1323285.7409704099409 1196.3004466733455047
55800 3173.0843110237719884 -1643.5899658203125 -1486.5012373126319289 1340070.736306858249 1196.3004466733455047
55850 3101.3863329114360567 -1637.32666015625 -1483.7874573195733774 1306377.5342668802477 1196.3004466733455047
55900 3188.2531138268604991 -1639.7802734375 -1481.9405885379446772 1323434.9439491829835 1196.3004466733455047
55950 3137.7619057580059234 -1642.307373046875 -1486.9673379829064288 1332600.599878502544 1196.3004466733455047
56000 3105.1493404081743392 -1643.9404296875 -1490.2149330101667601 1355206.7356633075979 1196.3004466733455047
56050 2963.1205590490217219 -1646.22216796875 -1499.5280384056445655 1345605.9250152562745 1196.3004466733455047
56100 2792.6419390441947144 -1644.563232421875 -1506.3089257658584756 1295899.0324243186042 1196.3004466733455047
56150 2846.678390527085412 -1651.0863037109375 -1510.1568341457527822 1278630.9694481100887 1196.3004466733455047
56200 2856.0689737330926619 -1651.66552734375 -1510.2711615983243973 1327636.9873621754814 1196.3004466733455047
56250 2899.3214482721291461 -1644.53466796875 -1500.9990177303334349 1309016.9202326084487 1196.3004466733455047
56300 2918.9402750323793043 -1651.257080078125 -1506.7501677336642842 1318765.2899073574226 1196.3004466733455047
56350 2635.1073487321432367 -1647.9669189453125 -1517.5116198360301496 1295071.3341419822536 1196.3004466733455047
56400 2836.6410533556495466 -1646.52099609375 -1506.088441321653363 1299248.553090908099 1196.3004466733455047
56450 3010.921512016527231 -1649.85888671875 -1500.7982927988566644 1296330.7827588641085 1196.3004466733455047
56500 3078.7971069844870726 -1645.4052734375 -1492.9843871758066598 1312175.1782604663167 1196.3004466733455047
56550 3051.006942538266685 -1644.451171875 -1493.406083156003433 1315716.9863930351567 1196.3004466733455047
56600 3124.6123606924375053 -1647.9044189453125 -1493.2153736163559188 1301156.5332105169073 1196.3004466733455047
56650 3119.6307861065383804 -1643.3607177734375 -1488.9182934418954574 1328315.2842291106936 1196.3004466733455047
56700 3112.5871025095134428 -1637.022216796875 -1482.9285015419948195 1352762.2350341372658 1196.3004466733455047
56750 3115.5849162939662165 -1636.302978515625 -1482.0608515863161756 1333657.4471910649445 1196.3004466733455047
56800 3127.8842615193093479 -1639.88671875 -1485.0356926193010167 1302032.7297755687032 1196.3004466733455047
56850 3140.289632598668959 -1644.673828125 -1489.2086538095986725 1290664.8073435632978 1196.3004466733455047
56900 3059.6901487351387914 -1648.24169921875 -1496.7667341752894572 1300433.0270847026259 1196.3004466733455047
56950 3100.0290350002223931 -1637.0357666015625 -1483.5637590178887422 1300217.963910438586 1196.3004466733455047
57000 3013.1748846058785603 -1640.3018798828125 -1491.1297290674135638 1328224.7315307171084 1196.3004466733455047
57050 3116.0329019084247193 -1645.41943359375 -1491.1551284039012444 1320081.8754202034324 1196.3004466733455047
57100 2995.660989498896015 -1640.722412109375 -1492.4173153158355944 1331688.7614834199194 1196.3004466733455047
57150 2915.8843083676779315 -1636.510498046875 -1492.1548763302907901 1297628.5462034908123 1196.3004466733455047
57200 3092.577792605184186 -1654.705810546875 -1501.6026889047352597 1325917.2120294014458 1196.3004466733455047
57250 3123.2787062074994537 -1641.5947265625 -1486.9717059800589141 1315316.6278568920679 1196.3004466733455047
57300 2979.6090962794314692 -1642.818359375 -1495.307937808723409 1310833.0110720812809 1196.3004466733455047
57350 2917.241067951644709 -1644.11083984375 -1499.688049524933831 1341784.6820247098804 1196.3004466733455047
57400 2998.1102382044741717 -1646.70068359375 -1498.2743327372090789 1346320.8874948844314 1196.3004466733455047
57450 2942.0531728745104374 -1644.398193359375 -1498.747039205286228 1256539.322702850448 1196.3004466733455047
57500 2871.7276045309708934 -1647.83056640625 -1505.6609945329366838 1283127.8293455599342 1196.3004466733455047
57550 2903.1121981485939614 -1647.2550048828125 -1503.5316873718572879 1266668.7596794115379 1196.3004466733455047
57600 2884.0802347695089338 -1636.60546875 -1493.8243597135685832 1309164.3352501180489 1196.3004466733455047
57650 3013.6251902604058159 -1641.5887451171875 -1492.3943011838705388 1301677.6688953607809 1196.3004466733455047
57700 3082.2197271904760782 -1654.322509765625 -1501.7321810928190189 1310477.8488718108274 1196.3004466733455047
57750 2777.7095818755014989 -1647.36865234375 -1509.8535964517623142 1308674.748845951166 1196.3004466733455047
57800 2807.7290162182612221 -1650.45556640625 -1511.4543493192884398 1302028.00114525971 1196.3004466733455047
57850 2921.7044344844762236 -1648.58740234375 -1503.9436457647336738 1302425.0465148445219 1196.3004466733455047
57900 2845.8224626465971596 -1641.1103515625 -1500.2232561069388339 1305613.6397302499972 1196.3004466733455047
57950 2994.3889045374985471 -1639.618408203125 -1491.3762880561391739 1327563.3973773163743 1196.3004466733455047
58000 3017.1710988700192502 -1643.718994140625 -1494.3490042021314821 1306960.9670570755843 1196.3004466733455047
58050 2968.5104222138693331 -1647.453369140625 -1500.4924055862338719 1276167.4011569740251 1196.3004466733455047
58100 3107.5837489873774757 -1644.2481689453125 -1490.4021528897055759 1318689.752647441579 1196.3004466733455047
58150 2948.9633595938175858 -1642.634765625 -1496.6415113755197126 1308700.5143176305573 1196.3004466733455047
58200 3055.9595702680503564 -1646.15283203125 -1494.8625553762944946 1317445.0131698583718 1196.3004466733455047
58250 2873.1200984979632267 -1639.836181640625 -1497.5976720760029366 1283924.3310136452783 1196.3004466733455047
58300 2873.3897379362206266 -1641.8681640625 -1499.6163055564823026 1314996.597810795065 1196.3004466733455047
58350 3011.8808631549245547 -1641.23095703125 -1492.1228688641979261 1312901.1434651061427 1196.3004466733455047
58400 3052.4464329869747417 -1640.342529296875 -1489.2261762488781187 1327198.0300538206939 1196.3004466733455047
58450 2942.4665407089219116 -1642.39306640625 -1496.7214478014411725 1313716.6861961435061 1196.3004466733455047
58500 3096.6725307950950992 -1641.611083984375 -1488.3052456310560956 1335245.2679008184932 1196.3004466733455047
58550 3115.1168446127580864 -1648.9578857421875 -1494.7389314670044769 1324053.8168500673492 1196.3004466733455047
58600 3092.5181330230502681 -1644.03076171875 -1490.9305936217992894 1287829.1311394067015 1196.3004466733455047
58650 3095.5443060508077906 -1644.79443359375 -1491.5444498516480962 1280045.6835173806176 1196.3004466733455047
58700 2928.0636464213007457 -1648.5048828125 -1503.546303045837476 1283553.4977230336517 1196.3004466733455047
58750 2956.3655026763681235 -1650.152099609375 -1503.792390160128889 1279051.5122684584931 1196.3004466733455047
58800 2912.4301801325468659 -1651.526123046875 -1507.3415035979185177 1337461.1250046079513 1196.3004466733455047
58850 3011.0132796711300216 -1646.2720947265625 -1497.206957698838778 1338246.3965509668924 1196.3004466733455047
58900 3146.7403952242702871 -1651.9521484375 -1496.1676185678702495 1336090.2652826455887 1196.3004466733455047
58950 2992.9040647255469594 -1647.8486328125 -1499.6800220889122102 1292052.5079843087588 1196.3004466733455047
59000 3110.7946663677262222 -1659.05029296875 -1505.0453151966610221 1346668.0618541643489 1196.3004466733455047
59050 2869.7500372903264179 -1655.57666015625 -1513.5049909835652215 1314939.5019042443018 1196.3004466733455047
59100 2980.2773725200422632 -1658.954833984375 -1511.4113283098179181 1311528.3190853127744 1196.3004466733455047
59150 3111.0211055200338706 -1658.893798828125 -1504.877610815451817 1303735.081271528732 1196.3004466733455047
59200 2895.2635116667747752 -1658.38037109375 -1515.0456156438788184 1308528.7536758987699 1196.3004466733455047
59250 2902.9998298109067036 -1654.705322265625 -1510.9875677330094277 1335194.1423184215091 1196.3004466733455047
59300 2949.2381939595793483 -1653.418212890625 -1507.411352516366378 1299958.5679066244047 1196.3004466733455047
59350 3050.7833451808669452 -1652.8043212890625 -1501.7703021229451679 1276348.0771617686842 1196.3004466733455047
59400 2860.1991193967073741 -1646.8316650390625 -1505.2328296775617673 1288752.399147951277 1196.3004466733455047
59450 3152.0295540254055595 -1647.7313232421875 -1491.684944915503138 1296051.4449481985066 1196.3004466733455047
59500 2853.6627079307086206 -1640.5234375 -1499.2481978786531727 1298076.0625252127647 1196.3004466733455047
59550 2987.5168547012203817 -1639.4775390625 -1491.575630982137227 1296916.2850252718199 1196.3004466733455047
59600 2902.6735593769417392 -1644.95263671875 -1501.2510347375946367 1312893.4394852675032 1196.3004466733455047
59650 3082.7727798216719748 -1641.550537109375 -1488.9328286615245815 1351087.7369888385292 1196.3004466733455047
59700 3109.1161480577093243 -1639.65771484375 -1485.7358348658738123 1364687.9904880621471 1196.3004466733455047
59750 3056.0025523595809318 -1641.293701171875 -1490.0012966181793672 1321129.7041373990942 1196.3004466733455047
59800 2958.0424653106301776 -1640.907958984375 -1494.4652287571886973 1309475.3671514932066 1196.3004466733455047
59850 3218.2490102566107453 -1647.31494140625 -1487.9902605946015228 1281998.6219985727221 1196.3004466733455047
59900 3040.1503145110204969 -1635.675537109375 -1485.1679235172623521 1294590.065636175219 1196.3004466733455047
59950 3204.0807108908206828 -1642.46337890625 -1483.8401229274543311 1326732.3187044369988 1196.3004466733455047
60000 3027.6407974875842228 -1649.12841796875 -1499.2401084766354415 1314978.8657524979208 1196.3004466733455047
60050 3067.4103191988720027 -1650.675537109375 -1498.818372400498447 1291200.2164254069794 1196.3004466733455047
60100 2938.8578203002748523 -1637.970703125 -1492.4777401262097101 1300074.2235352091957 1196.3004466733455047
60150 3034.2676289683281539 -1644.9906005859375 -1494.7742189629539098 1281985.0322974994779 1196.3004466733455047
60200 2915.6746901811247881 -1643.1082763671875 -1498.7630321417664163 1332655.3047971948981 1196.3004466733455047
60250 3025.4177385150137525 -1648.198486328125 -1498.4202330063383215 1309277.2610232234001 1196.3004466733455047
60300 2934.9364862040015396 -1646.8096923828125 -1501.5108614419373225 1301441.801153301727 1196.3004466733455047
60350 2912.7805271519309827 -1647.86279296875 -1503.6608290175940965 1283692.6027296849061 1196.3004466733455047
60400 3082.5034982223914994 -1651.9478759765625 -1499.3434987547041146 1295591.7910915163811 1196.3004466733455047
60450 2723.3492649682702904 -1641.9219970703125 -1507.0981375750181996 1320015.8400956902187 1196.3004466733455047
60500 2990.7079401065570892 -1651.825439453125 -1503.7655514706391386 1321855.0880125367548 1196.3004466733455047
60550 2889.0144012577693502 -1637.905517578125 -1494.8801345596903047 1343036.8952276115306 1196.3004466733455047
60600 3048.0999851780361496 -1641.791015625 -1490.8898405845520756 1316015.2182631101459 1196.3004466733455047
60650 3059.6109546685152054 -1634.76611328125 -1483.2950688695823374 1286912.8168378216214 1196.3004466733455047
60700 3082.0410471587038046 -1636.676025390625 -1484.0945425650293146 1272040.2603475842625 1196.3004466733455047
60750 2930.9191231257245818 -1640.03515625 -1494.9352114388530026 1280998.9020064850338 1196.3004466733455047
60800 3033.1934666226129593 -1646.456298828125 -1496.2930953688960471 1292732.0590876943897 1196.3004466733455047
60850 2927.0692288777217982 -1645.690185546875 -1500.7808360471121887 1278268.2680881319102 1196.3004466733455047
60900 2814.5467529058660148 -1646.8907470703125 -1507.5520067779841611 1281133.8554909855593 1196.3004466733455047
60950 2881.4646609535075186 -1654.828369140625 -1512.1767483638172962 1307504.897514100885 1196.3004466733455047
61000 2963.6317895093220613 -1649.42138671875 -1502.7019478555721435 1318269.2484936588444 1196.3004466733455047
61050 3027.3307075243610598 -1651.728515625 -1501.8555576436776846 1315240.4693039017729 1196.3004466733455047
61100 2992.7732510697414909 -1650.642578125 -1502.4804435453932001 1297890.554431431694 1196.3004466733455047
61150 2943.0210091945041313 -1649.938720703125 -1504.2396522290848679 1305062.6578885107301 1196.3004466733455047
61200 2910.7385231652142465 -1647.470947265625 -1503.3700760616006846 1325103.5500130143482 1196.3004466733455047
61250 3079.2376789448217096 -1647.9058837890625 -1495.4631862919018204 1333929.5774506994057 1196.3004466733455047
61300 3005.3533249720135245 -1647.1884765625 -1498.4035448492099931 1298912.6901638545096 1196.3004466733455047
61350 2998.0931523799790739 -1642.009521484375 -1493.5840164895200814 1298711.4746582016815 1196.3004466733455047
61400 2874.1555098953658671 -1638.592529296875 -1496.3027599975730482 1319194.757860569749 1196.3004466733455047
61450 2986.5649388718807131 -1650.353271484375 -1502.4984895540351317 1331389.0124414050952 1196.3004466733455047
61500 3013.7710716054116347 -1642.24609375 -1493.0444277221045013 1342926.935785128735 1196.3004466733455047
61550 2949.2340497259647236 -1646.3365478515625 -1500.3298926443671917 1314513.6109960572794 1196.3004466733455047
61600 2970.6190219655850342 -1648.83740234375 -1501.7720491099616993 1336284.5959985915106 1196.3004466733455047
61650 3107.7998463062899646 -1651.7021484375 -1497.8454341306855895 1306804.0474630082026 1196.3004466733455047
61700 3037.8522182515634995 -1644.0062255859375 -1493.6123830077660841 1345605.6851291472558 1196.3004466733455047
61750 3002.6322726376183709 -1644.56591796875 -1495.9156964016506208 1338622.6333365810569 1196.3004466733455047
61800 2961.2513267902650114 -1637.9527587890625 -1491.3511686261217619 1339608.9010837196838 1196.3004466733455047
61850 2979.3368919844947413 -1642.95458984375 -1495.4576441962940407 1331916.8106978754513 1196.3004466733455047
61900 3096.8640114749518943 -1641.648681640625 -1488.3333637230764452 1275433.6353835940827 1196.3004466733455047
61950 3213.8029473197561856 -1651.260009765625 -1492.1554385713570809 1275431.9528791727498 1196.3004466733455047
62000 2956.3289811918857595 -1646.026123046875 -1499.6682216534504732 1328614.5274166779127 1196.3004466733455047
62050 3155.1860127646473302 -1654.1121826171875 -1497.9095386381181925 1329650.197285578819 1196.3004466733455047
62100 2815.2208519162136326 -1642.9169921875 -1503.54487952115187 1379156.5753882080317 1196.3004466733455047
62150 3045.2641263297905425 -1644.529052734375 -1493.768271524355896 1335293.2664593092632 1196.3004466733455047
62200 2944.555415820480448 -1642.8006591796875 -1497.0256273960526414 1324474.1266288687475 1196.3004466733455047
62250 3004.8364171348530363 -1643.2041015625 -1494.4447602171096605 1283370.3215209932532 1196.3004466733455047
62300 2939.9061267441566088 -1640.708984375 -1495.1641232511635735 1342772.9271328474861 1196.3004466733455047
62350 2723.0135916156705207 -1635.099853515625 -1500.2926120786567026 1300061.6426419552881 1196.3004466733455047
62400 3029.3890831948897358 -1637.2994384765625 -1487.3245772411253256 1316217.3017294786405 1196.3004466733455047
62450 2955.5232027002052746 -1632.9134521484375 -1486.595442137122518 1306787.4192538331263 1196.3004466733455047
62500 3049.0033438692098571 -1646.7755126953125 -1495.8296154053832652 1321405.4407206964679 1196.3004466733455047
62550 2892.1007201544598502 -1642.53515625 -1499.3569799668021005 1312043.1056622248143 1196.3004466733455047
62600 3028.9321981823795795 -1643.846923828125 -1493.8946814324835941 1304066.0482779880986 1196.3004466733455047
62650 3132.4923773593750411 -1644.37939453125 -1489.3002360891537137 1295751.6974391124677 1196.3004466733455047
62700 3000.4801937082306722 -1633.0557861328125 -1484.5121067529130414 1350194.292733181268 1196.3004466733455047
62750 3045.0044734037419403 -1640.375244140625 -1489.6273174733812539 1332915.8494115427602 1196.3004466733455047
62800 3169.7171781271313193 -1648.2890625 -1491.36702941343151 1341404.2555656190962 1196.3004466733455047
62850 3128.4444704099018963 -1641.76904296875 -1486.890282780680991 1326251.8709236087743 1196.3004466733455047
62900 3032.8651703819755312 -1631.830078125 -1481.6831275081037802 1328232.0404349197634 1196.3004466733455047
62950 3096.9882576379259262 -1642.7291259765625 -1489.4076570495069518 1327127.9010886182077 1196.3004466733455047
63000 3045.4867609746715971 -1646.020263671875 -1495.2484605696342896 1317109.5581676545553 1196.3004466733455047
63050 3029.803010783272839 -1634.63037109375 -1484.6350176960568206 1305671.7697439650074 1196.3004466733455047
63100 3144.0327709244011203 -1640.558349609375 -1484.9078651091244865 1298903.6830128256697 1196.3004466733455047
63150 3085.3489497654027218 -1642.390869140625 -1489.6456231862941877 1285139.4868926021736 1196.3004466733455047
63200 2972.062578917434621 -1647.38037109375 -1500.2435522120724727 1334804.6345907207578 1196.3004466733455047
63250 3232.9877142728196304 -1652.9609375 -1492.9065930403628499 1316661.806281973375 1196.3004466733455047
63300 2999.1797370810663779 -1648.56103515625 -1500.0817370086206211 1313438.0802521230653 1196.3004466733455047
63350 2913.9180601134903554 -1647.099365234375 -1502.8410858534821273 1295144.8225958789699 1196.3004466733455047
63400 2838.5286800395774662 -1643.82666015625 -1503.300655337885928 1294854.0855630247388 1196.3004466733455047
63450 2898.7710377743919707 -1649.738037109375 -1506.2296358428643543 1298540.0419062692672 1196.3004466733455047
63500 2902.7666381958970305 -1640.88818359375 -1497.1819735934284381 1323979.8502856802661 1196.3004466733455047
63550 2929.8017314858889222 -1642.078857421875 -1497.0342309113912052 1332977.8993856636807 1196.3004466733455047
63600 3215.2155834074246741 -1650.6181640625 -1491.4436580082960973 1333554.1840608466882 1196.3004466733455047
63650 3038.4071470636745289 -1645.684326171875 -1495.2630109352544423 1287372.1977327954955 1196.3004466733455047
63700 3036.363070876011534 -1641.67724609375 -1491.3571261919578319 1308213.7552139698528 1196.3004466733455047
63750 2931.6392586391912118 -1639.888916015625 -1494.7533197180769093 1302791.6799707168248 1196.3004466733455047
63800 3049.7228864501689714 -1653.1412353515625 -1502.1597159293257846 1304531.9107112837955 1196.3004466733455047
63850 3081.9572510414113822 -1649.825439453125 -1497.2481050913672789 1337616.6949239706155 1196.3004466733455047
63900 3074.1524477323519022 -1638.674072265625 -1486.4831274567113724 1342429.657822586596 1196.3004466733455047
63950 3170.8831234805020358 -1638.97412109375 -1481.9943659755183489 1357240.7322510979138 1196.3004466733455047
64000 3000.4630424477436463 -1629.437744140625 -1480.8949138619273072 1334492.327081149444 1196.3004466733455047
64050 3104.9796954127696154 -1630.544921875 -1476.8278237506247024 1278083.0742397261783 1196.3004466733455047
64100 3125.0694980022844902 -1638.44970703125 -1483.7380303721054133 1331299.4692422142252 1196.3004466733455047
64150 3265.1633254724174549 -1650.049072265625 -1488.4018215492135369 1321620.9681685043033 1196.3004466733455047
64200 3064.1162160696053434 -1644.05419921875 -1492.3601144729086627 1333319.6787308847997 1196.3004466733455047
64250 3064.5267778198849555 -1638.8228759765625 -1487.1084656997854836 1319408.9688787127379 1196.3004466733455047
64300 3150.0503873936768287 -1639.53125 -1483.5828535544155784 1341341.255602831021 1196.3004466733455047
64350 3386.7933033398676343 -1645.76416015625 -1478.0954184554243511 1314621.0007647287566 1196.3004466733455047
64400 3040.0292074272419995 -1641.44287109375 -1490.9412531058947025 1332008.8015450716484 1196.3004466733455047
64450 3184.8609623459528848 -1641.1224365234375 -1483.4506856309269551 1327398.8526991622057 1196.3004466733455047
64500 3060.6288461877252303 -1639.5618896484375 -1488.0404528523142744 1309823.8387731721159 1196.3004466733455047
64550 3170.6541426995481743 -1639.141845703125 -1482.173426652960643 1331827.7447134894319 1196.3004466733455047
64600 3040.7366409685896542 -1641.437255859375 -1490.9006152170229598 1306357.453900778899 1196.3004466733455047
64650 2974.9025120354767751 -1646.636474609375 -1499.3590601938785767 1308310.0926967135165 1196.3004466733455047
64700 3135.7913545389442334 -1642.5283203125 -1487.2858406095365353 1309226.873870822601 1196.3004466733455047
64750 3037.8482791871451809 -1641.101318359375 -1490.7076707910300684 1316266.5052611422725 1196.3004466733455047
64800 2943.7310375798065252 -1639.5367431640625 -1493.8025235735317438 1317061.478711372707 1196.3004466733455047
64850 3096.2604825518883445 -1643.5836181640625 -1490.2981789329428466 1348106.4146830502432 1196.3004466733455047
64900 3227.8273371599657366 -1645.284423828125 -1485.4855522774369092 1311952.9961494836025 1196.3004466733455047
64950 2993.6338457732458664 -1641.66845703125 -1493.4637173033133877 1305993.0240905531682 1196.3004466733455047
65000 3015.1684976040096444 -1641.942626953125 -1492.6717790656298348 1317561.0706288558431 1196.3004466733455047
65050 3092.3340971841880673 -1644.4952392578125 -1491.4041821560615517 1279227.7445534660947 1196.3004466733455047
65100 2931.0443438500401498 -1639.2532958984375 -1494.1471518305302197 1325459.2075010135304 1196.3004466733455047
65150 2905.7256673170418253 -1641.691650390625 -1497.8389488140655885 1329805.6474540655036 1196.3004466733455047
65200 2953.7983165635059777 -1647.705322265625 -1501.4727055636190016 1321777.6495287432335 1196.3004466733455047
65250 3134.0116378313705354 -1651.4306640625 -1496.2762921459338941 1333805.7136932241265 1196.3004466733455047
65300 2935.0374915122010862 -1642.630615234375 -1497.3267838605197539 1318350.0479322324973 1196.3004466733455047
65350 2904.9295836544865779 -1646.859130859375 -1503.0458407065530082 1308450.5154865325894 1196.3004466733455047
65400 2901.7742962371444264 -1659.572265625 -1515.9151831363565179 1287417.1187734650448 1196.3004466733455047
65450 2725.3437161815136278 -1648.399658203125 -1513.4770601385243936 1286737.5739139977377 1196.3004466733455047
65500 3006.6585484017255112 -1652.0931396484375 -1503.2435907145211331 1275823.1862316231709 1196.3004466733455047
65550 3006.9958181183424131 -1652.062255859375 -1503.1960098365211707 1292346.485868439544 1196.3004466733455047
65600 2933.3942009292600233 -1653.2978515625 -1508.0753739766125818 1317866.1897589822765 1196.3004466733455047
65650 2851.7630686763759513 -1638.818359375 -1497.6371645018655272 1324055.2800460029393 1196.3004466733455047
65700 3006.633391020261115 -1639.497314453125 -1490.6490109765238685 1352244.1578510676045 1196.3004466733455047
65750 3062.8823990476362269 -1642.831787109375 -1491.1987844931572909 1291711.1275716240052 1196.3004466733455047
65800 3133.6655098585147243 -1649.794921875 -1494.6576855898345002 1261665.1744011966512 1196.3004466733455047
65850 2966.5561415139013661 -1648.98046875 -1502.1162550579554136 1319686.4795103862416 1196.3004466733455047
65900 2795.9113586653747916 -1638.7734375 -1500.3572728783865387 1291639.1025921136606 1196.3004466733455047
65950 2909.0810727084972314 -1649.08544921875 -1505.0666328104034619 1299371.2116490572225 1196.3004466733455047
66000 3086.038656301813262 -1659.0086669921875 -1506.2292759877325352 1273394.6330637584906 1196.3004466733455047
66050 2891.7307347351506905 -1659.4224853515625 -1516.2626258016716747 1284110.5630856654607 1196.3004466733455047
66100 2805.9215619453875661 -1651.755615234375 -1512.8438791273467814 1273838.4067808755208 1196.3004466733455047
66150 2666.7228328967712514 -1641.971923828125 -1509.9514484670419279 1298375.9741615916137 1196.3004466733455047
66200 2897.2556876564299273 -1650.650390625 -1507.2170092444873717 1284423.2233105835039 1196.3004466733455047
66250 2949.7771778070314213 -1645.781494140625 -1499.74795048947135 1338517.5309602769557 1196.3004466733455047
66300 2875.5841563108883747 -1646.0906982421875 -1503.7302014654837876 1314804.2256239198614 1196.3004466733455047
66350 2889.581570935932632 -1653.02587890625 -1509.9724172252720109 1332902.7915610915516 1196.3004466733455047
66400 2820.4007193836914666 -1651.41943359375 -1511.7908831165698302 1303752.78932872531 1196.3004466733455047
66450 2757.4091227189810525 -1652.83984375 -1516.3297952906673345 1312650.1500509053003 1196.3004466733455047
66500 2930.7804554191411626 -1648.527587890625 -1503.4345080510881871 1298945.5616572692525 1196.3004466733455047
66550 3029.890694239142249 -1649.33349609375 -1499.3338017831647448 1332476.3973461568821 1196.3004466733455047
66600 2980.807557730499866 -1646.42578125 -1498.8560278894626663 1316565.3201766959392 1196.3004466733455047
66650 3032.4416313764281767 -1648.666748046875 -1498.540765421161268 1302050.3256049570628 1196.3004466733455047
66700 2882.9325081879092068 -1643.878662109375 -1501.1543731545127685 1335564.4410192836076 1196.3004466733455047
66750 2836.0033082253435168 -1641.70263671875 -1501.3016545623836464 1289689.1388598971535 1196.3004466733455047
66800 2935.0826767664898398 -1646.222900390625 -1500.9168320468540969 1290935.4967249305919 1196.3004466733455047
66850 2916.2348424607680499 -1649.322021484375 -1504.9490460042015911 1292360.6685610893182 1196.3004466733455047
66900 2839.0305886338046548 -1649.795654296875 -1509.2448016726648348 1304771.2515418315306 1196.3004466733455047
66950 2885.927018503308318 -1649.41748046875 -1506.5449433830974613 1318795.311126434477 1196.3004466733455047
67000 2921.8543711339716538 -1641.16650390625 -1496.5153244681737306 1366173.8774692167062 1196.3004466733455047
67050 3050.5640308440902118 -1643.40478515625 -1492.3816235050710475 1337453.396235462511 1196.3004466733455047
67100 3211.6124771584281916 -1644.63720703125 -1485.6410786449091574 1363312.6378259488847 1196.3004466733455047
67150 3266.8012836816001254 -1642.12548828125 -1480.3971477647548909 1311522.342808597954 1196.3004466733455047
67200 3048.2147634011521404 -1630.131591796875 -1479.2247344727679774 1312703.4091846898664 1196.3004466733455047
67250 3065.9258160398899236 -1636.9383544921875 -1485.1546825401533169 1342779.3399527005386 1196.3004466733455047
67300 3118.5760065613162624 -1640.680419921875 -1486.290214176848167 1337785.307940667728 1196.3004466733455047
67350 3067.6689852350796173 -1640.718017578125 -1488.8480471840684913 1320234.2016482732724 1196.3004466733455047
67400 3103.9888588624107797 -1648.569580078125 -1494.9015349377229995 1316657.7394056371413 1196.3004466733455047
67450 3000.6574237893996724 -1642.2957763671875 -1493.7433229222535829 1287882.9312315434217 1196.3004466733455047
67500 2953.7311152367565228 -1641.66796875 -1495.4386789595848768 1343341.2136898403987 1196.3004466733455047
67550 2789.6228877474914043 -1640.10205078125 -1501.9972071974407299 1341893.4143163387198 1196.3004466733455047
67600 3060.683471845168242 -1647.415771484375 -1495.8916303557377887 1312323.8537970522884 1196.3004466733455047
67650 2801.6881702615778522 -1644.4013671875 -1505.6992120596389668 1302731.1084594202694 1196.3004466733455047
67700 3129.0350608687208478 -1650.664794921875 -1495.7567965872106015 1333707.8083020530175 1196.3004466733455047
67750 2959.3285185550507776 -1643.3250732421875 -1496.8186748457510475 1315270.866104537854 1196.3004466733455047
67800 2943.6283582087826289 -1635.067626953125 -1489.3384906727924317 1320516.6274668062106 1196.3004466733455047
67850 3122.5563297665235041 -1643.7354736328125 -1489.1482154775540039 1317344.5644657798111 1196.3004466733455047
67900 3031.3112736997195498 -1640.31640625 -1490.2463838298112933 1318748.5868575347122 1196.3004466733455047
67950 3089.7007592750228469 -1635.1510009765625 -1482.1903115749212247 1300081.2931744260713 1196.3004466733455047
68000 2989.174992382128039 -1633.04638671875 -1485.0623898205515161 1346191.6504514480475 1196.3004466733455047
68050 2830.3889283763228377 -1630.2454833984375 -1490.1224502990116889 1322736.008018180728 1196.3004466733455047
68100 3169.6322772851754053 -1655.0186767578125 -1498.1008468262832594 1289569.7960451198742 1196.3004466733455047
68150 2797.8145048927544849 -1640.481689453125 -1501.9713064648628915 1292510.464350214228 1196.3004466733455047
68200 2923.8665720686526583 -1630.962890625 -1486.2120938886273507 1333871.3436811924912 1196.3004466733455047
68250 3105.9910345056900951 -1637.986328125 -1484.2191620047492506 1306766.1101652318612 1196.3004466733455047
68300 3106.9173859848224311 -1652.09521484375 -1498.2821881784443576 1336721.3692160563078 1196.3004466733455047
68350 3092.1989937883799939 -1645.889404296875 -1492.8050357096999505 1341721.3202718223911 1196.3004466733455047
68400 2984.9916105986508228 -1645.845703125 -1498.0688113840599271 1350925.3715191578958 1196.3004466733455047
68450 2924.442161607734306 -1646.819580078125 -1502.0402878402233 1312620.2479491259437 1196.3004466733455047
68500 2929.7296503687580298 -1638.02587890625 -1492.9848208893608899 1301528.3477469307836 1196.3004466733455047
68550 2925.1792640632870643 -1641.355712890625 -1496.5399291901044307 1313843.2242885769811 1196.3004466733455047
68600 3183.6681175605126555 -1651.112060546875 -1493.4993633864071398 1302665.8678353247233 1196.3004466733455047
68650 3102.9591712411374829 -1650.88720703125 -1497.2701382606294374 1294617.4666068963706 1196.3004466733455047
68700 2881.0247221941558564 -1645.02734375 -1502.3975028610093432 1297427.9930484958459 1196.3004466733455047
68750 3050.2407099490037581 -1643.791015625 -1492.7838605035349246 1293057.0855103877839 1196.3004466733455047
68800 3107.7592459464412968 -1647.912109375 -1494.0574050554030237 1289566.2947219212074 1196.3004466733455047
68850 3057.9588957526448212 -1649.051513671875 -1497.662257138837731 1286372.5771854787599 1196.3004466733455047
68900 2932.2486768114208644 -1642.201171875 -1497.0354053341109193 1290215.8481379784644 1196.3004466733455047
68950 2979.2555216560331246 -1642.1011962890625 -1494.6082790128009492 1304251.6274467059411 1196.3004466733455047
69000 3004.7878792142259954 -1642.81591796875 -1494.0589795725056774 1303707.504168197047 1196.3004466733455047
69050 3038.6197644905164452 -1638.697509765625 -1488.2656685555455169 1313811.4527898721863 1196.3004466733455047
69100 2973.8261070043863583 -1638.711669921875 -1491.487544697940848 1320111.2588090091012 1196.3004466733455047
69150 3032.0513739315688326 -1638.639892578125 -1488.5332302854988029 1315772.3711146931164 1196.3004466733455047
69200 2922.4872165366559784 -1630.14501953125 -1485.4625100464731986 1346086.3890139565337 1196.3004466733455047
69250 3024.5911869077008305 -1639.12109375 -1489.383760217387362 1317947.4095161799341 1196.3004466733455047
69300 3033.1375174200125002 -1642.887451171875 -1492.7270175694277441 1373167.8083499670029 1196.3004466733455047
69350 3079.9518551323371867 -1652.163330078125 -1499.6852761207412641 1343742.8031524298713 1196.3004466733455047
69400 3040.24399812544425 -1648.26220703125 -1497.7499554785824785 1321866.6151122895535 1196.3004466733455047
69450 2941.2799425392040575 -1647.017822265625 -1501.4049481439308238 1315525.086495552212 1196.3004466733455047
69500 2938.175507883274804 -1646.441162109375 -1500.9819781027342742 1304829.6487593059428 1196.3004466733455047
69550 3031.7823339563215086 -1644.20361328125 -1494.1102702526227404 1324838.7933222413994 1196.3004466733455047
69600 3061.276017202953426 -1647.0565185546875 -1495.5030424989845415 1300646.3937883675098 1196.3004466733455047
69650 3089.0855523257805544 -1647.7584228515625 -1494.8281902761359561 1365993.0897351929452 1196.3004466733455047
69700 3353.1341172938159616 -1652.448974609375 -1486.4465859645360979 1331723.7708698178176 1196.3004466733455047
69750 3062.6446116274732958 -1644.75634765625 -1493.1351170951770655 1306605.2668972115498 1196.3004466733455047
69800 3069.9521668800616681 -1644.266357421875 -1492.283354386260271 1340338.6511212172918 1196.3004466733455047
69850 2975.0845706996328772 -1636.2535400390625 -1488.9671125116337862 1356232.87041254621 1196.3004466733455047
69900 3118.8894258611639998 -1648.268798828125 -1493.8630767480508439 1354964.7664261697792 1196.3004466733455047
69950 3083.2942498973302463 -1637.119384765625 -1484.4758600887967077 1341452.2614510352723 1196.3004466733455047
70000 2875.9496064364766426 -1632.496337890625 -1490.1177489077476821 1378335.4191343905404 1196.3004466733455047
70050 3058.5635588854829621 -1641.625 -1490.2058086296237889 1325146.0758197961841 1196.3004466733455047
70100 2867.2780883753957824 -1639.91357421875 -1497.9642829200577125 1267402.8031838620082 1196.3004466733455047
70150 3092.3620291496890786 -1643.45361328125 -1490.3611733618631661 1327785.0645147578325 1196.3004466733455047
70200 3043.7574592812179617 -1647.012451171875 -1496.326259978302005 1315557.9595151199028 1196.3004466733455047
70250 2945.9653029172500283 -1643.754638671875 -1497.9098081215947786 1310775.8159204279073 1196.3004466733455047
70300 2815.5518408328834994 -1648.14599609375 -1508.7574972797381179 1340366.6694792509079 1196.3004466733455047
70350 2878.8710442482588405 -1654.1456298828125 -1511.6224103429490242 1314563.3046990423463 1196.3004466733455047
70400 2863.0620517799879963 -1650.563720703125 -1508.8231511915637384 1310397.7160629492719 1196.3004466733455047
70450 2946.5910429574128102 -1649.00830078125 -1503.1324919468618191 1315478.407055110205 1196.3004466733455047
70500 2913.7485218123802042 -1640.526611328125 -1496.2767252181145068 1294083.1174525551032 1196.3004466733455047
70550 3045.6787760316569802 -1653.250244140625 -1502.4689350189407833 1289038.4803031659685 1196.3004466733455047
70600 3251.6088005305346087 -1651.6669921875 -1490.6907803972362672 1322235.1952804243192 1196.3004466733455047
70650 3141.5237750170149411 -1640.03564453125 -1484.5093719769452036 1343396.3228927988093 1196.3004466733455047
70700 3224.258442307524092 -1643.751953125 -1484.1297655510345521 1347809.0767066858243 1196.3004466733455047
70750 3093.0600446008961626 -1643.4013671875 -1490.2743708715725006 1322847.5562251331285 1196.3004466733455047
70800 3037.4491728681468885 -1642.974365234375 -1492.6004760771045312 1318328.8398252760526 1196.3004466733455047
70850 2938.3161838813230133 -1644.148193359375 -1498.6820449573701808 1314826.1325212675147 1196.3004466733455047
70900 3115.2272733347117537 -1657.9295654296875 -1503.7051442000140469 1321094.4544764538296 1196.3004466733455047
70950 2907.8339649999375069 -1649.3505859375 -1505.3935096359541603 1289508.6257751276717 1196.3004466733455047
71000 3018.3423114515317138 -1650.4808349609375 -1501.0528622280371565 1291533.1345620995853 1196.3004466733455047
71050 2780.5880868266076504 -1647.078369140625 -1509.420808153137159 1310653.7887517688796 1196.3004466733455047
71100 3087.6153653802593908 -1655.0826416015625 -1502.2251930354161686 1297036.8871860608924 1196.3004466733455047
71150 2748.4502836429442141 -1627.29150390625 -1491.2249774278714085 1304003.5383987501264 1196.3004466733455047
71200 2942.1373564363484547 -1640.8070068359375 -1495.1516850369348504 1313997.9904610870872 1196.3004466733455047
71250 2938.6990661683967119 -1647.8929443359375 -1502.4078407200938727 1301731.7373820496723 1196.3004466733455047
71300 2897.7043753103853305 -1641.2025146484375 -1497.7469202517713711 1299489.2304742266424 1196.3004466733455047
71350 2896.7197970837237335 -1642.632568359375 -1499.2257171181317972 1314887.3293764789123 1196.3004466733455047
71400 2865.9562027609176766 -1637.053955078125 -1495.1701058887676936 1311514.4602894624695 1196.3004466733455047
71450 3070.5612053728159481 -1652.06201171875 -1500.0488572364477022 1316133.7548269450199 1196.3004466733455047
71500 2990.3190262294692729 -1650.58544921875 -1502.5448150538315986 1299307.5046018033754 1196.3004466733455047
71550 2817.1680577385145625 -1641.4324951171875 -1501.9639828418830803 1299824.3026926377788 1196.3004466733455047
71600 2799.5264856755752589 -1647.8682861328125 -1509.2731487358923914 1258460.4024071395397 1196.3004466733455047
71650 2746.9371397791628624 -1647.520263671875 -1511.5286478552725384 1286387.3483766543213 1196.3004466733455047
71700 2971.5026316241210225 -1649.94677734375 -1502.8376795686413061 1290068.7947450552601 1196.3004466733455047
71750 2996.3301235375106444 -1650.563232421875 -1502.2250090533618732 1272003.7995745793451 1196.3004466733455047
71800 2892.1178617215687154 -1642.025634765625 -1498.8466098611118014 1314293.4557905001566 1196.3004466733455047
71850 2986.469049748965972 -1641.864013671875 -1494.0139788893952755 1287522.4761553870048 1196.3004466733455047
71900 2934.3003831504124719 -1644.001953125 -1498.7346135061616224 1308186.003374771215 1196.3004466733455047
71950 2987.5393774425760967 -1650.57958984375 -1502.6765667382396714 1274822.6594619511161 1196.3004466733455047
72000 2894.3222692069471123 -1647.030029296875 -1503.741871594412487 1302021.910482626874 1196.3004466733455047
72050 3092.031647555827476 -1648.379638671875 -1495.3035548336431475 1311940.15412508999 1196.3004466733455047
72100 3094.1740910970725054 -1645.368896484375 -1492.1867474745922664 1324807.1041636515874 1196.3004466733455047
72150 3180.0666490156881991 -1651.605224609375 -1494.17082403954646 1305634.5684789007064 1196.3004466733455047
72200 2880.0304583549896051 -1645.57275390625 -1502.9921356747704522 1287739.6877628935035 1196.3004466733455047
72250 2964.4025077414962652 -1654.15380859375 -1507.3962140639516747 1271488.6816858949605 1196.3004466733455047
72300 3186.0433781911438018 -1666.3697509765625 -1508.6394626537532986 1325431.4682844602503 1196.3004466733455047
72350 2966.550020620156829 -1657.9075927734375 -1511.0436821062485251 1294944.9155409631785 1196.3004466733455047
72400 2905.7351372142384207 -1656.5289306640625 -1512.6757602647539898 1279480.3827276586089 1196.3004466733455047
72450 2996.3185899188292751 -1657.744384765625 -1509.406732387768443 1286732.2197454937268 1196.3004466733455047
72500 2831.9107332877283625 -1644.6953125 -1504.4969399594697279 1301054.2083501867019 1196.3004466733455047
72550 3041.8743146289707511 -1658.0374755859375 -1507.4445125483230186 1292449.5654123469722 1196.3004466733455047
72600 2910.0382028987669401 -1655.88427734375 -1511.8180766399143522 1285050.0886170244776 1196.3004466733455047
72650 2906.3025463868416409 -1648.897705078125 -1505.0164441597091809 1315963.7053469510283 1196.3004466733455047
72700 3170.3618449530254111 -1660.1751708984375 -1503.2212225262778702 1328173.4499004497193 1196.3004466733455047
72750 3117.2316449719864977 -1656.431640625 -1502.1079896992032445 1305031.8767136305105 1196.3004466733455047
72800 2801.046240437227425 -1654.4698486328125 -1515.7994732908045989 1311674.5371513017453 1196.3004466733455047
72850 3093.2197013480936221 -1662.1439208984375 -1509.0090205141159458 1283311.8567655333318 1196.3004466733455047
72900 2847.8407938898476459 -1661.27001953125 -1520.283003286440362 1280078.0014272397384 1196.3004466733455047
72950 3008.5183102364535443 -1656.537109375 -1507.5954898897498424 1288613.0097610701341 1196.3004466733455047
73000 2848.9592130731307407 -1650.7591552734375 -1509.7167698577454757 1325618.6268095574342 1196.3004466733455047
73050 3127.2199211515530806 -1653.4541015625 -1498.6359646882585821 1327379.2827858042438 1196.3004466733455047
73100 3190.2371954016289237 -1652.8983154296875 -1494.9604053267385098 1317540.5611848866101 1196.3004466733455047
73150 3131.143721874998846 -1652.6112060546875 -1497.5988150081184358 1312500.8537416439503 1196.3004466733455047
73200 3035.2577112253588894 -1642.77099609375 -1492.5055988293179325 1297599.105813406175 1196.3004466733455047
73250 3075.8605095181769684 -1640.81689453125 -1488.5413893300342352 1290032.823460333515 1196.3004466733455047
73300 2960.5331436000769827 -1639.3590087890625 -1492.792973459565701 1303618.3086989056319 1196.3004466733455047
73350 2966.2830694452527496 -1641.708251953125 -1494.8575571404578568 1325615.5119225278031 1196.3004466733455047
73400 3138.0083975338275195 -1644.8983154296875 -1489.5460773872109712 1290989.2260387183633 1196.3004466733455047
73450 3033.4436208036872813 -1636.5592041015625 -1486.3836163504636261 1335574.3634915272705 1196.3004466733455047
73500 3102.6643996088628228 -1641.519775390625 -1487.9172997717694216 1304750.7771822658833 1196.3004466733455047
73550 3020.2938209760309292 -1642.39990234375 -1492.8753169400770275 1296863.6123536538798 1196.3004466733455047
73600 2918.9165796610086545 -1643.66748046875 -1499.1617412024036184 1279378.0508528661449 1196.3004466733455047
73650 2817.7527192074485356 -1637.18603515625 -1497.6885782586916775 1297192.4655723830219 1196.3004466733455047
73700 2943.9985310776060032 -1642.8551025390625 -1497.1076402454280014 1321212.1372963271569 1196.3004466733455047
73750 3174.4266449205829304 -1640.4979248046875 -1483.3427418620112803 1343086.3029356759507 1196.3004466733455047
73800 3133.7523356653059636 -1637.814697265625 -1482.6731625268876087 1351186.1756263594143 1196.3004466733455047
73850 3398.3936764350719386 -1645.2777099609375 -1477.0346728172175972 1285057.0252249098849 1196.3004466733455047
73900 3194.1740968574513317 -1637.000244140625 -1478.8674312921652927 1346389.8879629904404 1196.3004466733455047
73950 3227.5102533694871454 -1637.370849609375 -1477.58767581033635 1375578.4329990583938 1196.3004466733455047
74000 3150.2944660879979892 -1634.528564453125 -1478.5680844925791462 1329176.1093086840119 1196.3004466733455047
74050 3353.4799362722797014 -1642.5908203125 -1476.5713113335332309 1328122.1504944737535 1196.3004466733455047
74100 3399.0125507044353981 -1642.249267578125 -1473.9755920515099206 1336181.5264826612547 1196.3004466733455047
74150 3184.4728339365774445 -1643.1478271484375 -1485.4952911876307553 1335225.0661515411921 1196.3004466733455047
74200 3146.4714724432269577 -1643.631591796875 -1487.8603753893532939 1323308.0632533479948 1196.3004466733455047
74250 2963.1052586821861041 -1635.39794921875 -1488.7045771253290241 1339623.8194474147167 1196.3004466733455047
74300 3073.7188258691126066 -1640.81884765625 -1488.6493700068797352 1337035.8392973665614 1196.3004466733455047
74350 3075.8036705467470711 -1644.989501953125 -1492.7168106581518714 1290229.8182849837467 1196.3004466733455047
74400 3030.3333347476832387 -1642.2835693359375 -1492.2619613830227081 1320023.2193414161447 1196.3004466733455047
74450 3115.8449888419349918 -1642.207275390625 -1487.9522731444712917 1284759.7826909851283 1196.3004466733455047
74500 2844.8462300339651847 -1638.296142578125 -1497.4573771147147454 1323620.4968900913373 1196.3004466733455047
74550 3004.2626159792653198 -1646.51953125 -1497.7885968692887673 1309465.0096068512648 1196.3004466733455047
74600 3083.1765951419520206 -1643.130615234375 -1490.4929152486402018 1310544.8579905577935 1196.3004466733455047
74650 2921.7870361250670612 -1636.946533203125 -1492.2986872947933534 1306604.9980092942715 1196.3004466733455047
74700 2891.812760187202457 -1636.526123046875 -1493.3622026928248943 1318068.2091222731397 1196.3004466733455047
74750 2857.1658909574084646 -1638.485595703125 -1497.0369252764630801 1284388.591327099828 1196.3004466733455047
74800 3058.1982822734912588 -1645.9345703125 -1494.5334625582231638 1331031.4145345631987 1196.3004466733455047
74850 3224.0052103376315245 -1652.924072265625 -1493.3144213544987906 1337430.1289323084056 1196.3004466733455047
74900 2946.8815602865956862 -1645.243408203125 -1499.3532168332044421 1290195.4111215537414 1196.3004466733455047
74950 2966.1051734996303821 -1648.1378173828125 -1501.2959295998882681 1303333.2747622693423 1196.3004466733455047
75000 2693.5610526594687144 -1642.907470703125 -1509.5583253778418111 1292114.7894915768411 1196.3004466733455047
75050 2913.351624868572344 -1654.8856201171875 -1510.6553830395191653 1307814.6786334693898 1196.3004466733455047
75100 3006.6949204960142197 -1657.185791015625 -1508.3344414216931 1299571.1397776964586 1196.3004466733455047
75150 2959.8751489894680162 -1654.052001953125 -1507.5185417229995437 1309979.5313511311542 1196.3004466733455047
75200 2983.3436159663087892 -1650.3028564453125 -1502.6075513739995131 1313263.4260074649937 1196.3004466733455047
75250 2965.7639924652421541 -1648.2930908203125 -1501.4680937625091701 1294838.5102042227518 1196.3004466733455047
75300 2884.698982690061257 -1645.322509765625 -1502.5107686014027877 1303555.9739666592795 1196.3004466733455047
75350 2674.7661180013506055 -1644.15576171875 -1511.7370903734904459 1266714.9540875512175 1196.3004466733455047
75400 2790.0358321212843293 -1652.346923828125 -1514.2216367577061646 1280943.9820754171815 1196.3004466733455047
75450 2749.0182052608729464 -1656.4554443359375 -1520.3608019690077526 1252183.1122419224121 1196.3004466733455047
75500 3069.6111166750438315 -1651.357666015625 -1499.3915472282092196 1314292.1068239924498 1196.3004466733455047
75550 3024.201283137714654 -1643.124267578125 -1493.4062368693466851 1328019.6492322010454 1196.3004466733455047
75600 3042.3070506266308257 -1641.4122314453125 -1490.797845104379121 1329437.1472693232354 1196.3004466733455047
75650 3240.9975699385367989 -1648.3284912109375 -1487.8776057461695927 1344640.3879141588695 1196.3004466733455047
75700 2995.6817333083317862 -1638.925048828125 -1490.6189250783722855 1345068.7057833306026 1196.3004466733455047
75750 3092.1174519008663992 -1639.368896484375 -1486.2885647617058567 1350119.7983374921605 1196.3004466733455047
75800 3036.7898160779054706 -1642.0582275390625 -1491.7169809180938955 1329648.2826312133111 1196.3004466733455047
75850 3055.0965864221761876 -1645.6956787109375 -1494.4481254827121575 1287712.416307365289 1196.3004466733455047
75900 2990.135077303181788 -1637.4510498046875 -1489.4195223322199126 1332951.2449461102951 1196.3004466733455047
75950 3162.8958188014817097 -1639.231689453125 -1482.6473589165445901 1326997.7241031650919 1196.3004466733455047
76000 3239.2856061536258494 -1635.4034423828125 -1475.0373104851933022 1331197.2957475802395 1196.3004466733455047
76050 3171.0727159805901465 -1634.61328125 -1477.6241400449662251 1316103.7315493046772 1196.3004466733455047
76100 3179.8505351652815989 -1635.1273193359375 -1477.7036178357352583 1328935.6718634366989 1196.3004466733455047
76150 3236.6499066460896756 -1635.697021484375 -1475.4613742016551896 1340362.9191418951377 1196.3004466733455047
76200 3084.5692663663407984 -1631.80615234375 -1479.0995058912892546 1305671.4605055523571 1196.3004466733455047
76250 3065.1648641172196221 -1640.532470703125 -1488.7864709205859981 1309076.5580657292157 1196.3004466733455047
76300 3198.2470542307178221 -1647.31640625 -1488.9819549853125409 1323684.2463505754713 1196.3004466733455047
76350 3086.4949921707107023 -1639.405029296875 -1486.6030466388770037 1318326.2722210469656 1196.3004466733455047
76400 2960.1308006350059259 -1633.351318359375 -1486.805201676409979 1297747.5949332569726 1196.3004466733455047
76450 2971.348648677971596 -1633.023193359375 -1485.9217187618598928 1319966.8731342058163 1196.3004466733455047
76500 3011.7670216242941024 -1631.790771484375 -1482.6883192284885808 1332331.5808337931521 1196.3004466733455047
76550 3397.5662390452957879 -1641.267578125 -1473.0655046225638216 1320565.3246375084855 1196.3004466733455047
76600 3194.9760458535761245 -1630.937744140625 -1472.7652294954964418 1348430.4350982867181 1196.3004466733455047
76650 3343.0744627307308292 -1638.40625 -1472.9018810072236647 1343261.3452784200199 1196.3004466733455047
76700 3263.02771288014128 -1629.45263671875 -1467.9111129965881446 1346309.2250813983846 1196.3004466733455047
76750 3214.5242324486371217 -1638.4942626953125 -1479.3539831010521084 1317725.6337928073481 1196.3004466733455047
76800 3064.1651649694126718 -1632.119140625 -1480.4226325838160392 1317398.212352033006 1196.3004466733455047
76850 3241.2955638649095818 -1646.33935546875 -1485.8737173272775181 1303455.2638582184445 1196.3004466733455047
76900 2940.4803919944970403 -1634.7783203125 -1489.2050292482144869 1332255.5448239890393 1196.3004466733455047
76950 2941.0903035348160302 -1640.6583251953125 -1495.0548394626919162 1311579.8832431628834 1196.3004466733455047
77000 2947.5601569821301382 -1633.10546875 -1487.1816823407982611 1325839.0805946767796 1196.3004466733455047
77050 3137.137222102247506 -1638.97900390625 -1483.6698948283517439 1332072.4756849652622 1196.3004466733455047
77100 3071.6108383499431511 -1644.972900390625 -1492.9077821110786317 1324338.6664642882533 1196.3004466733455047
77150 3258.1520741552312757 -1646.05224609375 -1484.7520988409426081 1294161.7257268237881 1196.3004466733455047
77200 3277.4054028150662816 -1643.9140625 -1481.6607477223947171 1314137.6355422744527 1196.3004466733455047
77250 3002.5518435394346852 -1635.6827392578125 -1487.0364994647634376 1296571.5822539452929 1196.3004466733455047
77300 3049.5325172708026003 -1633.9212646484375 -1482.9491697637809011 1285433.9899004125036 1196.3004466733455047
77350 3327.5885770820796097 -1653.49072265625 -1488.7530077602182246 1312453.5358136116993 1196.3004466733455047
77400 2936.9062315785645296 -1638.3583984375 -1492.9620520302696605 1300956.7219513163436 1196.3004466733455047
77450 2986.0814130625931284 -1641.2847900390625 -1493.4539458447347897 1287727.3283517677337 1196.3004466733455047
77500 3309.4687386343007347 -1653.19580078125 -1489.3551381232055064 1299134.1642053255346 1196.3004466733455047
77550 3113.1020696820369267 -1639.8768310546875 -1485.7576215076846893 1331906.7929247054271 1196.3004466733455047
77600 2937.5829057737887524 -1640.7601318359375 -1495.3302855659483157 1307697.4536719869357 1196.3004466733455047
77650 2851.2344743174262476 -1636.509033203125 -1495.3540072582648008 1282113.5184676910285 1196.3004466733455047
77700 2997.777478551826789 -1639.751953125 -1491.3420760793032969 1299070.0782198845409 1196.3004466733455047
77750 3022.6140334895912929 -1640.93896484375 -1491.2995135248045244 1338910.6703365435824 1196.3004466733455047
77800 2741.7022938846171201 -1639.431884765625 -1503.6994285568057421 1335079.2865532157011 1196.3004466733455047
77850 3078.8169965361571485 -1647.13623046875 -1494.7143595422710405 1293966.7318397040945 1196.3004466733455047
77900 2922.717556617759783 -1643.84912109375 -1499.1552082465289004 1303806.7340474894736 1196.3004466733455047
77950 3058.2082538974495947 -1648.5419921875 -1497.1403907716701269 1284082.7813224245328 1196.3004466733455047
78000 3035.5885957343889459 -1646.608154296875 -1496.326376053650165 1361457.9501965942327 1196.3004466733455047
78050 2913.3383732516117561 -1633.872802734375 -1489.6432216996777242 1338113.0330084573943 1196.3004466733455047
78100 3142.7747553608087401 -1638.08935546875 -1482.5011510865035689 1291330.8336574672721 1196.3004466733455047
78150 3143.819487931783442 -1638.09619140625 -1482.4562658293807544 1327431.03619663883 1196.3004466733455047
78200 2970.6926826817025358 -1640.2003173828125 -1493.1313174547981362 1319384.424032386858 1196.3004466733455047
78250 3050.4131626876155678 -1641.538818359375 -1490.5231256830325037 1323953.5325617189519 1196.3004466733455047
78300 3060.5863684987011766 -1637.681884765625 -1486.1625508969705152 1331528.548640799243 1196.3004466733455047
78350 2907.4866248583989545 -1640.2957763671875 -1496.3558957074353657 1315890.6231342342217 1196.3004466733455047
78400 3139.3678939752981023 -1653.2850341796875 -1497.8654920423718977 1344654.146387985209 1196.3004466733455047
78450 2975.37307212019914 -1647.5914306640625 -1500.2907204019545588 1359717.9530594365206 1196.3004466733455047
78500 2950.7443359923390744 -1638.1871337890625 -1492.1057093901242752 1342065.3632797161117 1196.3004466733455047
78550 3058.7313381768462932 -1645.3553466796875 -1493.9278491210834545 1337883.8075651519466 1196.3004466733455047
78600 3085.2348509872149407 -1653.702392578125 -1500.9627952704208838 1330091.7967050697189 1196.3004466733455047
78650 2966.6451041460954912 -1648.507080078125 -1501.6384621454722037 1309444.5906237955205 1196.3004466733455047
78700 2852.429164898732779 -1639.838623046875 -1498.6244519908291295 1295658.1043375879526 1196.3004466733455047
78750 2949.2962758780877266 -1643.805908203125 -1497.7961723884957337 1315087.8807751492132 1196.3004466733455047
78800 2954.8022237335603677 -1635.60009765625 -1489.3177808878651831 1344872.3836144965608 1196.3004466733455047
78850 3038.8731661726774291 -1640.274169921875 -1489.8297836470728726 1323284.5330143086612 1196.3004466733455047
78900 3211.7498465568378379 -1650.126953125 -1491.1240240419183465 1350223.3303874947596 1196.3004466733455047
78950 3090.4091329945085818 -1644.090576171875 -1491.0948175706805614 1345712.4845509643201 1196.3004466733455047
79000 2878.1195657125363141 -1639.30126953125 -1496.8152531653670394 1312737.7652843198739 1196.3004466733455047
79050 2871.5908690353044221 -1647.30517578125 -1505.1423732222851868 1298458.5829478523228 1196.3004466733455047
79100 3000.2449707759396915 -1655.62890625 -1507.0968719660788793 1307521.2839671201073 1196.3004466733455047
79150 2986.765635441190625 -1652.3525390625 -1504.4878213202503048 1266027.5791811263189 1196.3004466733455047
79200 2861.4084400699953221 -1649.900634765625 -1508.2419300063068022 1344688.148195181042 1196.3004466733455047
79250 2899.3891854808462085 -1655.08935546875 -1511.5503517890292642 1267998.1830711590592 1196.3004466733455047
79300 2851.983890523080845 -1646.040771484375 -1504.8486444645575375 1310538.7671907080803 1196.3004466733455047
79350 3035.5829743099379812 -1649.0206298828125 -1498.7391299373991842 1321417.566678549163 1196.3004466733455047
79400 2939.7574313207892374 -1642.011474609375 -1496.473974895668789 1318809.030187911354 1196.3004466733455047
79450 3062.863256410167196 -1642.291259765625 -1490.6592048369836903 1327107.037082657218 1196.3004466733455047
79500 3094.0524242065830549 -1642.8358154296875 -1489.6596897383089981 1325278.0694885789417 1196.3004466733455047
79550 3060.6386576209406485 -1639.849853515625 -1488.3279309884533177 1309419.7267419726122 1196.3004466733455047
79600 3069.798209720253908 -1641.650634765625 -1489.6752536310088999 1342060.2999682722148 1196.3004466733455047
79650 3150.4200003056234891 -1640.83447265625 -1484.8677779189449666 1328619.3486221279018 1196.3004466733455047
79700 3132.6852396748540741 -1641.167236328125 -1486.0785299216679505 1296446.3724252458196 1196.3004466733455047
79750 3128.3332111597978837 -1646.0819091796875 -1491.2086570627632227 1308244.3553066069726 1196.3004466733455047
79800 2889.541988085081357 -1645.52587890625 -1502.4743768390426339 1292897.8819269249216 1196.3004466733455047
79850 3043.9952327379764938 -1654.841552734375 -1504.14359017693846 1299998.6229280957486 1196.3004466733455047
79900 3151.7488460691442924 -1656.1973876953125 -1500.1649062751105248 1317303.0138835639227 1196.3004466733455047
79950 3055.0656090039828996 -1656.6943359375 -1505.4483162970270769 1323960.7628310078289 1196.3004466733455047
80000 2992.3305592042124772 -1653.06787109375 -1504.927652698984275 1284429.5620731119998 1196.3004466733455047
80050 2884.9477170520440268 -1645.1181640625 -1502.2941088968741497 1314281.6943900277838 1196.3004466733455047
80100 3039.87718521653278 -1644.7227783203125 -1494.228686440636011 1303093.1256087990478 1196.3004466733455047
80150 2961.6741465919226357 -1653.54345703125 -1506.9209344824914751 1314973.2443855493329 1196.3004466733455047
80200 2695.8781463668369724 -1646.1298828125 -1512.6660259735456293 1331175.368232910987 1196.3004466733455047
80250 2892.2749692090010285 -1646.74755859375 -1503.5607558261167469 1318737.81473247963 1196.3004466733455047
80300 2904.9493638628773624 -1654.388427734375 -1510.5741583299854938 1302337.5915145487525 1196.3004466733455047
80350 2930.2638446161167849 -1655.49658203125 -1510.429077854452089 1302435.7646816472989 1196.3004466733455047
80400 2942.1065708918349628 -1648.898193359375 -1503.2443956491042627 1268139.777363258414 1196.3004466733455047
80450 2882.9944413795151377 -1649.126220703125 -1506.3988656443184482 1308436.1036329646595 1196.3004466733455047
80500 2894.3957226094794351 -1654.84033203125 -1511.548537897959477 1314884.926371288253 1196.3004466733455047
80550 2833.2862819324441261 -1656.910400390625 -1516.643929064680151 1261890.2337476362009 1196.3004466733455047
80600 2804.4722394569880635 -1654.63720703125 -1515.7972220044275673 1275782.712856168393 1196.3004466733455047
80650 2874.7879665418558943 -1649.0828857421875 -1506.7618056421961228 1304684.0540225973818 1196.3004466733455047
80700 2976.8037371559053099 -1645.002685546875 -1497.6311478722716402 1300640.0244651900139 1196.3004466733455047
80750 2852.9911234195237739 -1640.71875 -1499.4767582682793545 1278892.0216342115309 1196.3004466733455047
80800 2968.1162063887968543 -1640.7894287109375 -1493.8479814557204008 1301827.6345906066708 1196.3004466733455047
80850 3194.3851775753237234 -1641.743408203125 -1483.6001454584970816 1324336.0135749438778 1196.3004466733455047
80900 3022.4623152311314698 -1636.6947021484375 -1487.0627618900175548 1298730.0431272038259 1196.3004466733455047
80950 3103.4759714033398268 -1636.930908203125 -1483.288254395229842 1300796.4241077089682 1196.3004466733455047
81000 3195.6068166596764968 -1648.6717529296875 -1490.4680109441553668 1347378.0565004816744 1196.3004466733455047
81050 3191.4417293957635593 -1641.32958984375 -1483.3320473153637522 1347610.3768627569079 1196.3004466733455047
81100 3237.8647286198333859 -1641.328125 -1481.032335968586267 1317585.1376904146746 1196.3004466733455047
81150 3117.8125276405789918 -1632.064208984375 -1477.7118005120157704 1328421.9958068206906 1196.3004466733455047
81200 3038.0006935835644981 -1630.244873046875 -1479.8436799545561371 1307381.7377882304136 1196.3004466733455047
81250 3155.3439709047083852 -1641.660400390625 -1485.4499364354860518 1320920.3869593983982 1196.3004466733455047
81300 3033.328994060302648 -1636.17431640625 -1486.0044034395584731 1309450.5261319368146 1196.3004466733455047
81350 3099.802141260647204 -1632.1324462890625 -1478.6716714510589554 1335810.3555898377672 1196.3004466733455047
81400 2968.8527975772381069 -1633.587158203125 -1486.6092447964035728 1348147.6129459682852 1196.3004466733455047
81450 3340.9858561050914432 -1653.549560546875 -1488.1485914410902751 1307697.1744676870294 1196.3004466733455047
81500 2919.6608283166351612 -1635.131591796875 -1490.5890072835870797 1305712.2779715538491 1196.3004466733455047
81550 2823.3489341502709067 -1647.123046875 -1507.3485402038918437 1291446.3841810252052 1196.3004466733455047
81600 2864.1547691705172838 -1641.6173095703125 -1499.8226432971555369 1303482.2824499872513 1196.3004466733455047
81650 2940.6410079376255453 -1634.655517578125 -1489.0742749588819152 1307923.6623717467301 1196.3004466733455047
81700 3209.3362764212192815 -1645.7686767578125 -1486.8852354117732375 1300376.9501188555732 1196.3004466733455047
81750 3099.8323322517626366 -1638.78662109375 -1485.3243516013528733 1328169.7351333985571 1196.3004466733455047
81800 3130.2522836122871013 -1641.648681640625 -1486.6804227032300787 1307498.8376183421351 1196.3004466733455047
81850 3217.0311099380260202 -1638.192626953125 -1478.9282402886665295 1350357.5915557525586 1196.3004466733455047
81900 3162.4776563286582132 -1639.1097412109375 -1482.546112491493659 1364977.7915617106482 1196.3004466733455047
81950 3085.350092747236431 -1634.7174072265625 -1481.9721046870465671 1352249.3857275859918 1196.3004466733455047
82000 3107.8904042976291748 -1638.900634765625 -1485.0394372373384613 1304893.0861455085687 1196.3004466733455047
82050 3035.4394193982498109 -1645.63037109375 -1495.355978069028879 1311241.6661891506519 1196.3004466733455047
82100 3174.3928759923101097 -1648.740478515625 -1491.5869673589731974 1291933.9594244635664 1196.3004466733455047
82150 2965.2168842332275744 -1644.79248046875 -1497.9945688987872927 1320829.8017278544139 1196.3004466733455047
82200 3138.8343929729421689 -1656.064208984375 -1500.6710786867406568 1314604.3733156307135 1196.3004466733455047
82250 2786.0071698179413033 -1640.35693359375 -1502.4310920396762867 1284371.3965266207233 1196.3004466733455047
82300 2882.7708438131194271 -1648.046142578125 -1505.3298570825445495 1299623.0252692198846 1196.3004466733455047
82350 2876.3447750810214529 -1646.2967529296875 -1503.8986004767498343 1339602.0824466934428 1196.3004466733455047
82400 3184.0947483859231397 -1650.79736328125 -1493.1635450640005729 1358042.5578181906603 1196.3004466733455047
82450 2981.2463617711587176 -1639.420166015625 -1491.8286889433754823 1345777.0479127240833 1196.3004466733455047
82500 3220.8537171671837314 -1647.5107421875 -1488.0571111001543159 1338465.6357886029873 1196.3004466733455047
82550 3137.2227855289520448 -1644.53076171875 -1489.2174166834706739 1371886.5862032095902 1196.3004466733455047
82600 3098.8391710008736482 -1639.589111328125 -1486.1760099078032908 1326622.3378391487058 1196.3004466733455047
82650 3240.1885821461610249 -1649.606689453125 -1489.1958542521465461 1346497.7405661863741 1196.3004466733455047
82700 3072.9087886196512045 -1645.869384765625 -1493.7400093351334363 1345307.9485417781398 1196.3004466733455047
82750 3124.4021792732046379 -1642.894775390625 -1488.2161354365866828 1352692.9936721825507 1196.3004466733455047
82800 3178.4376499528875684 -1636.042236328125 -1478.688482021185564 1363210.1781469462439 1196.3004466733455047
82850 3218.883197080854643 -1644.642578125 -1485.2865008573826344 1351481.5980741162784 1196.3004466733455047
82900 3062.3565241428964327 -1634.838623046875 -1483.2316547279031056 1305491.8371644846629 1196.3004466733455047
82950 3123.2442745706080132 -1644.1904296875 -1489.5691136995574197 1327863.2164969695732 1196.3004466733455047
83000 3081.341285169171897 -1653.0472412109375 -1500.5004012471188162 1303567.5465154072735 1196.3004466733455047
83050 3072.5664410776826116 -1644.522216796875 -1492.4097898413701841 1336041.9152088395786 1196.3004466733455047
83100 3032.62661096382908 -1647.5484619140625 -1497.4133215713338814 1310720.5541984231677 1196.3004466733455047
83150 2828.2033423110565309 -1650.083984375 -1510.069152288337591 1284979.401511905482 1196.3004466733455047
83200 2710.6363696396110754 -1647.206298828125 -1513.0118120084612201 1311893.3652643912937 1196.3004466733455047
83250 2916.8651916888238702 -1655.823974609375 -1511.4197926597084916 1305540.1771010938101 1196.3004466733455047
83300 2803.6680352200246489 -1650.84375 -1512.0435784192327446 1324287.637807502877 1196.3004466733455047
83350 2900.8467485841892994 -1644.06201171875 -1500.4508489937027207 1299572.8987949066795 1196.3004466733455047
83400 2968.6343066912813811 -1643.8333740234375 -1496.866277365374799 1299077.379831598606 1196.3004466733455047
83450 2924.223765894735152 -1644.141845703125 -1499.3733655021892446 1317537.8942123006564 1196.3004466733455047
83500 3026.4001170894753159 -1647.6593017578125 -1497.8324141779826277 1308597.8859976062085 1196.3004466733455047
83550 2977.9288586224497521 -1648.7939453125 -1501.3667066595198776 1296727.0782880489714 1196.3004466733455047
83600 2953.6308175358062726 -1645.325439453125 -1499.1011150644358167 1321460.4128125759307 1196.3004466733455047
83650 3103.5921106455220979 -1643.8680419921875 -1490.219638521158231 1321375.3245180253871 1196.3004466733455047
83700 3128.1247387730118135 -1649.4991455078125 -1494.6362141573599729 1298191.4149360251613 1196.3004466733455047
83750 3108.731263269646206 -1652.6326904296875 -1498.7298648027369836 1295932.238296380965 1196.3004466733455047
83800 3119.6582412054494853 -1644.662109375 -1490.2183258338827727 1304522.1416324260645 1196.3004466733455047
83850 3229.4575286115841664 -1653.6500244140625 -1493.7704475693269615 1367943.7786359875463 1196.3004466733455047
83900 3157.5924270294035523 -1642.872314453125 -1486.5505370001042138 1332624.9247899460606 1196.3004466733455047
83950 3213.1078559628786024 -1647.10693359375 -1488.0367740339504508 1292073.5691096442752 1196.3004466733455047
84000 3134.8577947132962436 -1646.744384765625 -1491.5481224687000577 1284687.8818721836433 1196.3004466733455047
84050 3150.7683572258924869 -1649.3961181640625 -1493.4121774476695919 1322402.9661260840949 1196.3004466733455047
84100 2883.2444200493418975 -1632.2974853515625 -1489.5577546898573473 1290440.2503393061925 1196.3004466733455047
84150 2913.4805804790198636 -1645.2109375 -1500.9743162639249476 1277124.7402141692583 1196.3004466733455047
84200 2872.5726340001324388 -1647.0771484375 -1504.8657419982405372 1280966.4330269536003 1196.3004466733455047
84250 2796.6183731697801704 -1640.21728515625 -1501.7661186252489642 1309545.4055980830453 1196.3004466733455047
84300 3124.0914365192907098 -1653.529296875 -1498.8660407492247941 1316676.3787962202914 1196.3004466733455047
84350 2943.778433007068088 -1641.8876953125 -1496.1511293338255655 1299944.5351877922658 1196.3004466733455047
84400 3008.7149537737609535 -1650.6474609375 -1501.6961062923180634 1326587.2560027905274 1196.3004466733455047
84450 3022.0953032066031483 -1647.145751953125 -1497.5319812252403153 1322622.9981738943607 1196.3004466733455047
84500 2912.3364717178078536 -1635.661865234375 -1491.4818849737537221 1303489.1480036317371 1196.3004466733455047
84550 3158.6609299049177935 -1644.0401611328125 -1487.6654856973655114 1358311.9118963615038 1196.3004466733455047
84600 3109.192212644108622 -1642.7989501953125 -1488.8733045156805019 1354296.1599171431735 1196.3004466733455047
84650 3134.0835756009273609 -1642.2393798828125 -1487.0814465693076727 1334331.4214881761 1196.3004466733455047
84700 3003.345934893174217 -1641.8548583984375 -1493.1693058141572692 1308698.913023798028 1196.3004466733455047
84750 2931.8734953793668865 -1639.585693359375 -1494.4385007889022745 1343482.7062802275177 1196.3004466733455047
84800 2916.4606434355937381 -1641.725341796875 -1497.3411876701375149 1318323.5091655650176 1196.3004466733455047
84850 2926.2304293478850923 -1650.38037109375 -1505.5125477365977531 1284744.5491392067634 1196.3004466733455047
84900 2712.581183335530568 -1639.946533203125 -1505.655765200633823 1312344.8570793929975 1196.3004466733455047
84950 2805.9707112536675595 -1646.349365234375 -1507.4351959104549223 1288085.3186912580859 1196.3004466733455047
85000 2911.1596538037128994 -1649.6640625 -1505.5423425349426907 1309408.8321120596956 1196.3004466733455047
85050 3057.6469276715506567 -1648.68408203125 -1497.310269988302025 1316911.975417652633 1196.3004466733455047
85100 3028.938377821199083 -1644.37353515625 -1494.4209868274817836 1345629.5178237140644 1196.3004466733455047
85150 2917.2435495358618027 -1644.11767578125 -1499.694762607548455 1332257.4362811059691 1196.3004466733455047
85200 2921.0995092408234086 -1649.92333984375 -1505.309531078297141 1315414.4508961348329 1196.3004466733455047
85250 3085.1411514607621029 -1653.528076171875 -1500.7931176124768626 1319681.7538925393019 1196.3004466733455047
85300 2800.5162683056755668 -1640.4517822265625 -1501.8076440217150775 1325778.6041200985201 1196.3004466733455047
85350 2982.2699885600231937 -1642.6094970703125 -1494.967343679702708 1299667.7070175700355 1196.3004466733455047
85400 2945.3817689060392695 -1642.38623046875 -1496.5702887240850032 1348382.7468012098689 1196.3004466733455047
85450 3215.6886393620798117 -1648.857666015625 -1489.659740552686344 1321906.074128504144 1196.3004466733455047
85500 2897.0743996620590224 -1646.003662109375 -1502.5792556875264836 1308880.811800905969 1196.3004466733455047
85550 2960.9827616351522011 -1652.719970703125 -1506.1316762974356607 1302345.6364142242819 1196.3004466733455047
85600 2663.755855518998942 -1639.7459716796875 -1507.8723813862861789 1298330.2763292910531 1196.3004466733455047
85650 2828.9460446599905481 -1650.736083984375 -1510.6844832032129489 1292954.3726793015376 1196.3004466733455047
85700 2817.5536076894036341 -1651.27783203125 -1511.7902324750461958 1296654.9784724588972 1196.3004466733455047
85750 2757.8020584612104358 -1646.5518798828125 -1510.022378496900501 1290474.3700277784374 1196.3004466733455047
85800 2831.1276424694524394 -1650.090087890625 -1509.9304835418261064 1277442.6196508102585 1196.3004466733455047
85850 2809.5231706303670762 -1647.2041015625 -1508.1140619269647232 1281542.1226051407866 1196.3004466733455047
85900 2995.3517329540609353 -1645.862548828125 -1497.5727622856377366 1300458.72354088258 1196.3004466733455047
85950 2960.7169967531831389 -1647.928466796875 -1501.3533295163354069 1294994.2466763115954 1196.3004466733455047
86000 2909.5254328792861997 -1642.8447265625 -1498.8039113771319535 1309435.3689208638389 1196.3004466733455047
86050 3062.0584506509421772 -1647.691650390625 -1496.0994386873819622 1308564.1572573729791 1196.3004466733455047
86100 2970.7815368363626476 -1648.00390625 -1500.9305074517349112 1292543.9762792880647 1196.3004466733455047
86150 2949.3359492701292766 -1642.6607666015625 -1496.6490666907729974 1321454.2744943499565 1196.3004466733455047
86200 2904.5882812233894583 -1647.03173828125 -1503.2353448634914912 1282109.6310291818809 1196.3004466733455047
86250 2936.9209456641183351 -1651.3863525390625 -1505.9892776869614863 1318690.19118850003 1196.3004466733455047
86300 2930.525074094923184 -1651.7706298828125 -1506.6901931134161714 1296059.3747486148495 1196.3004466733455047
86350 2832.9824473070343629 -1641.826171875 -1501.5747423791183337 1336359.9724255802575 1196.3004466733455047
86400 2878.237480653746843 -1638.129150390625 -1495.6372964527233762 1327705.6376038223971 1196.3004466733455047
86450 2951.1059333982493627 -1642.0926513671875 -1495.9933254972643226 1344569.9826053259894 1196.3004466733455047
86500 3011.5436366435324089 -1642.333984375 -1493.242591157940069 1330800.0895349311177 1196.3004466733455047
86550 3052.7106218577841901 -1639.53955078125 -1488.4101186311133915 1345167.6738360729069 1196.3004466733455047
86600 2978.620635341353136 -1640.551025390625 -1493.0895391997505612 1308855.7447856965009 1196.3004466733455047
86650 2906.9747864420401129 -1645.08837890625 -1501.1738376444295682 1306688.2415490355343 1196.3004466733455047
86700 3251.6450643960724847 -1651.1214599609375 -1490.1434528686995691 1317512.9837975297123 1196.3004466733455047
86750 3104.8222295723330717 -1641.5772705078125 -1487.8679679874089743 1328096.8144059374463 1196.3004466733455047
86800 2938.1851225581690414 -1635.178955078125 -1489.7192950812784602 1301232.1863231561147 1196.3004466733455047
86850 2868.5216667290073929 -1630.76123046875 -1488.7503737897463907 1345194.0091971529182 1196.3004466733455047
86900 3003.5253526208766743 -1642.0633544921875 -1493.3689195398533229 1289129.0325830839574 1196.3004466733455047
86950 3023.7594059977209326 -1648.874755859375 -1499.1786010011178405 1315029.6411024709232 1196.3004466733455047
87000 3065.5556381866044831 -1653.09375 -1501.328404308031395 1301208.9361529857852 1196.3004466733455047
87050 3125.0692934475482616 -1648.6685791015625 -1493.9569125692346461 1322433.868207346648 1196.3004466733455047
87100 3174.6984321867598737 -1649.1434326171875 -1491.9747944013815868 1299240.405563705368 1196.3004466733455047
87150 3102.8936352575683486 -1646.398193359375 -1492.7843690548072573 1294054.3310496357735 1196.3004466733455047
87200 3137.6675603253484041 -1653.80224609375 -1498.4668817547303661 1336425.8402430659626 1196.3004466733455047
87250 3107.678741777408959 -1647.97998046875 -1494.1292616397083748 1297830.2970563767012 1196.3004466733455047
87300 3191.8761807714899987 -1652.3997802734375 -1494.3807295191354569 1292501.6640533111058 1196.3004466733455047
87350 3168.9073641102409056 -1649.773681640625 -1492.8917397214418088 1366167.627541187685 1196.3004466733455047
87400 3082.2287097059152075 -1644.009521484375 -1491.4187481174508321 1343226.721661810996 1196.3004466733455047
87450 3106.8414915811367791 -1638.362548828125 -1484.5532794394018765 1316045.257031980902 1196.3004466733455047
87500 3035.3962628636604677 -1642.24560546875 -1491.9733489788577572 1310503.2548635168932 1196.3004466733455047
87550 3040.6873273453534239 -1647.985107421875 -1497.4509081310952752 1304117.3981875677127 1196.3004466733455047
87600 2966.8254844577977565 -1644.664306640625 -1497.7867586856229991 1292231.3738987615798 1196.3004466733455047
87650 2922.0740120386922172 -1646.23095703125 -1501.5689039109552141 1279759.9562969794497 1196.3004466733455047
87700 3047.7498078313738006 -1650.2105712890625 -1499.3267323508885056 1286229.3765644514933 1196.3004466733455047
87750 2976.5208159961221099 -1650.387451171875 -1503.0299199720141132 1306360.1770786875859 1196.3004466733455047
87800 2804.7457457221153163 -1644.92041015625 -1506.0668847544434357 1286143.1292280361522 1196.3004466733455047
87850 3145.9495867401187752 -1645.1412353515625 -1489.3958557493356238 1327255.4120075809769 1196.3004466733455047
87900 2940.7035538956133678 -1634.4697265625 -1488.8853875033105396 1312378.8821993460879 1196.3004466733455047
87950 3036.6591873953216236 -1642.666748046875 -1492.3319684124855939 1321648.4051141471136 1196.3004466733455047
88000 2988.4707135793482848 -1636.499755859375 -1488.5506254351807911 1339407.6826895561535 1196.3004466733455047
88050 3049.3088423804992999 -1645.2401123046875 -1494.2790908113033765 1354117.5296910742763 1196.3004466733455047
88100 3200.3747105483093947 -1650.3896484375 -1491.9498640669537508 1347168.3760134973563 1196.3004466733455047
88150 3063.0056006881068242 -1638.71435546875 -1487.0752535538201755 1329120.7171501077246 1196.3004466733455047
88200 2959.8790555891264376 -1643.021240234375 -1496.487586601644125 1335858.3956960013602 1196.3004466733455047
88250 3173.5248591456038412 -1653.94189453125 -1496.8313559682662799 1285400.7347670954186 1196.3004466733455047
88300 2999.8131750802162969 -1646.312255859375 -1497.8015983275874987 1323635.2803506811615 1196.3004466733455047
88350 3030.7368771923488566 -1645.86669921875 -1495.8251132371042331 1365748.6737258343492 1196.3004466733455047
88400 2933.6723930093867239 -1644.9210205078125 -1499.6847705680054332 1326567.5954410266131 1196.3004466733455047
88450 3018.7485065902628776 -1652.21728515625 -1502.7692030686603175 1301030.6250389290508 1196.3004466733455047
88500 2924.4604699143119433 -1643.6383056640625 -1498.8581070434997855 1281176.4628033221234 1196.3004466733455047
88550 2879.8758742766549403 -1642.13720703125 -1499.5642417373960598 1283922.7355372048914 1196.3004466733455047
88600 2983.7901188523574092 -1650.9654541015625 -1503.2480441746045017 1308844.3037462998182 1196.3004466733455047
88650 3076.4248726151199662 -1653.5196533203125 -1501.2162084009469254 1312016.9425506961998 1196.3004466733455047
88700 2869.5592962684509075 -1639.295654296875 -1497.2334280704417324 1306247.9834652987774 1196.3004466733455047
88750 3153.9354103453970311 -1650.275390625 -1494.1346597640997516 1295564.6316257177386 1196.3004466733455047
88800 3033.7740857432381745 -1637.0394287109375 -1486.8474807525192318 1313157.3507834358606 1196.3004466733455047
88850 3001.3107932367679496 -1631.91748046875 -1483.3326809007155589 1305206.8697441171389 1196.3004466733455047
88900 3199.4566386077672178 -1646.09814453125 -1487.7038108136589472 1296878.4054450280964 1196.3004466733455047
88950 2985.2338568454647429 -1635.1898193359375 -1487.4009347983467251 1287387.2251022078563 1196.3004466733455047
89000 3010.839815940745666 -1642.553955078125 -1493.4974056560799909 1317747.7951084300876 1196.3004466733455047
89050 2940.7352302131080251 -1652.466064453125 -1506.8801572060303897 1266327.5195085909218 1196.3004466733455047
89100 2897.7467658831428707 -1653.7481689453125 -1510.2904759340108285 1274771.0094744586386 1196.3004466733455047
89150 2892.6953740584913248 -1653.8392333984375 -1510.631617801143193 1254747.0036705501843 1196.3004466733455047
89200 2986.8469893940659858 -1649.627685546875 -1501.758940244131054 1278084.4958782994654 1196.3004466733455047
89250 3043.3368298982809392 -1641.2904052734375 -1490.6250380254209631 1296991.5438255434856 1196.3004466733455047
89300 3238.7779011320922109 -1648.66650390625 -1488.325506776091288 1330571.7548815403134 1196.3004466733455047
89350 2916.4364027987271584 -1642.8983154296875 -1498.5153613753245736 1344674.6388396117836 1196.3004466733455047
89400 3000.8817459459014572 -1642.650390625 -1494.0868317448216658 1312874.9547859660815 1196.3004466733455047
89450 3096.5855160970395445 -1642.241455078125 -1488.9399245297490779 1347316.2679971854668 1196.3004466733455047
89500 2958.96135977936774 -1635.13134765625 -1488.6431260555048084 1322189.6791181601584 1196.3004466733455047
89550 2895.1307101603865704 -1633.1544189453125 -1489.8262380512164782 1307742.1569399354048 1196.3004466733455047
89600 3064.9878511002671075 -1649.906005859375 -1498.1687693957512693 1297787.6111713701393 1196.3004466733455047
89650 2820.4992893314411049 -1643.0947265625 -1503.4612962188418805 1320638.9668616387062 1196.3004466733455047
89700 2934.4300261420162315 -1651.418212890625 -1506.1444550834517031 1273941.3409294846933 1196.3004466733455047
89750 2886.4340526171754391 -1643.987060546875 -1501.0894219081435494 1306673.1227828855626 1196.3004466733455047
89800 2971.5975726558399401 -1656.1241455078125 -1509.010347521649237 1300926.3259370729793 1196.3004466733455047
89850 2803.7342953270431281 -1648.861083984375 -1510.0576320886389112 1316375.1271129804663 1196.3004466733455047
89900 2920.418594286066309 -1656.5184326171875 -1511.9383336602302279 1304935.945648791967 1196.3004466733455047
89950 2880.3556762068214994 -1655.359619140625 -1512.7629004674854514 1301234.0429420785513 1196.3004466733455047
90000 2996.2146136698743248 -1658.7376708984375 -1510.4051660348422956 1285231.2378703344148 1196.3004466733455047
90050 2887.5581978041127513 -1648.7784423828125 -1505.8251510980228431 1276629.0741419196129 1196.3004466733455047
90100 2939.8839443038891659 -1652.030029296875 -1506.4862663510241418 1289037.9922137400135 1196.3004466733455047
90150 3106.8357083946689272 -1651.4093017578125 -1497.600318675194103 1317097.1962837073952 1196.3004466733455047
90200 2942.3702957916439118 -1648.714599609375 -1503.0477457666079317 1328757.2710978162941 1196.3004466733455047
90250 3041.5320265680948069 -1651.67626953125 -1501.1002520239132991 1312199.6559236198664 1196.3004466733455047
90300 3186.4178667331411816 -1652.1669921875 -1494.4181641969300927 1272543.4034590534866 1196.3004466733455047
90350 3030.6138644898683197 -1652.6302490234375 -1502.5947529868196852 1316621.2992551962379 1196.3004466733455047
90400 2969.8804274173044178 -1648.896728515625 -1501.8679406129465406 1298951.8090456528589 1196.3004466733455047
90450 3054.6817736203361164 -1649.665283203125 -1498.438265961095567 1298260.3069569964428 1196.3004466733455047
90500 3052.9031311951489442 -1647.658203125 -1496.5192404852614345 1287784.3420016313903 1196.3004466733455047
90550 3154.360500028910792 -1658.3050537109375 -1502.1432780900058788 1299914.5701281963848 1196.3004466733455047
90600 2925.6813021829798345 -1656.970703125 -1512.1300652062629979 1302154.3795654126443 1196.3004466733455047
90650 2757.4614364542107978 -1655.3310546875 -1518.8184163511436964 1289541.9402867229655 1196.3004466733455047
90700 2882.0661023909228788 -1646.3814697265625 -1503.7000736077170586 1306913.3697267954703 1196.3004466733455047
90750 2986.669403449355741 -1642.388427734375 -1494.5284741142718303 1300375.4339020147454 1196.3004466733455047
90800 2907.2303150486745835 -1636.251708984375 -1492.3245173609570884 1317566.0044010232668 1196.3004466733455047
90850 2922.4158941034584132 -1643.029296875 -1498.3503183239288319 1311114.4322024376597 1196.3004466733455047
90900 3112.4738640124596714 -1641.39111328125 -1487.3030040833718886 1319116.8841533588711 1196.3004466733455047
90950 3078.8102506143304709 -1637.2955322265625 -1484.8739952679768521 1348089.0756561942399 1196.3004466733455047
91000 3054.258666757571973 -1642.9034423828125 -1491.6973717380303697 1323203.3315974378493 1196.3004466733455047
91050 2997.9861232861394456 -1645.349365234375 -1496.9291588898604459 1341027.4517975519411 1196.3004466733455047
91100 3024.5550812262536056 -1643.040283203125 -1493.3047371413244946 1299147.8844651051331 1196.3004466733455047
91150 3003.9869677372798833 -1641.24365234375 -1492.5263643800906266 1318705.9878237950616 1196.3004466733455047
91200 3015.3527114715902826 -1636.513671875 -1487.2337041787020553 1354700.499201213941 1196.3004466733455047
91250 3245.1360204678126138 -1643.326904296875 -1482.6711380700746759 1316626.0952102479059 1196.3004466733455047
91300 3185.2229278626023188 -1642.989990234375 -1485.300319646955586 1310832.7013188567944 1196.3004466733455047
91350 2940.5698360158471587 -1639.685546875 -1494.1078277381486714 1346450.5327434567735 1196.3004466733455047
91400 3093.1064351384593465 -1643.009765625 -1489.880472669637129 1333718.5270368859638 1196.3004466733455047
91450 3154.6755260537784125 -1647.1490478515625 -1490.9716763520336826 1299892.0103285505902 1196.3004466733455047
91500 2945.9427798512388108 -1635.62451171875 -1489.7807962096899246 1323066.7213812002447 1196.3004466733455047
91550 2997.6038835023719002 -1642.468017578125 -1494.0667346392724539 1306694.9049941727426 1196.3004466733455047
91600 3003.2750629470306194 -1647.798583984375 -1499.1165400317022431 1300980.1750081472564 1196.3004466733455047
91650 3060.8887194357639601 -1655.611572265625 -1504.0772700193258515 1320318.0106526052114 1196.3004466733455047
91700 3003.5638391097804742 -1657.3585205078125 -1508.662180218899266 1294346.2046063675079 1196.3004466733455047
91750 3006.1310648641206171 -1653.404052734375 -1504.5806177357055731 1308255.9789502348285 1196.3004466733455047
91800 2946.6360815135094526 -1651.988037109375 -1506.1099985676050892 1284916.6651583956555 1196.3004466733455047
91850 2971.8862373034194206 -1654.6343994140625 -1507.5063106123996022 1272304.2950132808182 1196.3004466733455047
91900 2880.786855779155303 -1650.96533203125 -1508.347267108172673 1288010.6397479902953 1196.3004466733455047
91950 2843.1473768509258662 -1648.946533203125 -1508.1918722450748191 1276213.3100665342063 1196.3004466733455047
92000 2958.4794232452336473 -1662.853759765625 -1516.3893972212263179 1290302.5063656310085 1196.3004466733455047
92050 2893.5765397518307509 -1658.2965087890625 -1515.0452696429422303 1325536.1677942802198 1196.3004466733455047
92100 2907.6605085515952851 -1652.2529296875 -1508.304440631123498 1306816.18015589891 1196.3004466733455047
92150 2962.5464870470909773 -1645.750244140625 -1499.0845349508899744 1301563.7579528875649 1196.3004466733455047
92200 2966.2624913935578661 -1642.32861328125 -1495.4789372186880883 1316251.2231958475895 1196.3004466733455047
92250 2892.7163963268048974 -1639.6165771484375 -1496.4079208093676243 1341270.6895599933341 1196.3004466733455047
92300 2884.5176644442649376 -1647.70263671875 -1504.8998720108384077 1335739.874774006661 1196.3004466733455047
92350 2948.2870059421893529 -1651.04736328125 -1505.0875930254935611 1311770.3914219019935 1196.3004466733455047
92400 3033.0034302480212318 -1653.089111328125 -1502.9353159304314431 1272318.200948412763 1196.3004466733455047
92450 2984.3020487168187174 -1645.7864990234375 -1498.0437451712600705 1309413.1927811859641 1196.3004466733455047
92500 3179.2425460748454498 -1655.490478515625 -1498.096876509732283 1302068.0189106278121 1196.3004466733455047
92550 2753.0959262678316009 -1643.7005615234375 -1507.404044908802689 1309491.685009744484 1196.3004466733455047
92600 2814.5027108361582577 -1648.137451171875 -1508.8008912542397866 1318158.6999860317446 1196.3004466733455047
92650 2905.016358825460884 -1647.033447265625 -1503.215861166040213 1338362.396600245731 1196.3004466733455047
92700 2892.4134196878021612 -1635.34521484375 -1492.1515578587229811 1311808.3746419639792 1196.3004466733455047
92750 3050.8258811217392577 -1643.1065673828125 -1492.0704424053733419 1306250.0192529384512 1196.3004466733455047
92800 3088.50113318484091 -1645.1226806640625 -1492.2213807140460631 1329635.1990632452071 1196.3004466733455047
92850 3102.702858568908141 -1644.96533203125 -1491.3609524386763496 1286193.7823223508894 1196.3004466733455047
92900 3104.2911658468833593 -1645.0458984375 -1491.3628870953980368 1324833.2688984686974 1196.3004466733455047
92950 2952.4400899793054123 -1637.451904296875 -1491.2865288233469983 1263865.0961580018047 1196.3004466733455047
93000 2941.4035694112462807 -1643.166015625 -1497.5470211528092932 1280573.9810302152764 1196.3004466733455047
93050 3029.8086653428854333 -1649.640625 -1499.6449916640849551 1305794.6340686380863 1196.3004466733455047
93100 3081.7844319563591853 -1652.631591796875 -1500.0628131265743832 1261581.0822124218103 1196.3004466733455047
93150 2699.1085427087577955 -1641.0361328125 -1507.4123499192126019 1273584.2230558493175 1196.3004466733455047
93200 2930.3923432090277856 -1646.1591796875 -1501.0853139776959324 1278963.8694797179196 1196.3004466733455047
93250 3042.4638556055992922 -1652.5767822265625 -1501.9546329986851561 1320795.8952975445427 1196.3004466733455047
93300 2946.4903751619654031 -1651.53759765625 -1505.6667725457211873 1304564.4653417004738 1196.3004466733455047
93350 2739.9508045005209169 -1646.55419921875 -1510.9084533565126094 1283929.8709766438697 1196.3004466733455047
93400 2860.9102525557050285 -1642.945068359375 -1501.3110271877549167 1319383.1235425793566 1196.3004466733455047
93450 3001.443079447125001 -1642.09130859375 -1493.4999599805130401 1303137.4277828321792 1196.3004466733455047
93500 2993.8809287658909852 -1640.05712890625 -1491.8401569306497549 1300192.4871812677011 1196.3004466733455047
93550 3117.7594533841934208 -1647.5572509765625 -1493.2074700320704324 1300600.4357000570744 1196.3004466733455047
93600 2888.6607513399785603 -1638.988525390625 -1495.9806503897773382 1298504.0683542189654 1196.3004466733455047
93650 3135.175996503782244 -1641.56591796875 -1486.353902571756862 1311689.5359234316275 1196.3004466733455047
93700 3150.8754698006978288 -1646.7886962890625 -1490.799452789467523 1331036.5924609522335 1196.3004466733455047
93750 2937.3522935585097002 -1638.6412353515625 -1493.2228059164649494 1303000.6932480928954 1196.3004466733455047
93800 3132.6273510187647844 -1648.816162109375 -1493.7303215755164274 1305626.4864130059723 1196.3004466733455047
93850 2983.4853987178971693 -1641.24658203125 -1493.5442577729288587 1302823.7652067048475 1196.3004466733455047
93900 2953.0010853933276849 -1649.7567138671875 -1503.5635653981605628 1269896.7991001640912 1196.3004466733455047
93950 2832.7795315987987124 -1646.615234375 -1506.3738505531302962 1296774.9771573913749 1196.3004466733455047
94000 2902.4485494206692238 -1648.158935546875 -1504.4684730516164564 1278284.6305859880522 1196.3004466733455047
94050 2838.6826722132263967 -1649.9150390625 -1509.3814106097199783 1280320.1890495230909 1196.3004466733455047
94100 2871.4986602278231658 -1653.1273193359375 -1510.9690817247978885 1269605.1959703718312 1196.3004466733455047
94150 2912.969795782667461 -1649.887939453125 -1505.6766054488491591 1297602.7149020954967 1196.3004466733455047
94200 2859.9246095818239155 -1643.374267578125 -1501.7890222739804358 1337789.5056105949916 1196.3004466733455047
94250 2955.6873107390342739 -1647.5006103515625 -1501.1744759033808805 1344917.4189976349007 1196.3004466733455047
94300 2979.443276288893685 -1647.095458984375 -1499.5932466079343612 1301868.7826553639024 1196.3004466733455047
94350 2967.3419823209846982 -1649.679931640625 -1502.7768136141555715 1293007.3289341281634 1196.3004466733455047
94400 2773.9802122070591395 -1654.0916748046875 -1516.7612474576505974 1347777.4313212530687 1196.3004466733455047
94450 2891.2639826855570391 -1657.3050537109375 -1514.1683014846510105 1300269.1173348105513 1196.3004466733455047
94500 2915.4815038868196098 -1649.75048828125 -1505.4148080592915449 1292418.8942884365097 1196.3004466733455047
94550 3045.3812675115214006 -1650.806884765625 -1500.0403042898158219 1296051.8695760397241 1196.3004466733455047
94600 3123.1785305117041389 -1656.868408203125 -1502.2503469823452633 1304122.0571995303035 1196.3004466733455047
94650 2909.0604605652865757 -1647.581298828125 -1503.56350285764006 1300671.8385877241381 1196.3004466733455047
94700 2773.1988380126158518 -1647.642578125 -1510.3508339854238329 1302060.5618155552074 1196.3004466733455047
94750 2950.1451096733435406 -1651.490478515625 -1505.4387197956641558 1271935.8474035088439 1196.3004466733455047
94800 2757.9053960772153005 -1642.6051025390625 -1506.0704852554579247 1297058.7524510796648 1196.3004466733455047
94850 2869.9324472079028965 -1643.171142578125 -1501.0904429041327148 1341787.6349536860362 1196.3004466733455047
94900 2996.6080314850087234 -1638.810791015625 -1490.458809359642828 1323369.874952255981 1196.3004466733455047
94950 2994.6386011464132935 -1642.957763671875 -1494.7032818858772316 1313817.373331328854 1196.3004466733455047
95000 3114.0563054801805265 -1655.603759765625 -1501.4373092147491207 1316817.1584963686764 1196.3004466733455047
95050 3036.8147386948817257 -1646.04248046875 -1495.7000000128662123 1310289.9902776530944 1196.3004466733455047
95100 2966.2932550691057259 -1641.99169921875 -1495.1405001501150309 1289931.1989346256014 1196.3004466733455047
95150 2907.0075317639830246 -1650.12890625 -1506.2127438774605253 1315555.3081996149849 1196.3004466733455047
95200 2964.6167547331974674 -1651.50927734375 -1504.7410761662190453 1328544.1659255786799 1196.3004466733455047
95250 3119.7155332033344166 -1645.81591796875 -1491.3692980935743435 1346911.2668925262988 1196.3004466733455047
95300 3109.8601626758354541 -1645.3360595703125 -1491.377345931904074 1368008.6594762322493 1196.3004466733455047
95350 3069.2712893281500328 -1646.21142578125 -1494.2621307024417092 1350818.1878189011477 1196.3004466733455047
95400 2946.3055710374969749 -1642.925048828125 -1497.0633727480314974 1322424.1547739934176 1196.3004466733455047
95450 2885.622222293735831 -1638.2244873046875 -1495.3670396538948353 1295116.1457041921094 1196.3004466733455047
95500 2948.1698399420979513 -1641.501953125 -1495.547983363707317 1299754.3708307584748 1196.3004466733455047
95550 3008.8626762206376952 -1644.3797607421875 -1495.4210928556676663 1329114.3286072332412 1196.3004466733455047
95600 3014.4882960489208017 -1641.668212890625 -1492.431039493607841 1307540.9567214455456 1196.3004466733455047
95650 3015.1303033238518765 -1638.123046875 -1488.8540898578121414 1300283.0704860030673 1196.3004466733455047
95700 3152.3076688208316227 -1637.059326171875 -1480.9991793173765018 1353974.2381605149712 1196.3004466733455047
95750 2987.2361989584519506 -1635.031982421875 -1487.1439686630801589 1268507.3151024074759 1196.3004466733455047
95800 3133.5076350226572686 -1645.84375 -1490.7143295667935945 1312152.2697450360283 1196.3004466733455047
95850 3306.8077922612046677 -1644.190673828125 -1480.4817456723515079 1325957.4858903062996 1196.3004466733455047
95900 3249.6011677805308864 -1647.13916015625 -1486.2623395088289726 1369487.2943823598325 1196.3004466733455047
95950 2933.1242987319087661 -1637.9385986328125 -1492.72948299663949 1303913.1678262981586 1196.3004466733455047
96000 2773.7807787323322373 -1640.2724609375 -1502.9519068708100349 1300087.9155865602661 1196.3004466733455047
96050 2811.6221676991394816 -1638.8623046875 -1499.6683507690920578 1283104.9399885316379 1196.3004466733455047
96100 3217.4908080726045227 -1654.5697021484375 -1495.2825573759744202 1311407.191497330321 1196.3004466733455047
96150 2959.5437661568766998 -1646.153076171875 -1499.6360215908653117 1338127.5269320507068 1196.3004466733455047
96200 2882.5846480579393756 -1647.248291015625 -1504.5412234454342979 1322550.2510865707882 1196.3004466733455047
96250 3078.8000428764498793 -1647.391357421875 -1494.9703258140482376 1316594.9570429502055 1196.3004466733455047
96300 3095.8793017282964684 -1643.843505859375 -1490.5769376083619591 1357378.9675070056692 1196.3004466733455047
96350 2909.9098534687964275 -1644.671875 -1500.6120284446151345 1326956.5994821803179 1196.3004466733455047
96400 3088.4012208364265462 -1644.78076171875 -1491.8844080929520715 1332228.9814812904224 1196.3004466733455047
96450 2893.9615433652934371 -1642.937744140625 -1499.6674447609332219 1306410.5739796152338 1196.3004466733455047
96500 3024.0327314090441178 -1652.838134765625 -1503.1284484858470023 1283018.5518356859684 1196.3004466733455047
96550 2871.1739782772651779 -1645.111572265625 -1502.9694085654764422 1315642.3810725971125 1196.3004466733455047
96600 2889.2963893129722237 -1636.200439453125 -1493.1610961548162777 1302794.758456016425 1196.3004466733455047
96650 2984.2461850002373467 -1648.6197509765625 -1500.8797627490416744 1315675.4464687239379 1196.3004466733455047
96700 3154.4119111121653987 -1645.952392578125 -1489.7880717674322568 1341120.7243622392416 1196.3004466733455047
96750 3155.731468313939331 -1644.833251953125 -1488.603604304976443 1352793.0584548970219 1196.3004466733455047
96800 3173.566781616947992 -1646.031982421875 -1488.9193684183817368 1333621.8105593605433 1196.3004466733455047
96850 2966.0740762318787347 -1641.5062255859375 -1494.6658773241140352 1303399.1746238693595 1196.3004466733455047
96900 3303.8844686682136853 -1644.084716796875 -1480.5205125567706546 1324092.9485719525255 1196.3004466733455047
96950 3206.9854880460438835 -1640.520751953125 -1481.7536902303954776 1350526.1633419322316 1196.3004466733455047
97000 3302.0008172813209057 -1645.2462158203125 -1481.775264822894087 1312402.1925554571208 1196.3004466733455047
97050 3114.7283279648822827 -1636.201171875 -1482.0014517519025503 1311287.0094877374358 1196.3004466733455047
97100 3135.8084126515650496 -1644.227783203125 -1488.9844590103971314 1330219.1010205554776 1196.3004466733455047
97150 3026.7936502970692345 -1645.0018310546875 -1495.1554609697782325 1310358.367014920339 1196.3004466733455047
97200 3130.8085725877213008 -1641.190185546875 -1486.1943866139210968 1339893.9776947849896 1196.3004466733455047
97250 2903.1329976875213106 -1640.7294921875 -1497.0051449613517889 1298173.2646128891502 1196.3004466733455047
97300 3047.9397284736219262 -1645.9404296875 -1495.0471884173095987 1286960.7603324204683 1196.3004466733455047
97350 2939.023472519194911 -1641.1708984375 -1495.6697345546822362 1313702.3413943997584 1196.3004466733455047
97400 2999.2113986176786966 -1644.576904296875 -1496.0960386930919412 1296648.502848578617 1196.3004466733455047
97450 2830.0677978849234933 -1645.7845458984375 -1505.6774108892086588 1242012.1773210901301 1196.3004466733455047
97500 2974.991953855409065 -1645.400390625 -1498.1185482459227387 1274392.9410117114894 1196.3004466733455047
97550 2988.508688660815551 -1650.560302734375 -1502.6092922916632233 1298220.1387362480164 1196.3004466733455047
97600 3066.3101037556575648 -1650.061279296875 -1498.2585825529556587 1284182.8644043887034 1196.3004466733455047
97650 2855.6630885308322831 -1645.5440673828125 -1504.169795648164154 1320233.3010137197562 1196.3004466733455047
97700 3021.1758183051574633 -1649.2044677734375 -1499.6362176494485539 1346544.5567043006886 1196.3004466733455047
97750 2856.7716581839758874 -1640.938232421875 -1499.5090791334432652 1292588.5905611040071 1196.3004466733455047
97800 3281.0216201202761113 -1649.8035888671875 -1487.3712473374378078 1335311.3504064229783 1196.3004466733455047
97850 2977.6350401334830167 -1646.74853515625 -1499.3358424681164252 1365412.5039072223008 1196.3004466733455047
97900 3059.6439828425595806 -1648.9326171875 -1497.459937662057655 1322107.51977891149 1196.3004466733455047
97950 2866.2470364042674191 -1649.124755859375 -1507.2265084748351001 1320873.7468304641079 1196.3004466733455047
98000 3010.4652552812181057 -1644.566162109375 -1495.5281559253869546 1315733.5507647462655 1196.3004466733455047
98050 3023.7561253216581463 -1641.593994140625 -1491.8980016976017851 1344291.9632214831654 1196.3004466733455047
98100 3029.8979791307992855 -1640.828369140625 -1490.8283141795634492 1343674.1099134499673 1196.3004466733455047
98150 2932.9548304670679499 -1642.179443359375 -1496.9787175268240844 1321344.6300277851988 1196.3004466733455047
98200 3096.7631999649343015 -1651.4560546875 -1498.1457276086357524 1282870.4826458676253 1196.3004466733455047
98250 2850.5583413997487696 -1644.4462890625 -1503.3247361835685751 1294998.5230934163556 1196.3004466733455047
98300 2937.1750926101949517 -1647.18115234375 -1501.7714955314172585 1316225.1594438897446 1196.3004466733455047
98350 3105.098100933761998 -1645.3524169921875 -1491.6294570088391538 1297329.8286961775739 1196.3004466733455047
98400 3106.4006544737221702 -1641.6285400390625 -1487.8410950123463863 1290666.4467433043756 1196.3004466733455047
98450 3048.1906303662849496 -1639.282958984375 -1488.3772964056292949 1312964.3830128700938 1196.3004466733455047
98500 2983.2336079381534546 -1641.7733154296875 -1494.0834564857302666 1330875.4163162482437 1196.3004466733455047
98550 3073.0861054531724221 -1650.15087890625 -1498.0127251159071875 1224259.8879507267848 1196.3004466733455047
98600 2803.1310917187715859 -1637.644287109375 -1498.8706977948270378 1312303.1978555975948 1196.3004466733455047
98650 3134.5070812116678098 -1651.468994140625 -1496.2900944892023745 1269588.4946310073137 1196.3004466733455047
98700 2965.9112028631657267 -1639.337890625 -1492.5056056756798171 1318599.4283302184194 1196.3004466733455047
98750 3088.5567072759490657 -1645.823974609375 -1492.9199233730848846 1311985.5714647790883 1196.3004466733455047
98800 2962.4220649346948449 -1642.052978515625 -1495.3934290460608736 1306531.5248095691204 1196.3004466733455047
98850 3063.1791804998792941 -1647.33251953125 -1495.684824263842529 1331782.2554069561884 1196.3004466733455047
98900 3095.3526581760529552 -1647.1715087890625 -1493.9310128884471851 1346101.7866248511709 1196.3004466733455047
98950 3079.6920001413977843 -1644.697021484375 -1492.2318320733197652 1332993.4034327005502 1196.3004466733455047
99000 3029.4435016857178198 -1648.51953125 -1498.5419759381709355 1309500.3027852568775 1196.3004466733455047
99050 3091.3763720962519983 -1652.096435546875 -1499.052792191995195 1301268.6427579647861 1196.3004466733455047
99100 2973.7074126021107077 -1649.47705078125 -1502.2588017178295559 1302522.2107755707111 1196.3004466733455047
99150 2995.0776626201995896 -1647.9561767578125 -1499.6799585154544729 1312018.0552420907188 1196.3004466733455047
99200 3151.5071860920893414 -1652.0208740234375 -1496.000356375642923 1301811.3671668625902 1196.3004466733455047
99250 3212.099297122706048 -1653.127197265625 -1494.1069680607415648 1293950.5740997770336 1196.3004466733455047
99300 2906.9263462029639413 -1641.622314453125 -1497.7101713045656197 1318244.0589771983214 1196.3004466733455047
99350 2958.097460712852353 -1635.00634765625 -1488.5608947917298792 1312680.0497463180218 1196.3004466733455047
99400 3144.6289806092622712 -1640.201171875 -1484.5211710391786255 1297267.6854020801838 1196.3004466733455047
99450 3148.3417175499730547 -1638.391357421875 -1482.527551471492643 1346486.9762636944652 1196.3004466733455047
99500 3039.4009516911864921 -1648.411865234375 -1497.9413500742673477 1347397.1740821341518 1196.3004466733455047
99550 3015.6854163402249469 -1646.3699951171875 -1497.0735563222172004 1350583.4549908593763 1196.3004466733455047
99600 3019.1269130034088448 -1650.0487060546875 -1500.5818903387180399 1277594.8168522557244 1196.3004466733455047
99650 3160.247346475473023 -1647.298095703125 -1490.8448821207127821 1317963.4572175622452 1196.3004466733455047
99700 3030.3845821737036204 -1654.471923828125 -1504.4477787875682679 1285784.3558504635002 1196.3004466733455047
99750 2914.0375598186201387 -1645.95751953125 -1501.6933241220087893 1305072.2239740863442 1196.3004466733455047
99800 3002.1645042885452312 -1643.764404296875 -1495.1373403669481377 1334422.6594500644132 1196.3004466733455047
99850 2971.7459333501033143 -1638.35009765625 -1491.2289548312680836 1312654.4371993702371 1196.3004466733455047
99900 2944.6303227936168696 -1642.111572265625 -1496.332832089771955 1284106.2710469334852 1196.3004466733455047
99950 3056.885276582647748 -1643.291748046875 -1491.955642786790122 1309781.6064626621082 1196.3004466733455047
100000 2944.501363497798593 -1641.54443359375 -1495.7720777587539942 1302342.1848170792218 1196.3004466733455047
