step temp pe etotal press vol
# Fix print output for fix thermofile
0 300 -1889.5172119140625 -1874.6652212535625495 743423.80310014204588 1196.3004466733455047
50 184.55544435301263206 -1880.947509765625 -1871.8107906460404593 834149.01734488131478 1196.3004466733455047
100 229.9159700928234713 -1880.377197265625 -1868.9948311305636253 805897.55650879535824 1196.3004466733455047
150 239.77046608362562097 -1877.6209716796875 -1865.7507426032284457 823479.56764390738681 1196.3004466733455047
200 260.58677602681507324 -1877.410400390625 -1864.5096258446246793 808490.09338165877853 1196.3004466733455047
250 263.03577820668289178 -1877.5904541015625 -1864.568437697219224 812094.57073538831901 1196.3004466733455047
300 247.16191341187476382 -1875.9715576171875 -1863.7354028517725055 816738.32847622316331 1196.3004466733455047
350 281.64491426844580246 -1876.59521484375 -1862.6519227227756801 826746.31803278892767 1196.3004466733455047
400 306.02729402637669409 -1877.29248046875 -1862.1420987596238774 813692.24360239959788 1196.3004466733455047
450 281.89790762760401321 -1876.0169677734375 -1862.061150802438533 819135.92712900659535 1196.3004466733455047
500 304.57284658671881061 -1876.2705078125 -1861.1921309026738527 816012.20434325945098 1196.3004466733455047
550 306.20814854350078349 -1875.5950927734375 -1860.4357575656472363 826566.19205305399373 1196.3004466733455047
600 345.46464299524808439 -1876.10986328125 -1859.0070711102553105 826228.21771074284334 1196.3004466733455047
650 354.40061796250228099 -1876.838134765625 -1859.2929525387767171 822531.04635215841699 1196.3004466733455047
700 319.67860891182533578 -1874.8057861328125 -1858.9795737530789665 824612.78776650549844 1196.3004466733455047
750 299.92048140123148414 -1874.114501953125 -1859.2664479909124111 819738.47659054468386 1196.3004466733455047
800 293.49207712859112007 -1872.958740234375 -1858.4289349395596673 827322.41117863496765 1196.3004466733455047
850 319.39490705624461953 -1874.4139404296875 -1858.6017731743188506 817812.28815235628281 1196.3004466733455047
900 305.20292847198078334 -1874.388671875 -1859.2791017309230028 821407.51342383446172 1196.3004466733455047
950 330.59426902516082691 -1875.127197265625 -1858.7605872790365993 817197.68981543928385 1196.3004466733455047
1000 339.74895631721727796 -1875.1519775390625 -1858.3321497852693938 832353.48241404455621 1196.3004466733455047
1050 320.36483867043142482 -1874.0528564453125 -1858.1926711390262881 836225.35674984380603 1196.3004466733455047
1100 352.20043778963281511 -1875.2149658203125 -1857.7787071113937145 821982.32776196009945 1196.3004466733455047
1150 328.80432013944511027 -1874.9891357421875 -1858.7111401027104876 830799.77414841286372 1196.3004466733455047
1200 323.99909417454324512 -1874.880615234375 -1858.8405101654057034 832449.47713342448696 1196.3004466733455047
1250 332.77319490677513159 -1874.626953125 -1858.1524718489326915 826730.54181888198946 1196.3004466733455047
1300 314.23252273849584526 -1873.5277099609375 -1857.9711149844790725 822560.85453446500469 1196.3004466733455047
1350 324.29792724190798481 -1874.0380859375 -1857.983186648778883 822361.33193598571233 1196.3004466733455047
1400 313.20488783783133613 -1873.1275634765625 -1857.6218432465943806 835103.94982158765197 1196.3004466733455047
1450 341.90492974643927937 -1874.37109375 -1857.4445310054231868 823597.30310766631737 1196.3004466733455047
1500 327.28731500355905837 -1872.6357421875 -1856.4328483683900686 845224.81292732781731 1196.3004466733455047
1550 343.27495532913025045 -1872.56005859375 -1855.5656704919772437 827781.73689785448369 1196.3004466733455047
1600 336.2906449822058903 -1871.243896484375 -1854.59527808941084 823832.9221609357046 1196.3004466733455047
1650 346.71067399943461851 -1872.607177734375 -1855.4426987605907016 822281.65185527410358 1196.3004466733455047
1700 344.92161592914260382 -1872.620849609375 -1855.5449408814276921 826878.26693769544363 1196.3004466733455047
1750 356.20773684771819489 -1873.03759765625 -1855.4029510533828216 830560.39650986273773 1196.3004466733455047
1800 353.42558154723889174 -1873.0062255859375 -1855.5093141315328467 835554.47195419739 1196.3004466733455047
1850 354.92187146558410404 -1874.00439453125 -1856.4334067972031335 827159.29225776903331 1196.3004466733455047
1900 362.86392186630871493 -1874.5230712890625 -1856.5588993604264942 832235.38759636471514 1196.3004466733455047
1950 341.42718466303142577 -1873.2689208984375 -1856.3660097055835649 833534.81689000548795 1196.3004466733455047
2000 336.58798250643957317 -1873.115478515625 -1856.4521399402176485 828848.3776356971357 1196.3004466733455047
2050 340.5035419399915213 -1873.577392578125 -1856.7202078289251403 833665.75912857870571 1196.3004466733455047
2100 349.46561757144684179 -1873.7750244140625 -1856.4741574529391528 814925.06583556218538 1196.3004466733455047
2150 328.41007687332000842 -1872.45263671875 -1856.1941587369612989 830446.84759867261164 1196.3004466733455047
2200 358.99227196928302419 -1872.7520751953125 -1854.9795756270475522 829582.8646864304319 1196.3004466733455047
2250 371.84072881232560803 -1872.4002685546875 -1853.9916851163068259 830875.3891022860771 1196.3004466733455047
2300 369.75915988028913262 -1873.5013427734375 -1855.1958108095161606 825627.85348987265024 1196.3004466733455047
2350 370.57417570226340331 -1873.155517578125 -1854.8096369229499487 829620.86292297020555 1196.3004466733455047
2400 335.52052304378184999 -1872.5614013671875 -1855.950909118346317 830600.51893624395598 1196.3004466733455047
2450 365.27418873938034949 -1873.2174072265625 -1855.1339110942992647 825665.32798350509256 1196.3004466733455047
2500 349.49815633450657515 -1872.6182861328125 -1855.315808287005666 827995.53509197384119 1196.3004466733455047
2550 353.80411928170093461 -1872.896728515625 -1855.3810769315641664 838423.84130440512672 1196.3004466733455047
2600 355.23609549560939058 -1872.4813232421875 -1854.8947793336099039 831625.93649190210272 1196.3004466733455047
2650 369.03172380121816332 -1872.8150634765625 -1854.5455444254828308 825544.3920293651754 1196.3004466733455047
2700 371.68272352175819151 -1874.034912109375 -1855.6341509813271387 826092.24781056761276 1196.3004466733455047
2750 371.19998662322456084 -1873.046142578125 -1854.6692801297722326 847987.57663322251756 1196.3004466733455047
2800 372.82299570371031905 -1872.6331787109375 -1854.1759665435670286 830629.98230813990813 1196.3004466733455047
2850 356.50013126690225818 -1872.2236328125 -1854.5745107456898495 836563.36045255407225 1196.3004466733455047
2900 360.95347082868818234 -1872.101318359375 -1854.2317264339658323 831188.39163269253913 1196.3004466733455047
2950 345.80681103793097009 -1872.242919921875 -1855.1231881622995843 833235.84968545241281 1196.3004466733455047
3000 369.83826798089580734 -1872.6533203125 -1854.343871972674151 832548.65419288841076 1196.3004466733455047
3050 362.18388660947164226 -1871.90234375 -1853.9718380789752246 837863.57365353347268 1196.3004466733455047
3100 380.34543440730544717 -1871.970458984375 -1853.1408361857713771 827841.38118005439173 1196.3004466733455047
3150 376.86887481454920135 -1872.1766357421875 -1853.5191257122580737 839253.70681672252249 1196.3004466733455047
3200 383.24501366167606875 -1871.7410888671875 -1852.7679176552328499 838737.84319825738203 1196.3004466733455047
3250 377.61517531453478114 -1871.6627197265625 -1852.9682628697808013 839246.64078484580386 1196.3004466733455047
3300 376.90195180662459506 -1871.2186279296875 -1852.5594803691667494 833605.77937198989093 1196.3004466733455047
3350 395.08651222844321182 -1872.01708984375 -1852.4576858780621933 834079.7957237084629 1196.3004466733455047
3400 388.08411596328716087 -1871.4874267578125 -1852.2746878718953667 838141.64176304906141 1196.3004466733455047
3450 391.48333959160578388 -1872.2928466796875 -1852.9118236685012562 830712.9631911739707 1196.3004466733455047
3500 387.21716537877222208 -1871.51611328125 -1852.3462942019473303 842586.89275893650483 1196.3004466733455047
3550 389.84475671192427626 -1871.462158203125 -1852.1622559173570153 836540.0845975879347 1196.3004466733455047
3600 398.47968921345608351 -1871.7926025390625 -1852.0652137970719195 841906.01353658072185 1196.3004466733455047
3650 381.76458175881879242 -1870.88818359375 -1851.9883035844443384 832676.58908354118466 1196.3004466733455047
3700 377.18067540552311812 -1870.7349853515625 -1852.0620391234160707 831257.60918931325432 1196.3004466733455047
3750 386.71803278999942677 -1870.8734130859375 -1851.7283043817908492 834373.61718958476558 1196.3004466733455047
3800 387.60005294845467461 -1870.713134765625 -1851.5243602109592302 834613.25589753699023 1196.3004466733455047
3850 395.32105500635759654 -1871.8438720703125 -1852.2728566808011692 829036.05267537489999 1196.3004466733455047
3900 376.74030811447318001 -1871.490966796875 -1852.8398216717082505 835517.03175966988783 1196.3004466733455047
3950 377.85522132415883334 -1872.32763671875 -1853.621295991658144 838201.65047115436755 1196.3004466733455047
4000 389.93999476124906778 -1872.1597900390625 -1852.8551728378974985 835899.80587545537855 1196.3004466733455047
4050 381.35086424951776962 -1870.652099609375 -1851.77270136201696 835175.79316469363403 1196.3004466733455047
4100 396.04525296927454292 -1870.5623779296875 -1850.9555099355707171 842558.31594708457123 1196.3004466733455047
4150 412.44457993265501727 -1871.2928466796875 -1850.8741031825754817 832518.01105277787428 1196.3004466733455047
4200 407.58594201598077689 -1870.8541259765625 -1850.6759172959878015 842878.1130992511753 1196.3004466733455047
4250 384.30472461285739882 -1867.724853515625 -1848.6992195798377452 843014.55377182771917 1196.3004466733455047
4300 438.7433825791089248 -1869.427490234375 -1847.7067814996380548 837245.98882741690613 1196.3004466733455047
4350 442.37413787776466734 -1869.449462890625 -1847.549007676600695 847321.45596008305438 1196.3004466733455047
4400 457.46639553188401806 -1869.586669921875 -1846.939047808767782 839235.53244282410014 1196.3004466733455047
4450 440.06367656431575597 -1869.438720703125 -1847.6526486552631923 857360.73713038687129 1196.3004466733455047
4500 412.47270118467298516 -1868.8629150390625 -1848.4427793533759541 855051.49953547294717 1196.3004466733455047
4550 404.43910418301987875 -1869.19580078125 -1849.1733814543592871 843233.91536090546288 1196.3004466733455047
4600 433.9995806897288162 -1870.533935546875 -1849.0480764833257581 839791.77526609320194 1196.3004466733455047
4650 422.96716329056368977 -1869.125732421875 -1848.1860512255761932 841751.55753905139863 1196.3004466733455047
4700 454.21739764762008917 -1868.8076171875 -1846.3208420285031934 858726.89674910728354 1196.3004466733455047
4750 437.27766285320916495 -1869.86328125 -1848.2151353675294558 838491.56730824941769 1196.3004466733455047
4800 441.93668739061314454 -1870.6033935546875 -1848.7245950424951388 845504.0752191048814 1196.3004466733455047
4850 441.94872333271609932 -1870.2542724609375 -1848.374878089746062 831834.46606120199431 1196.3004466733455047
4900 429.25385554115740661 -1869.0721435546875 -1847.8212293764179321 843654.08267522894312 1196.3004466733455047
4950 432.63533153999372871 -1868.462890625 -1847.0445709468856421 842622.25658913794905 1196.3004466733455047
5000 417.11291963197055566 -1869.05859375 -1848.4087364608403732 853618.75096289615612 1196.3004466733455047
5050 443.21444135173356926 -1870.2340087890625 -1848.2919529772136684 847651.1569967137184 1196.3004466733455047
5100 437.67014212074445823 -1869.169677734375 -1847.5021015238517066 839267.29926412692294 1196.3004466733455047
5150 439.15511216875717082 -1869.5794677734375 -1847.8383756919668031 848930.59230626735371 1196.3004466733455047
5200 448.32718708890985226 -1869.355712890625 -1847.1605422389825435 840496.52791251707822 1196.3004466733455047
5250 448.88031434923505003 -1870.05126953125 -1847.8287154099261897 841101.48824000020977 1196.3004466733455047
5300 436.69535752131162099 -1869.26953125 -1847.6502133453659553 848762.16656969708856 1196.3004466733455047
5350 402.58629959804000009 -1868.608154296875 -1848.6774610912905246 848466.01594095525797 1196.3004466733455047
5400 444.56031934670187411 -1870.0947265625 -1848.086040859279592 838335.63366310589481 1196.3004466733455047
5450 425.70484749483159703 -1869.2958984375 -1848.2206837070905294 859533.48106883652508 1196.3004466733455047
5500 450.06079365713014795 -1869.476318359375 -1847.1953226791986253 837543.76419180200901 1196.3004466733455047
5550 445.66409526581145428 -1868.2816162109375 -1846.218286275577384 844280.43071087659337 1196.3004466733455047
5600 451.90256420825949135 -1867.8646240234375 -1845.4924484798473259 851890.6763077910291 1196.3004466733455047
5650 478.41385501798498581 -1868.5262451171875 -1844.8415847619178294 838050.03309011121746 1196.3004466733455047
5700 482.3850125082269642 -1868.205078125 -1844.3238191232087502 851225.68801968649495 1196.3004466733455047
5750 455.68912925713397044 -1868.150390625 -1845.5907549856055994 837530.56200661079492 1196.3004466733455047
5800 461.49273870324941527 -1868.8580322265625 -1846.0110794095317033 841637.81162316107657 1196.3004466733455047
5850 432.5508146279383368 -1867.524658203125 -1846.1105226729723654 849463.18252470332664 1196.3004466733455047
5900 451.18784292463311658 -1867.689697265625 -1845.3529051681323381 846842.27587757597212 1196.3004466733455047
5950 465.55028919714857238 -1867.9742431640625 -1844.9264146735654322 850663.68224958190694 1196.3004466733455047
6000 485.36827265899034956 -1867.736328125 -1843.70737795021887 851464.310438791872 1196.3004466733455047
6050 464.7703903991862262 -1869.3837890625 -1846.374570737547856 846823.58570257085375 1196.3004466733455047
6100 460.49369982943994728 -1868.46728515625 -1845.669791392630259 838577.28379005391616 1196.3004466733455047
6150 460.61669488607526546 -1867.154052734375 -1844.3504698993137936 857923.99472468753811 1196.3004466733455047
6200 465.33750094122018481 -1866.78125 -1843.7439559401352653 852395.61877646681387 1196.3004466733455047
6250 447.56311671292024812 -1866.1817626953125 -1844.0244185972971991 851851.69592044327874 1196.3004466733455047
6300 455.13311346791476808 -1867.9583740234375 -1845.4262648550716222 847270.47662701597437 1196.3004466733455047
6350 472.25681716961412349 -1866.9708251953125 -1843.5909790687771874 850554.3525612030644 1196.3004466733455047
6400 476.95717021636119171 -1868.0888671875 -1844.4763223957936589 844204.37362063908949 1196.3004466733455047
6450 452.78338021535029156 -1866.6019287109375 -1844.1861469303107697 837517.29776688711718 1196.3004466733455047
6500 448.59776379626430298 -1866.9761962890625 -1844.7676302949848832 850259.35578169603832 1196.3004466733455047
6550 472.13814510856434481 -1868.2232666015625 -1844.8492955295018874 851237.68213448219467 1196.3004466733455047
6600 473.4257449856810922 -1867.752197265625 -1844.3144814557331301 841688.71353276469745 1196.3004466733455047
6650 487.36962381551893486 -1867.71484375 -1843.5868134129350437 851432.44864915835205 1196.3004466733455047
6700 482.51695418892978751 -1866.0760498046875 -1842.1882588141977521 838233.03327421098948 1196.3004466733455047
6750 483.36740087674684219 -1866.0733642578125 -1842.1434705131071041 863207.71970405674074 1196.3004466733455047
6800 489.63137391161427558 -1865.671630859375 -1841.4316288846314364 849857.75537748122588 1196.3004466733455047
6850 476.57644311292995098 -1865.1473388671875 -1841.5536425934290037 864681.77566603780724 1196.3004466733455047
6900 507.93387485759137689 -1867.155517578125 -1842.0094203596700027 844943.36902523203753 1196.3004466733455047
6950 502.42635400329584172 -1867.6455078125 -1842.7720694216800439 846895.7037521507591 1196.3004466733455047
7000 456.264449243017566 -1865.59423828125 -1843.0061204849985188 848475.75667230680119 1196.3004466733455047
7050 509.7457314927997345 -1865.4447021484375 -1840.2089060039015749 850602.9288421892561 1196.3004466733455047
7100 491.77054720252647257 -1866.8009033203125 -1842.4549980731094365 845030.0249543559039 1196.3004466733455047
7150 527.18488847402534248 -1866.82666015625 -1840.7275100230067437 849173.8005545794731 1196.3004466733455047
7200 485.85047761237234454 -1865.391845703125 -1841.339023183463496 850541.65762534097303 1196.3004466733455047
7250 482.18652572855694416 -1865.339599609375 -1841.4681670202435271 862499.26320339378435 1196.3004466733455047
7300 513.79057861531543949 -1866.7030029296875 -1841.2669600128622278 850233.66027059266344 1196.3004466733455047
7350 499.7761984177536192 -1866.4111328125 -1841.6688947083644052 845776.33877913979813 1196.3004466733455047
7400 497.52510716725066686 -1865.7725830078125 -1841.141788857771644 859209.56728965858929 1196.3004466733455047
7450 494.6020639901869913 -1865.854248046875 -1841.3681639300541519 852060.44426042924169 1196.3004466733455047
7500 506.73735086074617584 -1865.80810546875 -1840.7212441277156358 857924.4707432462601 1196.3004466733455047
7550 516.62380305195040364 -1864.389892578125 -1838.8135862517265195 873101.87326789693907 1196.3004466733455047
7600 524.93418172277040412 -1864.913330078125 -1838.9256048637123513 862075.390101948753 1196.3004466733455047
7650 519.83161351843398279 -1865.474853515625 -1839.7397392855968974 846357.87331181298941 1196.3004466733455047
7700 520.45647163817318415 -1865.1058349609375 -1839.3397861077144171 856659.43409181886818 1196.3004466733455047
7750 527.76974537850071556 -1864.601806640625 -1838.4737022097717727 856559.51255780749489 1196.3004466733455047
7800 505.1915656892347215 -1865.615966796875 -1840.6056320789421079 848692.95317461609375 1196.3004466733455047
7850 499.09383489711507309 -1865.7269287109375 -1841.0184721289206209 859368.93444858316798 1196.3004466733455047
7900 505.76467612654545292 -1865.689697265625 -1840.6509897781506879 866043.75244241184555 1196.3004466733455047
7950 461.02671211523096417 -1864.2996826171875 -1841.4758012085994778 862417.29802100686356 1196.3004466733455047
8000 495.20443928732350969 -1866.031005859375 -1841.515100168263416 845185.16142597526778 1196.3004466733455047
8050 492.92988620990712434 -1864.9111328125 -1840.5078325915972073 852919.81678048416506 1196.3004466733455047
8100 517.11296694588338596 -1865.613525390625 -1840.0130022056125654 852390.0845619875472 1196.3004466733455047
8150 501.60753045220076274 -1864.1048583984375 -1839.2719572067289846 866728.73466914810706 1196.3004466733455047
8200 565.11625253065733432 -1865.2081298828125 -1837.2311255338722731 860988.63700338592753 1196.3004466733455047
8250 538.23940437103635759 -1863.257080078125 -1836.6106580553525873 863860.93279833102133 1196.3004466733455047
8300 545.85709023003630591 -1864.0462646484375 -1837.0227166282234066 857933.93518669554032 1196.3004466733455047
8350 540.22563756021145309 -1863.711181640625 -1836.96642789526868 857894.87485504511278 1196.3004466733455047
8400 575.12840985714524322 -1865.0845947265625 -1836.6119221539406681 851323.43729161156807 1196.3004466733455047
8450 533.97221617831576168 -1863.49755859375 -1837.062390701593813 860579.59823230362963 1196.3004466733455047
8500 526.49574536379043366 -1864.57568359375 -1838.5106506172967329 856826.27443869656418 1196.3004466733455047
8550 494.14759084948764212 -1863.2027587890625 -1838.7391741083786201 863834.11528852058109 1196.3004466733455047
8600 511.44814661285568036 -1864.17626953125 -1838.856192541836208 847737.01425554894377 1196.3004466733455047
8650 512.67258243343064805 -1865.0213623046875 -1839.6406676173683081 855470.8025022065267 1196.3004466733455047
8700 528.26465888724135311 -1865.356689453125 -1839.2040835195732598 863989.53169879969209 1196.3004466733455047
8750 561.72238544954370809 -1865.8016357421875 -1837.9926503338861039 854353.84625709452666 1196.3004466733455047
8800 502.48140175361635329 -1864.9815673828125 -1840.1054037630804032 868431.29321156139486 1196.3004466733455047
8850 524.818690409823148 -1865.22802734375 -1839.2460197156749473 846378.61429378320463 1196.3004466733455047
8900 567.87292634879520392 -1865.583251953125 -1837.4697739581813494 859846.3060685856035 1196.3004466733455047
8950 557.33032811205328017 -1865.263427734375 -1837.6718783079295463 851452.46458922803868 1196.3004466733455047
9000 500.78937110820237422 -1863.255615234375 -1838.4632183591193098 865816.77670607645996 1196.3004466733455047
9050 523.39217901823963075 -1864.11328125 -1838.2018954014745304 859257.07160994689912 1196.3004466733455047
9100 552.23493207121384785 -1864.6365966796875 -1837.2973031679423457 863193.28421934717335 1196.3004466733455047
9150 532.62795074118287175 -1863.787841796875 -1837.4192239637773127 868531.58468219055794 1196.3004466733455047
9200 562.81359796436163379 -1865.0028076171875 -1837.1397999486239314 870982.81418365822174 1196.3004466733455047
9250 543.52547707703274682 -1864.1513671875 -1837.2432494898603181 870398.2205672840355 1196.3004466733455047
9300 551.21962010261859177 -1865.8226318359375 -1838.5336030037760793 862827.91862005682196 1196.3004466733455047
9350 519.64567005134813371 -1864.5887451171875 -1838.8628363226146121 865512.97419634938706 1196.3004466733455047
9400 495.44940565821843848 -1862.1737060546875 -1837.6456729027336223 858694.60671254713088 1196.3004466733455047
9450 515.68804271838223485 -1862.118896484375 -1836.5889165037585826 865496.10258343617897 1196.3004466733455047
9500 546.54608540982496834 -1864.0731201171875 -1837.0154622637223838 854082.25536587683018 1196.3004466733455047
9550 543.79688340846712435 -1863.76904296875 -1836.8474888567782273 856405.93829414190259 1196.3004466733455047
9600 555.60178724001696082 -1864.4390869140625 -1836.9331117305764565 863665.91702131228521 1196.3004466733455047
9650 532.72104403599792022 -1864.01708984375 -1837.643863274835212 864551.60411623725668 1196.3004466733455047
9700 582.2639227120993155 -1864.7161865234375 -1835.890258716550079 865121.35538701608311 1196.3004466733455047
9750 563.83711443521963247 -1864.6612548828125 -1836.7475763573620497 871280.83205232338514 1196.3004466733455047
9800 533.22270949977303189 -1864.1624755859375 -1837.764413247747143 856255.29212746291887 1196.3004466733455047
9850 540.55961519479080835 -1864.31640625 -1837.5551183956115437 861342.45856452721637 1196.3004466733455047
9900 547.59727513625841766 -1864.0289306640625 -1836.9192319439325729 859701.48923936672509 1196.3004466733455047
9950 576.23825943033853036 -1864.24267578125 -1835.7150582903093436 863710.68966632895172 1196.3004466733455047
10000 562.92514609337160891 -1863.6500244140625 -1835.78149437293132 862550.34951295820065 1196.3004466733455047
10050 571.41927058233864045 -1862.3927001953125 -1834.1036546289171838 875568.221757155261 1196.3004466733455047
10100 595.17262402567257595 -1863.0245361328125 -1833.5595419547639722 874541.57110661419574 1196.3004466733455047
10150 552.17593837526715106 -1861.1312255859375 -1833.7948526535965357 867318.80308386893012 1196.3004466733455047
10200 587.26671546577495064 -1862.2510986328125 -1833.1774993884118885 872977.85002894781064 1196.3004466733455047
10250 595.09989647267730106 -1861.506591796875 -1832.0451981152859844 875882.31901425682008 1196.3004466733455047
10300 626.62557057136950789 -1860.903076171875 -1829.8809524326868541 873061.53436199820135 1196.3004466733455047
10350 580.62231255044105183 -1860.3671875 -1831.6225302890763942 870296.08896635915153 1196.3004466733455047
10400 603.78235989064557998 -1860.86572265625 -1830.9744894226816996 880421.12147717329208 1196.3004466733455047
10450 608.33525079224693854 -1862.936767578125 -1832.8201360340603969 872385.29783901455812 1196.3004466733455047
10500 558.97925382157632157 -1860.345703125 -1832.6725209344290306 864338.03563452023081 1196.3004466733455047
10550 610.02437959245855836 -1863.52783203125 -1833.327577403301575 878445.12295352877118 1196.3004466733455047
10600 558.9648924581921392 -1860.714599609375 -1833.0421284015867514 875288.11850510712247 1196.3004466733455047
10650 588.75037664210003641 -1861.6864013671875 -1832.5393510496730869 885872.95508760644589 1196.3004466733455047
10700 584.40799447604638317 -1862.9874267578125 -1834.0553531715465851 862703.45931437809486 1196.3004466733455047
10750 608.4151170870925398 -1863.461181640625 -1833.340596185009872 866090.91748827288393 1196.3004466733455047
10800 609.97823462352744173 -1862.4921875 -1832.2942173542103319 872528.84667270176578 1196.3004466733455047
10850 606.76182057680989601 -1861.724853515625 -1831.6861172077758511 882335.25133937248029 1196.3004466733455047
10900 566.86700308247043267 -1860.0604248046875 -1831.9967466862658512 867596.3839606679976 1196.3004466733455047
10950 611.91831446015828533 -1862.4261474609375 -1832.1321304897669506 868977.6961006737547 1196.3004466733455047
11000 574.68188681682602237 -1860.982421875 -1832.5318551557932096 872169.561589760473 1196.3004466733455047
11050 563.7811872229377741 -1860.279541015625 -1832.3686312582894971 878960.28720387571957 1196.3004466733455047
11100 562.56388185236278332 -1860.455078125 -1832.6044330609802273 866391.55686903162859 1196.3004466733455047
11150 610.60396895646783832 -1861.80126953125 -1831.572321383897588 872976.60952159017324 1196.3004466733455047
11200 590.59488561575665244 -1860.684814453125 -1831.4464487021107288 868937.13583046582062 1196.3004466733455047
11250 603.47506373151702519 -1861.1851806640625 -1831.3091606294453868 876762.86673931789119 1196.3004466733455047
11300 610.0796344936644573 -1861.9560546875 -1831.7530645752960936 857867.99476542696357 1196.3004466733455047
11350 613.99810907091853096 -1861.6688232421875 -1831.2718426372343856 872491.49491862929426 1196.3004466733455047
11400 669.23720403776530929 -1861.5556640625 -1828.4239817157399557 880632.34618093888275 1196.3004466733455047
11450 626.58680730038906859 -1859.3463134765625 -1828.326108776502906 873839.37593744497281 1196.3004466733455047
11500 646.87306977231901328 -1861.28515625 -1829.2606469473751076 867314.30320640152786 1196.3004466733455047
11550 591.39068894597187409 -1859.2890625 -1830.011299203559247 882303.95569043280557 1196.3004466733455047
11600 625.09562416566154752 -1860.64306640625 -1829.6966851661572946 867779.39044540410396 1196.3004466733455047
11650 605.33040131474206191 -1859.537353515625 -1829.5694819594807541 870645.11182996199932 1196.3004466733455047
11700 640.90282256823547868 -1860.38232421875 -1828.6533817685115082 870513.19976481818594 1196.3004466733455047
11750 636.42965897606086401 -1860.863037109375 -1829.355545938782825 871738.97531489352696 1196.3004466733455047
11800 628.58992685237376463 -1860.4940185546875 -1829.3746461450348306 873339.75032942276448 1196.3004466733455047
11850 611.12051242874940726 -1859.351318359375 -1829.0967978826024591 872597.23937386402395 1196.3004466733455047
11900 630.24286235546753687 -1860.1142578125 -1828.9130541273327708 866185.92178541480098 1196.3004466733455047
11950 606.92838261746726403 -1859.945556640625 -1829.89857440653509 874303.57889755326323 1196.3004466733455047
12000 635.24162596159453642 -1859.459716796875 -1828.0110411437335642 874984.59797284926753 1196.3004466733455047
12050 632.72391205995302244 -1858.953369140625 -1827.6293370319936002 880342.10205413750373 1196.3004466733455047
12100 628.99086970163830301 -1859.0770263671875 -1827.9378046260258088 866804.85127306147479 1196.3004466733455047
12150 618.82945034331714851 -1858.855224609375 -1828.2190605529040113 885823.69895586743951 1196.3004466733455047
12200 675.4776170740692578 -1861.0152587890625 -1827.5746345885263509 883201.3192904611351 1196.3004466733455047
12250 653.91608937990929462 -1861.615234375 -1829.2420488675963952 881653.46718647854868 1196.3004466733455047
12300 622.87755972851243769 -1860.41650390625 -1829.5799315738404403 873385.20503569010179 1196.3004466733455047
12350 598.6542250465977304 -1857.5328369140625 -1827.895480383192762 886535.79083276388701 1196.3004466733455047
12400 646.22446119006247045 -1860.8414306640625 -1828.8490317901243998 879269.71782121248543 1196.3004466733455047
12450 666.29496671898732529 -1861.9608154296875 -1828.9747933535256834 865585.49084873776883 1196.3004466733455047
12500 624.90674553672204183 -1861.32958984375 -1830.3925593491005657 876589.71318240545224 1196.3004466733455047
12550 587.64778568537553838 -1860.1533203125 -1831.0608555636242727 874468.90044173353817 1196.3004466733455047
12600 630.79288661702901209 -1860.947509765625 -1829.7190762298050686 867352.91827005008236 1196.3004466733455047
12650 592.75385823641681782 -1859.61181640625 -1830.2665671845745692 856119.55582167138346 1196.3004466733455047
12700 597.05724800390817109 -1859.58447265625 -1830.026177085790323 862103.41292206756771 1196.3004466733455047
12750 614.2733728901904442 -1859.4395751953125 -1829.0289672047827025 871312.99475044023711 1196.3004466733455047
12800 646.45264374165162735 -1861.7330322265625 -1829.7293368022073992 872329.69383080047555 1196.3004466733455047
12850 630.4931725523103978 -1860.707763671875 -1829.4941679710218523 884131.1921596621396 1196.3004466733455047
12900 632.65186032995381993 -1859.814697265625 -1828.4942321957303193 883419.5899361014599 1196.3004466733455047
12950 624.67351423880620587 -1860.2100830078125 -1829.2845990100242943 881087.14451622683555 1196.3004466733455047
13000 640.76913480555651859 -1859.697509765625 -1827.9751857467290392 880919.04983952909242 1196.3004466733455047
13050 625.19366445496461893 -1859.1083984375 -1828.1571635525369857 879992.81947253912222 1196.3004466733455047
13100 652.27801007375478548 -1859.4716796875 -1827.1795899752835339 889507.37208512017969 1196.3004466733455047
13150 649.39181509122909119 -1859.20458984375 -1827.0553859346164245 875229.0340993409045 1196.3004466733455047
13200 659.73837225335353196 -1857.7391357421875 -1825.0777085985864687 878948.24248562694993 1196.3004466733455047
13250 648.68700845480645967 -1857.9779052734375 -1825.8635939695759589 882616.89497918041889 1196.3004466733455047
13300 667.74299513112430304 -1859.4132080078125 -1826.3554989168067095 881506.20646365929861 1196.3004466733455047
13350 650.15909761153886848 -1857.2109375 -1825.0237480147809492 879980.27902783430181 1196.3004466733455047
13400 674.48744369595078751 -1860.276611328125 -1826.8850072801358237 878006.38520298828371 1196.3004466733455047
13450 666.75665235597080027 -1858.2122802734375 -1825.2034016947136479 882212.27243694581557 1196.3004466733455047
13500 662.90262113597475491 -1858.696533203125 -1825.8784547433501757 871319.28874654474203 1196.3004466733455047
13550 660.57591629974660918 -1857.9630126953125 -1825.2601215638621852 881695.64091771806125 1196.3004466733455047
13600 632.90857800635251351 -1855.9873046875 -1824.654130389164493 874720.57519337662961 1196.3004466733455047
13650 697.02906854419438787 -1859.960693359375 -1825.4531293056570576 891196.77110662066843 1196.3004466733455047
13700 657.09696117660723758 -1859.6634521484375 -1827.1327923803112299 871900.01400846336037 1196.3004466733455047
13750 630.73111763879194314 -1857.18212890625 -1825.9567533447232108 874721.62834171345457 1196.3004466733455047
13800 618.84349100341887606 -1856.30810546875 -1825.6712463064366148 881016.39169630303513 1196.3004466733455047
13850 651.09996813997429399 -1858.205078125 -1825.9713093054442652 875717.5304220803082 1196.3004466733455047
13900 682.89408212607531823 -1859.349853515625 -1825.5420650828009457 876959.70878514624201 1196.3004466733455047
13950 635.39881564616814558 -1858.95068359375 -1827.4942260081845689 890059.60018879186828 1196.3004466733455047
14000 629.40406944453241067 -1857.9334716796875 -1826.7737938094512629 889230.34883399179671 1196.3004466733455047
14050 644.08187626502069634 -1859.8895263671875 -1828.0031996642362628 861896.68300787266344 1196.3004466733455047
14100 635.53710458533589645 -1858.7142333984375 -1827.2509295927620769 867618.5345081074629 1196.3004466733455047
14150 629.78554344681151633 -1858.056640625 -1826.8780772603668083 880459.13830420211889 1196.3004466733455047
14200 669.46682670921859426 -1855.52734375 -1822.384293557333649 889273.70376059471164 1196.3004466733455047
14250 727.86716337659481724 -1856.7576904296875 -1820.7234360545080563 893563.92589728534222 1196.3004466733455047
14300 731.79509913328297444 -1857.50830078125 -1821.2795875221593178 878140.37260338116903 1196.3004466733455047
14350 719.73362909552395195 -1857.6561279296875 -1822.0245374717724189 873211.47827513213269 1196.3004466733455047
14400 645.38408189171252616 -1855.540771484375 -1823.5899769620714324 874533.74301431910135 1196.3004466733455047
14450 701.99084967380917988 -1859.317138671875 -1824.5639335281687181 868387.88490462314803 1196.3004466733455047
14500 679.98674478874238503 -1857.346923828125 -1823.6830678852377332 892299.24803655350115 1196.3004466733455047
14550 689.7233132799329951 -1857.8741455078125 -1823.7282648172702011 889724.07318958221003 1196.3004466733455047
14600 711.09781966994489721 -1859.4112548828125 -1824.2071942946793115 896085.0467913026223 1196.3004466733455047
14650 678.89528841014532645 -1858.0506591796875 -1824.4408375699376847 886015.70791969890706 1196.3004466733455047
14700 690.67444112987470817 -1857.2958984375 -1823.1029306071434348 884598.65447445807513 1196.3004466733455047
14750 650.18332483153312751 -1856.163818359375 -1823.9754294660058349 883028.50803749146871 1196.3004466733455047
14800 681.45553383296521588 -1857.23681640625 -1823.5002456594725118 886045.68892678315751 1196.3004466733455047
14850 688.89833647454304355 -1858.10498046875 -1823.9999416042369376 897779.74801119801123 1196.3004466733455047
14900 686.93418822461262607 -1856.9027099609375 -1822.8949094679705922 885366.58662158786319 1196.3004466733455047
14950 703.48216833985770791 -1855.2880859375 -1820.4610506241272105 893323.1887926053023 1196.3004466733455047
15000 710.8943945946890608 -1856.243896484375 -1821.0499067873013246 883124.89730466797482 1196.3004466733455047
15050 715.95061776115426255 -1855.1529541015625 -1819.7086478070029898 885255.42775030795019 1196.3004466733455047
15100 723.64945669351277502 -1854.4405517578125 -1818.6151018501859653 896602.03494260355365 1196.3004466733455047
15150 753.20181646472030934 -1855.050537109375 -1817.7620492973560431 881344.46875187987462 1196.3004466733455047
15200 724.15792574772319767 -1854.1900634765625 -1818.3394409767884099 888070.44058776507154 1196.3004466733455047
15250 705.55233851428181424 -1855.12548828125 -1820.195965807556604 892514.59597152471542 1196.3004466733455047
15300 690.52486215536498548 -1855.9681396484375 -1821.7825769698556542 887339.69483404990751 1196.3004466733455047
15350 701.28258183315654151 -1856.160888671875 -1821.4427474860171969 878728.77379785559606 1196.3004466733455047
15400 694.60754047504303799 -1855.005126953125 -1820.6174446069642272 897009.77496934914961 1196.3004466733455047
15450 737.77863165441044657 -1855.599609375 -1819.0746715521740953 897231.15080655412748 1196.3004466733455047
15500 738.96037679874018522 -1855.5263671875 -1818.9429251385186035 894795.40430292021483 1196.3004466733455047
15550 722.61528024516985624 -1856.22998046875 -1820.4557291576304578 881639.81950434297323 1196.3004466733455047
15600 690.83549991784548183 -1856.53466796875 -1822.3337266596777226 893207.47219654615037 1196.3004466733455047
15650 718.03146887077753036 -1857.816650390625 -1822.2693281585786735 886702.81222239590716 1196.3004466733455047
15700 687.97820707576477162 -1859.30078125 -1825.2412948962773953 881091.77632079401519 1196.3004466733455047
15750 723.62533374246459061 -1858.8515625 -1823.0273068385190527 877955.84431974124163 1196.3004466733455047
15800 663.94231874079696354 -1856.897216796875 -1824.0276664067116599 896432.91114433051553 1196.3004466733455047
15850 684.02646323905298686 -1856.54443359375 -1822.6805847818791335 887404.87337003916036 1196.3004466733455047
15900 682.95713268623296699 -1858.5108642578125 -1824.6999544038865224 877027.59036092984024 1196.3004466733455047
15950 641.53357696486182249 -1855.546875 -1823.7867060217356538 874818.14249964477494 1196.3004466733455047
16000 652.07014499079207326 -1854.818359375 -1822.5365603636862488 884969.38096843566746 1196.3004466733455047
16050 716.26032246419049443 -1856.215087890625 -1820.7554491582086484 875239.91485295607708 1196.3004466733455047
16100 689.70740196655015097 -1854.7451171875 -1820.6000242125503519 888140.85417243349366 1196.3004466733455047
16150 754.45413775725080541 -1856.117919921875 -1818.7674338960541718 876542.7412706927862 1196.3004466733455047
16200 670.8515780498418053 -1852.674072265625 -1819.4624676930318401 883150.78812810056843 1196.3004466733455047
16250 733.63324289068577855 -1854.024169921875 -1817.7044563497256604 889093.4580479193246 1196.3004466733455047
16300 715.45173022389474227 -1853.30078125 -1817.8811731989205782 890697.26348626520485 1196.3004466733455047
16350 715.73012079933880614 -1854.415771484375 -1818.9823812525405629 874451.77383453864604 1196.3004466733455047
16400 722.51981137770587793 -1854.7861328125 -1819.0166078438069235 884856.59764909860678 1196.3004466733455047
16450 715.09028687558941328 -1854.15625 -1818.7545357930316641 883304.47878415184096 1196.3004466733455047
16500 734.46099443184778011 -1855.7440185546875 -1819.3833257886763022 885846.10623695794493 1196.3004466733455047
16550 705.40709749578365972 -1853.8775634765625 -1818.9552313970366413 896515.24126289284322 1196.3004466733455047
16600 727.84415129643844011 -1855.7237548828125 -1819.6906397582984027 878725.77835635596421 1196.3004466733455047
16650 761.84127192628125158 -1855.265380859375 -1817.5491826745997059 881217.93652724672575 1196.3004466733455047
16700 740.61779484166538623 -1854.259765625 -1817.5942703850382713 886252.28047588421032 1196.3004466733455047
16750 727.48108181514749049 -1852.9302978515625 -1816.9151570755325338 903289.7990725353593 1196.3004466733455047
16800 771.5306330312330374 -1855.4993896484375 -1817.3035037948723129 892236.89334052789491 1196.3004466733455047
16850 747.63886909417908555 -1852.8704833984375 -1815.8573983943924759 894422.28983906877693 1196.3004466733455047
16900 733.91361990210191379 -1853.523193359375 -1817.1895992647091589 877902.38449780817609 1196.3004466733455047
16950 749.10187660882161254 -1852.7989501953125 -1815.7134366114551085 891189.01234657492023 1196.3004466733455047
17000 785.95262987443891234 -1853.13427734375 -1814.2244069487815068 901576.53556967759505 1196.3004466733455047
17050 806.6824464906940193 -1853.068359375 -1813.1322255041029621 908669.38522465038113 1196.3004466733455047
17100 754.55848081725423526 -1851.014892578125 -1813.6592408784617874 897691.76759793306701 1196.3004466733455047
17150 758.90010951510953419 -1851.16015625 -1813.5895651207638366 874746.42434083262924 1196.3004466733455047
17200 757.39377492801429526 -1853.80859375 -1816.3125761781609526 891364.93386681890115 1196.3004466733455047
17250 790.62141021054640078 -1853.0439453125 -1813.9029393110388355 901766.99253101204522 1196.3004466733455047
17300 781.9993079975637329 -1851.5245361328125 -1812.8103814031549064 912211.17486639646813 1196.3004466733455047
17350 756.15423969962216688 -1850.7132568359375 -1813.2786044828833383 894545.36522060388234 1196.3004466733455047
17400 822.86745454226138463 -1853.7989501953125 -1813.0615510296756838 887661.53246374754235 1196.3004466733455047
17450 752.3696457261581827 -1852.98779296875 -1815.7405031301880172 902035.07412934314925 1196.3004466733455047
17500 744.7626879299355096 -1854.480224609375 -1817.6095296579608203 883970.29016331827734 1196.3004466733455047
17550 723.83135679344422897 -1854.0040283203125 -1818.1695731507350047 893868.11799930618145 1196.3004466733455047
17600 708.67140455483206551 -1853.95068359375 -1818.8667466543774935 890810.87876279163174 1196.3004466733455047
17650 766.44981506661315507 -1856.030517578125 -1818.0861659277541094 900725.67028270917945 1196.3004466733455047
17700 756.12932482600274398 -1854.8455810546875 -1817.4121621532010522 895295.72660615423229 1196.3004466733455047
17750 757.29679169944552086 -1855.561279296875 -1818.070063038385797 887233.14720083342399 1196.3004466733455047
17800 757.52161367735106978 -1854.35986328125 -1816.85751684304023 887335.67227131919935 1196.3004466733455047
17850 730.71692900419191119 -1853.57470703125 -1817.3993703477849522 897790.87918812350836 1196.3004466733455047
17900 776.0788131760922397 -1855.4041748046875 -1816.9831238543433756 896492.40828410198446 1196.3004466733455047
17950 712.54017931459634383 -1852.1898193359375 -1816.914352374566306 903705.14489377080463 1196.3004466733455047
18000 760.97417060897430474 -1853.278076171875 -1815.6048052559876851 888976.38493823516183 1196.3004466733455047
18050 730.21378186116021425 -1849.561767578125 -1813.4113400168905628 902071.1777132168645 1196.3004466733455047
18100 801.57185931059814266 -1852.8963623046875 -1813.2132364106853402 904178.38648662681226 1196.3004466733455047
18150 843.62616024700628259 -1855.064697265625 -1813.2996044224848902 900067.04161147656851 1196.3004466733455047
18200 762.57310487128427212 -1850.14697265625 -1812.3945438845939861 903851.24904654128477 1196.3004466733455047
18250 773.77290011410605075 -1850.2454833984375 -1811.9385904456285061 895097.39096964348573 1196.3004466733455047
18300 764.60069732675333398 -1851.9898681640625 -1814.137060111700066 903689.75850192317739 1196.3004466733455047
18350 780.0533702616063465 -1853.33984375 -1814.72202585061018 883749.08631917648017 1196.3004466733455047
18400 761.94614203823994103 -1851.1961669921875 -1813.4747770410010617 887217.13462258933578 1196.3004466733455047
18450 760.97178419320584908 -1851.6680908203125 -1813.994938047840833 900884.72443703562021 1196.3004466733455047
18500 741.84849061379532031 -1851.677734375 -1814.951311527992857 898206.62345066899434 1196.3004466733455047
18550 756.05097222287088243 -1852.134765625 -1814.7052256972799569 913635.86521289416123 1196.3004466733455047
18600 760.11883710468032405 -1853.2623291015625 -1815.6314028697329377 906305.86920749407727 1196.3004466733455047
18650 744.90774146077706064 -1852.084228515625 -1815.2063524519262501 907554.43925127841067 1196.3004466733455047
18700 797.69375861204548528 -1853.3951416015625 -1813.9040074254116917 896154.06035955552943 1196.3004466733455047
18750 820.79742331767045016 -1854.9853515625 -1814.3504326782449425 890369.45544596167747 1196.3004466733455047
18800 791.4759375282583278 -1850.1488037109375 -1810.9654929370035461 892649.63895621104166 1196.3004466733455047
18850 806.32059946806020889 -1852.056396484375 -1812.1381764421471416 900953.01694997912273 1196.3004466733455047
18900 811.41633652127075038 -1850.9957275390625 -1810.8252346997589939 907935.56470816710498 1196.3004466733455047
18950 827.93770480667546963 -1852.8050537109375 -1811.8166435133889536 898278.14309803931974 1196.3004466733455047
19000 786.64196947590642139 -1850.1077880859375 -1811.163790806559291 911052.75453339028172 1196.3004466733455047
19050 792.81451665986094213 -1849.62255859375 -1810.3729792706130866 913947.03465301066171 1196.3004466733455047
19100 846.67959068009065504 -1852.1943359375 -1810.2780780267778482 899148.53392535587773 1196.3004466733455047
19150 831.08174585092353936 -1851.58154296875 -1810.437481877116852 898500.84810342441779 1196.3004466733455047
19200 790.04598833464035579 -1850.208251953125 -1811.0957331527531551 904652.83184893906582 1196.3004466733455047
19250 785.46471669375591773 -1850.7548828125 -1811.8691673575401637 879948.95238781813532 1196.3004466733455047
19300 816.64591134037561915 -1848.33203125 -1807.9026397561240174 914426.94966454827227 1196.3004466733455047
19350 834.00258517946883785 -1850.433349609375 -1809.1446875896472193 912646.30482981633395 1196.3004466733455047
19400 832.38551103658801367 -1852.8865966796875 -1811.6779905601842984 902502.76385170058347 1196.3004466733455047
19450 844.0124906306767798 -1850.6937255859375 -1808.9095068252970577 910756.25599687034264 1196.3004466733455047
19500 807.78351397914082099 -1848.973876953125 -1808.9832329353780551 888423.5761403623037 1196.3004466733455047
19550 760.92379628713024431 -1848.4439697265625 -1810.7731926738670154 913978.33693850401323 1196.3004466733455047
19600 817.99044854869714527 -1850.7525634765625 -1810.2566084691509332 901743.7766974796541 1196.3004466733455047
19650 806.73956797259950235 -1849.822021484375 -1809.8830597210921951 902937.4262143955566 1196.3004466733455047
19700 819.50237720149561937 -1851.280517578125 -1810.7097120699445441 897868.55464817397296 1196.3004466733455047
19750 836.40089105489539634 -1852.6396484375 -1811.2322543628961284 888390.44480429240502 1196.3004466733455047
19800 852.31103933347651491 -1849.9208984375 -1807.7258464507606277 918372.68490796058904 1196.3004466733455047
19850 847.33590177819598921 -1847.99609375 -1806.0473440849461895 916154.73149237781763 1196.3004466733455047
19900 883.15933344710936126 -1851.125732421875 -1807.4034851815754337 911374.62259084545076 1196.3004466733455047
19950 825.96042627690292193 -1849.6153564453125 -1808.7248346552885323 911103.89059326879214 1196.3004466733455047
20000 864.54751736440073273 -1849.3858642578125 -1806.5850254129641144 893643.4737458047457 1196.3004466733455047
20050 831.18631426763965919 -1846.153564453125 -1805.0043265309968774 908555.98036972491536 1196.3004466733455047
20100 844.49909770742760884 -1846.0120849609375 -1804.2037759210995773 909511.43093306687661 1196.3004466733455047
20150 855.63250680489693423 -1845.73486328125 -1803.375376614961624 900957.57887900667265 1196.3004466733455047
20200 888.23682488681856739 -1846.2940673828125 -1802.3204506243750984 915305.2003354113549 1196.3004466733455047
20250 909.6289254418230712 -1848.1435546875 -1803.1108870035579912 916200.66626321419608 1196.3004466733455047
20300 883.19798607218547204 -1851.927734375 -1808.2035735732783905 908681.6212263047928 1196.3004466733455047
20350 868.38007203264999134 -1848.927001953125 -1805.9364262211474852 905262.14820220111869 1196.3004466733455047
20400 887.59320948123297512 -1847.8955078125 -1803.9537542873717939 917107.87440133583732 1196.3004466733455047
20450 868.59112705389600251 -1848.0023193359375 -1805.0012949799454418 901416.1541327573359 1196.3004466733455047
20500 862.50404307557448647 -1849.3564453125 -1806.6567720044936323 907075.66148301458452 1196.3004466733455047
20550 798.76525216653215011 -1849.074462890625 -1809.530282673594229 914178.78897015866823 1196.3004466733455047
20600 832.42652282643518902 -1849.265380859375 -1808.0547443841392123 898800.99563489260618 1196.3004466733455047
20650 831.11690179327592887 -1849.1842041015625 -1808.0384025575044689 908757.56922401010524 1196.3004466733455047
20700 828.37570676618656762 -1848.1236572265625 -1807.1135630256408149 912243.49995725299232 1196.3004466733455047
20750 909.47464468347322963 -1848.2347412109375 -1803.2097114482692177 913143.39165825583041 1196.3004466733455047
20800 869.79830477219491058 -1846.3509521484375 -1803.290164485119476 921119.64014890568797 1196.3004466733455047
20850 911.41216968804462795 -1847.078125 -1801.957174893090496 903546.42171331692953 1196.3004466733455047
20900 860.92032272848609864 -1846.5849609375 -1803.9636922955062346 918208.68864551675506 1196.3004466733455047
20950 894.33307988815124645 -1847.832275390625 -1803.5568535577083367 908256.60494261479471 1196.3004466733455047
21000 859.57678312221798933 -1848.47119140625 -1805.9164368898705106 916849.77975134958979 1196.3004466733455047
21050 850.55840721107153968 -1847.41064453125 -1805.3023594642213538 919955.11400812352076 1196.3004466733455047
21100 870.3087687681445459 -1846.8861083984375 -1803.8000493801184803 913873.8683804415632 1196.3004466733455047
21150 926.85638358517712732 -1849.578857421875 -1803.6933162464354155 920916.03278529690579 1196.3004466733455047
21200 892.14362820902749718 -1846.8553466796875 -1802.6883172330706202 916442.34646382322535 1196.3004466733455047
21250 856.63809912000897384 -1845.2022705078125 -1802.7930003492829201 914232.11988300434314 1196.3004466733455047
21300 857.09854967201169984 -1846.68115234375 -1804.2490868275606317 916661.70909463474527 1196.3004466733455047
21350 877.12758159803547642 -1849.3397216796875 -1805.9160861798175119 917983.32224583032075 1196.3004466733455047
21400 832.39363356001479133 -1847.73876953125 -1806.5297612929400657 901918.08879747800529 1196.3004466733455047
21450 883.11764463581721429 -1847.40185546875 -1803.6816721012369271 903248.92313350387849 1196.3004466733455047
21500 856.15689542749373686 -1845.2491455078125 -1802.8636981251065663 915401.13562311895657 1196.3004466733455047
21550 852.55624311848225716 -1845.293212890625 -1803.0860216894693622 911810.73861444415525 1196.3004466733455047
21600 861.38783146304444926 -1848.4000244140625 -1805.7556109875374659 896399.96089914115146 1196.3004466733455047
21650 899.26560749778036552 -1849.5584716796875 -1805.0388570001346125 919786.05462685308885 1196.3004466733455047
21700 887.82013268356854496 -1846.1617431640625 -1802.2087554346617253 922796.47660611837637 1196.3004466733455047
21750 830.32660630243708511 -1844.6595458984375 -1803.5528692252094061 916368.59691926918458 1196.3004466733455047
21800 872.40057356936893029 -1845.825927734375 -1802.6363104981512606 910851.65263556363061 1196.3004466733455047
21850 875.14816886293613152 -1847.218505859375 -1803.8928644243549115 906140.29695294250268 1196.3004466733455047
21900 853.94106768545702835 -1847.5145263671875 -1805.2387771609148786 906912.66214838158339 1196.3004466733455047
21950 837.66768088759420152 -1845.36181640625 -1803.8917078290992322 920054.92845747678075 1196.3004466733455047
22000 930.5755584785508745 -1846.9102783203125 -1800.8406133089358718 919054.97453080385458 1196.3004466733455047
22050 873.98006256828671212 -1842.8623046875 -1799.5944922650753597 921738.75523787573911 1196.3004466733455047
22100 922.12834388135149766 -1847.484375 -1801.8329031629727979 917724.0266455950914 1196.3004466733455047
22150 912.13194231322972882 -1846.5968017578125 -1801.4402181298798951 916081.08938456187025 1196.3004466733455047
22200 936.82432422995441357 -1845.822265625 -1799.4432452450250821 914447.17938466893975 1196.3004466733455047
22250 882.30261424923094182 -1844.486083984375 -1800.8062500291605375 932955.74016451195348 1196.3004466733455047
22300 943.27448327082538526 -1846.7000732421875 -1800.001727189433268 919711.95929109083954 1196.3004466733455047
22350 944.35986469369731822 -1842.67919921875 -1795.9271195834771788 925798.03970923076849 1196.3004466733455047
22400 1015.0375264771859065 -1845.642333984375 -1795.3912411067210542 920823.86486735811923 1196.3004466733455047
22450 958.28027857592178407 -1844.165283203125 -1796.7240507112885552 926997.1854955710005 1196.3004466733455047
22500 994.04786435551739032 -1846.005126953125 -1796.7931616281312017 928854.61282032215968 1196.3004466733455047
22550 965.12296358035939647 -1844.5247802734375 -1796.7447894690055819 927051.3655861451989 1196.3004466733455047
22600 934.78163157787798809 -1844.63427734375 -1798.3563838044112799 915455.295094679459 1196.3004466733455047
22650 974.50416266163870205 -1844.55126953125 -1796.3068471230199066 938132.85816625214648 1196.3004466733455047
22700 948.80053755171149987 -1844.598876953125 -1797.6269545451402792 916852.19818302977365 1196.3004466733455047
22750 909.98545805281878529 -1843.4541015625 -1798.4037831485291008 911047.03064714604989 1196.3004466733455047
22800 873.36901844162343878 -1841.93994140625 -1798.7023797226997885 929715.57671643199865 1196.3004466733455047
22850 912.72556020908245955 -1843.9215087890625 -1798.7355371363128143 932196.81490913312882 1196.3004466733455047
22900 878.15008446967976852 -1845.7547607421875 -1802.2805045653176421 913014.46266703726724 1196.3004466733455047
22950 874.69407967350980471 -1842.78759765625 -1799.4844366492313839 928394.92605697899126 1196.3004466733455047
23000 932.92791219900300348 -1844.4393310546875 -1798.2532089250230456 903086.76919298316352 1196.3004466733455047
23050 904.19116228356620013 -1845.7802734375 -1801.0168111123593917 926328.4147014580667 1196.3004466733455047
23100 880.15487172648806791 -1846.7757568359375 -1803.2022503870196033 912501.77741230314132 1196.3004466733455047
23150 909.67559416491849333 -1847.0072021484375 -1801.9722240530302315 921623.97413792018779 1196.3004466733455047
23200 912.96271592361517833 -1845.666015625 -1800.4683031907259192 920633.86242895014584 1196.3004466733455047
23250 899.17848971236855959 -1844.234375 -1799.7190732288979689 915883.74769841996022 1196.3004466733455047
23300 939.25640280742675259 -1844.95703125 -1798.4576068422975368 937139.40662415977567 1196.3004466733455047
23350 931.26912852205521176 -1845.0322265625 -1798.928225231761644 935534.92323453887366 1196.3004466733455047
23400 920.76558023013876664 -1845.86279296875 -1800.278786975123694 931549.48697541421279 1196.3004466733455047
23450 923.29828499680093046 -1844.0966796875 -1798.3872880020728644 930629.29705851664767 1196.3004466733455047
23500 925.25360826999440178 -1843.1773681640625 -1797.3711750019961073 902858.96495756332297 1196.3004466733455047
23550 946.78101769849092761 -1843.6571044921875 -1796.7851617175319916 909120.07716771611013 1196.3004466733455047
23600 934.42714782112614103 -1840.49072265625 -1794.2303784150599313 917525.78728115244303 1196.3004466733455047
23650 1034.3255205415944147 -1844.09912109375 -1792.8931445237481057 932874.66865801042877 1196.3004466733455047
23700 952.95571560354107987 -1842.1746826171875 -1794.9970513238079093 925817.48026665591169 1196.3004466733455047
23750 992.46276109372104202 -1845.039794921875 -1795.9063027263482581 911353.25157694786321 1196.3004466733455047
23800 1003.7570458963911051 -1843.308837890625 -1793.6162036537441509 934714.178614324308 1196.3004466733455047
23850 953.38801468776478032 -1844.515625 -1797.3165920334156453 935030.76005340972915 1196.3004466733455047
23900 904.53291047225798138 -1844.723876953125 -1799.9434958249621559 922876.42191565502435 1196.3004466733455047
23950 923.86099015030697501 -1846.388916015625 -1800.6516666912496021 907784.89824052760378 1196.3004466733455047
24000 900.1710111051088461 -1845.7093505859375 -1801.1449124199843936 924801.93039999844041 1196.3004466733455047
24050 849.96231152546863541 -1846.8394775390625 -1804.7607031638849548 912541.13988238747697 1196.3004466733455047
24100 890.51355350924563936 -1847.66796875 -1803.5816388174400799 921105.77025742258411 1196.3004466733455047
24150 936.48191045368753294 -1846.365234375 -1800.003165749048776 913261.40362657804508 1196.3004466733455047
24200 879.35343707643130529 -1844.207275390625 -1800.6734452748326021 915874.56897106196266 1196.3004466733455047
24250 937.22972362707946559 -1845.61083984375 -1799.2117495035754473 914370.49505492358003 1196.3004466733455047
24300 947.21974453762823032 -1842.67236328125 -1795.7787006168698554 926878.22861630038824 1196.3004466733455047
24350 972.91950433277577304 -1845.7388916015625 -1797.5729202956670179 931926.64443607674912 1196.3004466733455047
24400 938.60987590356251076 -1843.664794921875 -1797.1973778859658069 932415.95139509113505 1196.3004466733455047
24450 972.32448136554501161 -1842.640869140625 -1794.5043554199030496 937364.61225753405597 1196.3004466733455047
24500 964.5535339644591204 -1842.1376953125 -1794.3858950525252567 934252.76032164064236 1196.3004466733455047
24550 983.43428277761915979 -1841.5665283203125 -1792.8800057102166647 923776.47807231638581 1196.3004466733455047
24600 936.48936533989297004 -1839.1044921875 -1792.742054495214461 927805.48816409660503 1196.3004466733455047
24650 981.68399715636246583 -1842.093994140625 -1793.4941222828629179 918092.93713180301711 1196.3004466733455047
24700 966.69415469192369983 -1842.2193603515625 -1794.3615851614144958 919866.2401712203864 1196.3004466733455047
24750 950.17245970297710755 -1841.339111328125 -1794.2992696702151534 919493.89991266955622 1196.3004466733455047
24800 948.70682682949689024 -1842.3355712890625 -1795.3682881836482466 920564.44339085218962 1196.3004466733455047
24850 981.99010950964293443 -1843.6383056640625 -1795.0232792135939235 921051.6381195881404 1196.3004466733455047
24900 1012.2146968292290694 -1843.90185546875 -1793.7905113896547391 925341.95173756766599 1196.3004466733455047
24950 994.60466057788812577 -1842.5250244140625 -1793.2854939814205864 934178.50892940210178 1196.3004466733455047
25000 919.83156576674730331 -1842.2724609375 -1796.7346948574972885 937126.74682325741742 1196.3004466733455047
25050 1022.4631561807344724 -1841.683837890625 -1791.0651270696196207 934546.97830591606908 1196.3004466733455047
25100 1012.3051379945706003 -1841.052734375 -1790.9369128580949564 932221.26477128476836 1196.3004466733455047
25150 1002.3064978583165612 -1841.37451171875 -1791.7536892349160098 922792.24257439037319 1196.3004466733455047
25200 952.85265762233814257 -1838.635986328125 -1791.4634570886596521 918028.49202325439546 1196.3004466733455047
25250 1005.5380101716087893 -1843.5037841796875 -1793.7229803935324526 923826.32505756278988 1196.3004466733455047
25300 966.49229374872709286 -1842.6025390625 -1794.7547573284955433 912481.57199384632986 1196.3004466733455047
25350 972.53229343843156585 -1843.976806640625 -1795.8300048433509346 931300.27168872207403 1196.3004466733455047
25400 910.59102952130365338 -1840.260498046875 -1795.1801998269233991 923666.40412243548781 1196.3004466733455047
25450 969.74155546475026313 -1842.108642578125 -1794.1000008285875538 934567.03956277121324 1196.3004466733455047
25500 983.49845029665721086 -1841.716796875 -1793.027097546926143 918150.68759404565208 1196.3004466733455047
25550 933.38936065492521266 -1842.559326171875 -1796.3503592816848595 914038.70148617168888 1196.3004466733455047
25600 1023.6426788102262435 -1845.535888671875 -1794.8587836539461478 913991.58895822428167 1196.3004466733455047
25650 954.08394645545570256 -1843.3931884765625 -1796.1597022695978012 920094.25656191259623 1196.3004466733455047
25700 938.02208326193363064 -1842.8585205078125 -1796.4202031079826156 907937.9917971638497 1196.3004466733455047
25750 967.47406083896828477 -1843.827392578125 -1795.9310068586037232 934821.52147236512974 1196.3004466733455047
25800 1008.977448315364768 -1843.5821533203125 -1793.631074523529378 921086.26342054025736 1196.3004466733455047
25850 976.42031239445861956 -1843.316650390625 -1794.9773658559417981 928725.75861631659791 1196.3004466733455047
25900 1016.3604121756565064 -1843.9342041015625 -1793.6176196037799855 917364.17827626899816 1196.3004466733455047
25950 1021.9126786973430399 -1841.0535888671875 -1790.4621303343226373 951106.35018951422535 1196.3004466733455047
26000 1005.8126285315534005 -1840.7232666015625 -1790.9288673843504966 924313.96231942565646 1196.3004466733455047
26050 997.55362733512765772 -1840.7359619140625 -1791.3504380589652101 925488.58008863485884 1196.3004466733455047
26100 1037.026083674400752 -1842.555908203125 -1791.216235838367993 947544.63321332284249 1196.3004466733455047
26150 994.24525483028287454 -1842.0869140625 -1792.8651765992140099 932583.75794368516654 1196.3004466733455047
26200 963.13985408792211729 -1839.1524658203125 -1791.4706520947486297 942194.40339219686575 1196.3004466733455047
26250 1006.9278148093214895 -1839.95703125 -1790.1074229121809367 929529.35393815627322 1196.3004466733455047
26300 992.08685565816369945 -1837.0308837890625 -1787.9160014069295812 943802.36277290387079 1196.3004466733455047
26350 991.73083366825892426 -1839.84765625 -1790.7503993187638116 917226.66145983128808 1196.3004466733455047
26400 982.59611572893970788 -1839.1024169921875 -1790.4573892126882129 919739.28504559001885 1196.3004466733455047
26450 942.03002735669542744 -1835.8685302734375 -1789.231793046063558 927738.22047472000122 1196.3004466733455047
26500 1062.2044331021347716 -1841.56005859375 -1788.9738908605013421 936940.37365453201346 1196.3004466733455047
26550 1006.5298898545701149 -1840.4122314453125 -1790.5823230331986906 927660.28768331732135 1196.3004466733455047
26600 991.53833024331277102 -1839.11328125 -1790.0255545156619519 923503.12039123801515 1196.3004466733455047
26650 903.05919145538962312 -1841.128662109375 -1796.4212398514612232 918725.90558068477549 1196.3004466733455047
26700 927.01247620280878436 -1837.940185546875 -1792.046916751104618 927959.3357965227915 1196.3004466733455047
26750 978.0260910814890849 -1840.650146484375 -1792.2313652494829057 910313.51843878161162 1196.3004466733455047
26800 895.78058458234602313 -1838.685546875 -1794.3384639547525694 928115.6713464652421 1196.3004466733455047
26850 1035.4997421951863998 -1839.173828125 -1787.9097197915564266 931342.23034584731795 1196.3004466733455047
26900 1038.6026850580267364 -1841.06689453125 -1789.6491699364098622 937597.02694391610567 1196.3004466733455047
26950 1072.5049631360864169 -1842.4183349609375 -1789.322222641480721 919350.41048807266634 1196.3004466733455047
27000 1102.0557600374047524 -1842.1993408203125 -1787.6402679688933404 932417.56929901312105 1196.3004466733455047
27050 987.31984753582401027 -1833.8525390625 -1784.973655214072096 962051.84592595440336 1196.3004466733455047
27100 1005.5362058543440753 -1837.0184326171875 -1787.2377181567096613 948059.20673790038563 1196.3004466733455047
27150 999.04150517601635784 -1838.617431640625 -1789.1582479595381301 938972.66579308314249 1196.3004466733455047
27200 1031.9516736010559725 -1839.844970703125 -1788.7565153084242411 942728.42537843668833 1196.3004466733455047
27250 1024.2128771886573304 -1839.8822021484375 -1789.1768685272049879 930340.30927560280543 1196.3004466733455047
27300 979.09785806450190648 -1839.7373046875 -1791.2654638752014762 918926.51543887762818 1196.3004466733455047
27350 957.07960519295943413 -1841.419189453125 -1794.0373982608555252 925729.82219800713938 1196.3004466733455047
27400 1020.0876395879096208 -1842.3050537109375 -1791.8039467241003422 928744.90275699831545 1196.3004466733455047
27450 981.22726675191108825 -1841.2064208984375 -1792.6291602263463574 926517.55540229170583 1196.3004466733455047
27500 997.55676336386488856 -1839.766845703125 -1790.3811665937957969 934773.24317122169305 1196.3004466733455047
27550 963.81141976559831619 -1836.5020751953125 -1788.7870145125061754 952806.17230611341074 1196.3004466733455047
27600 1065.3700489627563002 -1839.2724609375 -1786.5295742135956516 931517.69453135342337 1196.3004466733455047
27650 994.32144570012962959 -1837.784423828125 -1788.5589144112143458 947648.12270847766194 1196.3004466733455047
27700 1006.6960496782737664 -1837.5458984375 -1787.707764011553536 942327.08078273688443 1196.3004466733455047
27750 1064.0157649189320637 -1837.8497314453125 -1785.1738907679766726 942596.25908963929396 1196.3004466733455047
27800 1075.6158194651225131 -1837.1072998046875 -1783.8571794547472109 944265.53118081518915 1196.3004466733455047
27850 1095.5702049431313299 -1838.63232421875 -1784.3943293796251055 914269.65760384686291 1196.3004466733455047
27900 1010.8725500806923492 -1831.7342529296875 -1781.6893540205066984 953037.9445225285599 1196.3004466733455047
27950 1072.691917525157578 -1836.420166015625 -1783.3147982133666574 947741.28782872552983 1196.3004466733455047
28000 1073.3013702329938042 -1837.41552734375 -1784.2799875884090852 929189.72301884868648 1196.3004466733455047
28050 1088.3634968550554731 -1839.72607421875 -1785.8448592503486907 942127.37364991114009 1196.3004466733455047
28100 1046.1095991274437438 -1837.327880859375 -1785.5385142057077701 914315.6339539285982 1196.3004466733455047
28150 1022.6925698170628038 -1835.951416015625 -1785.3213476973392062 948835.18213027378079 1196.3004466733455047
28200 1078.8264551925340129 -1838.6590576171875 -1785.2499894944546668 932333.33717110659927 1196.3004466733455047
28250 1055.9600029542493758 -1837.68798828125 -1785.4109612754564296 924622.20799147116486 1196.3004466733455047
28300 1027.1226416530907954 -1835.087646484375 -1784.2382602143090935 957258.45256833021995 1196.3004466733455047
28350 1026.2443644804332052 -1836.009521484375 -1785.2036157621944312 922932.53543093323242 1196.3004466733455047
28400 1058.6416131841999686 -1837.7882080078125 -1785.3784235017178617 951288.71607132279314 1196.3004466733455047
28450 1085.8660248968940323 -1840.6453857421875 -1786.8878122077776425 943056.12357215292286 1196.3004466733455047
28500 1022.5685250979803413 -1838.912109375 -1788.2881820934117059 941880.59714105166495 1196.3004466733455047
28550 1029.8265707737430148 -1836.83544921875 -1785.8522005151953636 948767.82636831433047 1196.3004466733455047
28600 1010.164058608780465 -1834.4708251953125 -1784.461001315211206 936937.44084440893494 1196.3004466733455047
28650 1029.3659704235988102 -1835.24853515625 -1784.288089226357215 944548.85074490541592 1196.3004466733455047
28700 1061.334839595151152 -1836.0701904296875 -1783.5270733452525747 930192.01368017471395 1196.3004466733455047
28750 1078.7413353833539986 -1836.633544921875 -1783.2286907945122039 952951.92406492808368 1196.3004466733455047
28800 1056.4759795300699352 -1835.585205078125 -1783.2826338080476489 940961.36546551599167 1196.3004466733455047
28850 1074.5395933823115229 -1837.4156494140625 -1784.2188093965573898 929633.19708465819713 1196.3004466733455047
28900 1068.4984440201992584 -1837.072021484375 -1784.1742584465523578 934484.14478513307404 1196.3004466733455047
28950 1039.0429521800842849 -1834.6383056640625 -1783.1987849252725482 945274.43697037536185 1196.3004466733455047
29000 1110.1558171782719455 -1841.06884765625 -1786.1087682281452089 940035.66032575722784 1196.3004466733455047
29050 1121.7764297468970653 -1839.468017578125 -1783.9326407188918893 962002.281459370628 1196.3004466733455047
29100 1071.8936436047133611 -1838.86474609375 -1785.7988981475282344 949607.9967864343198 1196.3004466733455047
29150 1071.1670750237360608 -1835.30859375 -1782.2787157697077873 944955.06263901013881 1196.3004466733455047
29200 1075.9847752544671948 -1838.5867919921875 -1785.3184058824556359 926885.77451943897177 1196.3004466733455047
29250 1025.1525552531559242 -1836.646728515625 -1785.8948745949330714 923844.15511801827233 1196.3004466733455047
29300 1063.6725271084867472 -1835.2314453125 -1782.5725971843478419 941737.39134429942351 1196.3004466733455047
29350 1037.035641094656512 -1833.793212890625 -1782.4530673701467549 942685.41176402941346 1196.3004466733455047
29400 1010.0811286919790746 -1829.647705078125 -1779.641986779189665 953549.57700140669476 1196.3004466733455047
29450 1141.4610128495787649 -1838.5615234375 -1782.0516290969439979 942122.15751604561228 1196.3004466733455047
29500 1080.9495620778825469 -1837.132568359375 -1783.6183923578673785 933264.28481937584002 1196.3004466733455047
29550 1025.2752524149757392 -1838.1806640625 -1787.4227358181367435 936677.76766577840317 1196.3004466733455047
29600 1042.2951065590696089 -1837.49658203125 -1785.8960580709160695 916612.33763179765083 1196.3004466733455047
29650 1072.2097017707894793 -1837.313720703125 -1784.2322257804673882 944237.6154827713035 1196.3004466733455047
29700 1102.5920630852874638 -1838.7752685546875 -1784.1896451437403357 934327.30215489771217 1196.3004466733455047
29750 1085.0210519947409011 -1836.06689453125 -1782.3511527623440998 934445.95795448671561 1196.3004466733455047
29800 1055.3659853947315241 -1835.8271484375 -1783.5795292425268599 927556.2165997500997 1196.3004466733455047
29850 1013.6318616244822124 -1834.6650390625 -1784.4835359223932301 941664.67718583228998 1196.3004466733455047
29900 1119.4560385131544535 -1839.1668701171875 -1783.7463680210619259 923681.22140600893181 1196.3004466733455047
29950 1144.6586063385386751 -1838.289306640625 -1781.6211102046220276 947314.66522035258822 1196.3004466733455047
30000 1090.3478174168069472 -1833.6195068359375 -1779.6400548327010256 948349.26418561709579 1196.3004466733455047
30050 1094.5531091149521217 -1833.65966796875 -1779.4720261220950306 959642.07502303179353 1196.3004466733455047
30100 1145.6460297039893703 -1837.7001953125 -1780.9831148678247246 951602.18582280725241 1196.3004466733455047
30150 1150.2802236676491248 -1836.864990234375 -1779.9184864381425086 942171.63428941450547 1196.3004466733455047
30200 1063.4284602377781539 -1830.907470703125 -1778.260705504587122 955315.57354275160469 1196.3004466733455047
30250 1135.9439722549088856 -1829.8798828125 -1773.6431185898961758 938476.20722398068756 1196.3004466733455047
30300 1182.8728861661434166 -1834.827392578125 -1776.26733571846421 949809.09084842493758 1196.3004466733455047
30350 1164.8234590105432744 -1836.15576171875 -1778.4892712708970066 953126.1536230975762 1196.3004466733455047
30400 1115.8113640645576652 -1834.2939453125 -1779.0538787859447893 947636.7606432287721 1196.3004466733455047
30450 1128.8152521614665602 -1833.883544921875 -1777.9996996467682493 947143.04271939850878 1196.3004466733455047
30500 1089.7392802017313898 -1832.2177734375 -1778.2684480643797542 954102.32581110938918 1196.3004466733455047
30550 1074.0207663829312423 -1834.1644287109375 -1780.9932740725962503 935819.42891510704067 1196.3004466733455047
30600 1151.7338789945486042 -1836.3248291015625 -1779.3063597208674764 947076.89533109171316 1196.3004466733455047
30650 1130.3557730853895009 -1833.225830078125 -1777.2657187951035667 942284.08230742265005 1196.3004466733455047
30700 1101.8632369029344318 -1831.677490234375 -1777.1279485556060536 949633.68248927837703 1196.3004466733455047
30750 1144.7214245322095394 -1833.8756103515625 -1777.2043039981404036 955235.03400179324672 1196.3004466733455047
30800 1175.1697820002973458 -1833.2725830078125 -1775.0938809185784066 947500.41917605930939 1196.3004466733455047
30850 1180.9910848301587976 -1834.345947265625 -1775.8790520588540858 944343.38527804042678 1196.3004466733455047
30900 1171.3978503126620581 -1835.3267822265625 -1777.3348157846510276 977805.43678505939897 1196.3004466733455047
30950 1109.6038925587008634 -1832.304931640625 -1777.3721761435040207 960441.19066160719376 1196.3004466733455047
31000 1124.5703824092674949 -1830.3365478515625 -1774.6628517961712532 952287.74681753350887 1196.3004466733455047
31050 1165.8055267845027174 -1832.55517578125 -1774.8400664620410225 953074.22352178697474 1196.3004466733455047
31100 1318.3504443917095159 -1837.8187255859375 -1772.5516306280319441 957363.06929177721031 1196.3004466733455047
31150 1196.4120622213717979 -1831.9190673828125 -1772.6887314687412527 956150.15365031384863 1196.3004466733455047
31200 1183.9024086518372769 -1835.6220703125 -1777.0110452583649021 946267.71845787204802 1196.3004466733455047
31250 1074.5342462807957418 -1829.9615478515625 -1776.7649725510632379 956686.59789729223121 1196.3004466733455047
31300 1155.7688944721471671 -1833.3292236328125 -1776.1109942114899241 965649.04332375258673 1196.3004466733455047
31350 1174.0532661294503214 -1833.392822265625 -1775.2693951206779275 958914.20370124268811 1196.3004466733455047
31400 1237.4008699308956238 -1836.114013671875 -1774.8544597935142519 954171.19606569921598 1196.3004466733455047
31450 1121.1983224289876944 -1828.2843017578125 -1772.7775450468670897 972296.33576644363347 1196.3004466733455047
31500 1167.4021201339851359 -1831.639404296875 -1773.845253012615558 964317.06442984263413 1196.3004466733455047
31550 1157.5154096698042849 -1829.140625 -1771.835931487330754 970580.92768261570018 1196.3004466733455047
31600 1175.9447405900223202 -1830.68310546875 -1772.4660377870595767 977912.11449664377142 1196.3004466733455047
31650 1192.1472308838119716 -1834.207275390625 -1775.1880769272006546 960162.6261302040657 1196.3004466733455047
31700 1178.9024020970525726 -1832.465087890625 -1774.101596338670106 965274.52313083864283 1196.3004466733455047
31750 1198.724841620117104 -1833.8792724609375 -1774.5344386200997633 960659.03508766170125 1196.3004466733455047
31800 1132.8362428374039155 -1827.2872314453125 -1771.2043204503224842 963558.79197692964226 1196.3004466733455047
31850 1268.0977467439277007 -1835.3648681640625 -1772.585615193256217 939795.19114343367983 1196.3004466733455047
31900 1149.2635185184817601 -1832.0032958984375 -1775.1071257534713368 946816.1762473032577 1196.3004466733455047
31950 1101.3016726763969473 -1831.718017578125 -1777.1962770548486787 945956.99520881578792 1196.3004466733455047
32000 1154.2515273781334599 -1833.857421875 -1776.7143121933736438 972010.09968978224788 1196.3004466733455047
32050 1215.3933295356621329 -1838.4638671875 -1778.2938325905079182 933991.82881829317193 1196.3004466733455047
32100 1153.6830984572302441 -1837.125 -1780.0100313217883468 969827.88727864355315 1196.3004466733455047
32150 1117.3470609987780335 -1832.560791015625 -1777.2446973006551616 979857.5111438841559 1196.3004466733455047
32200 1101.7032610910810035 -1832.693603515625 -1778.1519817010678253 952096.28286051936448 1196.3004466733455047
32250 1190.4877900624671838 -1833.3214111328125 -1774.3843660013224053 935376.26510918932036 1196.3004466733455047
32300 1174.8803788157283634 -1830.8797607421875 -1772.7153860309344964 954475.50231956702191 1196.3004466733455047
32350 1179.7305415374605673 -1832.24658203125 -1773.8420920818466584 974157.81070857692976 1196.3004466733455047
32400 1261.779414360525152 -1833.41748046875 -1770.9510268764377088 966606.43847625295166 1196.3004466733455047
32450 1234.4468387175968473 -1833.0029296875 -1771.8896199557750606 957634.58564412221313 1196.3004466733455047
32500 1198.9763386464230734 -1829.8524169921875 -1770.4951323797301939 971500.62560267967638 1196.3004466733455047
32550 1128.9844387229366021 -1825.895751953125 -1770.0035308205820002 980960.83739897201303 1196.3004466733455047
32600 1237.0710858547720363 -1828.6405029296875 -1767.3972755513887023 966870.0137139117578 1196.3004466733455047
32650 1251.5302967767029259 -1829.5811767578125 -1767.6221224942778463 958953.51739843760151 1196.3004466733455047
32700 1289.0197342516942172 -1827.3446044921875 -1763.5295743111662432 979054.09131049190182 1196.3004466733455047
32750 1277.4015191266032616 -1827.4298095703125 -1764.1899581310563008 976603.94378880120348 1196.3004466733455047
32800 1279.0578440110207339 -1828.580322265625 -1765.2584717539884878 957439.77766594325658 1196.3004466733455047
32850 1282.1263911700484641 -1825.8951416015625 -1762.4213776441019945 976862.57417856378015 1196.3004466733455047
32900 1185.0940571019932577 -1825.639404296875 -1766.9693847372320761 953479.10979996039532 1196.3004466733455047
32950 1345.3912280627930613 -1831.7867431640625 -1765.1809499843716367 962873.56296092015691 1196.3004466733455047
33000 1149.6699654545363956 -1827.422607421875 -1770.5063154565812056 974703.00134572177194 1196.3004466733455047
33050 1214.9462518889095008 -1833.44873046875 -1773.3008291818714497 961440.74030074826442 1196.3004466733455047
33100 1140.1435013562838776 -1831.0052490234375 -1774.560580244193261 957351.91789462429006 1196.3004466733455047
33150 1129.8430472529823874 -1831.9200439453125 -1775.9853159932054041 964754.40039958315901 1196.3004466733455047
33200 1164.1751390092376823 -1834.1328125 -1776.4984181941617862 946613.86604080896359 1196.3004466733455047
33250 1178.0995677082994462 -1834.056884765625 -1775.7331388431491632 959678.1197917831596 1196.3004466733455047
33300 1156.0981495472274219 -1833.49755859375 -1776.2630288614275287 938394.75803851068486 1196.3004466733455047
33350 1123.4892621741807943 -1829.651611328125 -1774.0314378981818209 977331.11222079396248 1196.3004466733455047
33400 1257.8589418727399334 -1835.011474609375 -1772.7391104196406104 959029.41678136202972 1196.3004466733455047
33450 1163.159652082363209 -1832.111572265625 -1774.5274513009660495 956740.93231675913557 1196.3004466733455047
33500 1194.395266800164336 -1832.337158203125 -1773.2066670449200956 963468.55070176848676 1196.3004466733455047
33550 1125.7604147492136235 -1826.97998046875 -1771.2473699160302658 948926.0830905942712 1196.3004466733455047
33600 1232.302053258885735 -1832.463623046875 -1771.4564944271551212 963178.4357108513359 1196.3004466733455047
33650 1199.099277825298941 -1830.3765869140625 -1771.0132159964837228 976035.7074985858053 1196.3004466733455047
33700 1229.0438715970187786 -1829.95947265625 -1769.1136456485710369 959677.99862152466085 1196.3004466733455047
33750 1262.0733662855664079 -1832.9876708984375 -1770.5066647353073677 965786.88009764952585 1196.3004466733455047
33800 1214.069672836107884 -1830.7177734375 -1770.6132686303060382 941584.32167717744596 1196.3004466733455047
33850 1127.1109261023163981 -1830.190673828125 -1774.3912040020613858 965457.41300098970532 1196.3004466733455047
33900 1234.6942551494341842 -1833.6260986328125 -1772.500540145971172 966358.93587514525279 1196.3004466733455047
33950 1153.0253123573675111 -1832.993896484375 -1775.9114925828691867 959362.33884019160178 1196.3004466733455047
34000 1225.9369104234140195 -1837.269775390625 -1776.5777635773890779 936969.10080942616332 1196.3004466733455047
34050 1061.7649757429655892 -1834.5556640625 -1781.9912523845648593 961991.23016900208313 1196.3004466733455047
34100 1125.4485744689893636 -1833.56494140625 -1777.8477690166284901 948641.81179028085899 1196.3004466733455047
34150 1130.6552229058765988 -1828.742431640625 -1772.7674956044795636 936588.2295032494003 1196.3004466733455047
34200 1162.17177847173798 -1831.4517822265625 -1773.9165675606993773 944816.45041874900926 1196.3004466733455047
34250 1115.4392570220600192 -1829.1142578125 -1773.8926130536776782 956562.08915098337457 1196.3004466733455047
34300 1201.230460218595681 -1829.994140625 -1770.5252620374176331 953660.93364818475675 1196.3004466733455047
34350 1188.2548468504214725 -1828.38037109375 -1769.5538714680290013 976738.41873516619671 1196.3004466733455047
34400 1251.2270491948370363 -1832.29736328125 -1770.353321785227763 960699.84759644267615 1196.3004466733455047
34450 1223.2737612653545511 -1827.493408203125 -1766.9332399446325326 965960.39262301882263 1196.3004466733455047
34500 1234.0864107461432013 -1827.26220703125 -1766.1667408757443809 983886.11499291763175 1196.3004466733455047
34550 1334.7703655617606273 -1833.7503662109375 -1767.6703762001527593 964798.13142202422023 1196.3004466733455047
34600 1235.8375822483956199 -1829.317626953125 -1768.1354661882980963 963393.94965069275349 1196.3004466733455047
34650 1230.6675925460938288 -1828.9722900390625 -1768.0460780701471322 968542.80191562464461 1196.3004466733455047
34700 1267.0212413112728882 -1829.6812744140625 -1766.9553156053621024 987519.31490303028841 1196.3004466733455047
34750 1264.0651431118396886 -1828.631103515625 -1766.0514911830896381 971442.59452458284795 1196.3004466733455047
34800 1288.371518368992156 -1832.1646728515625 -1768.3817336579943458 951713.957264375058 1196.3004466733455047
34850 1196.5628026218259947 -1829.98193359375 -1770.7441350296130622 977257.14415222569369 1196.3004466733455047
34900 1141.1243466102653201 -1829.2022705078125 -1772.7090433800631217 962062.46707188535947 1196.3004466733455047
34950 1172.5946645452781922 -1828.780029296875 -1770.7288126089463276 973139.53755381982774 1196.3004466733455047
35000 1250.0432752672618335 -1832.2738037109375 -1770.3883668793034758 965757.81733243970666 1196.3004466733455047
35050 1216.9374863620118958 -1829.3642578125 -1769.1177772062967506 949178.00098371796776 1196.3004466733455047
35100 1145.5189229558473016 -1826.150146484375 -1769.4393586671540106 980365.85228707059287 1196.3004466733455047
35150 1219.6255600915203559 -1826.70751953125 -1766.3279614386287903 961427.57778885483276 1196.3004466733455047
35200 1291.9364024257745314 -1832.3436279296875 -1768.3842033203954998 950462.20268513297196 1196.3004466733455047
35250 1180.9319284780681301 -1827.550048828125 -1769.0860822533165901 979150.74816627695691 1196.3004466733455047
35300 1283.9025578775083432 -1828.82275390625 -1765.2610579109539231 955832.60984409390949 1196.3004466733455047
35350 1260.4527750385589115 -1825.41650390625 -1763.0157277633365993 975429.19394547457341 1196.3004466733455047
35400 1257.8278966608836527 -1827.633056640625 -1765.3622293948790229 971899.82982820423786 1196.3004466733455047
35450 1165.6656667278043642 -1828.34326171875 -1770.6350764003937002 966739.24525191006251 1196.3004466733455047
35500 1236.1910781655258234 -1829.243408203125 -1768.043747044765496 972069.8831595730735 1196.3004466733455047
35550 1246.1060320741271426 -1828.7386474609375 -1767.0481302930786569 971914.93590279645287 1196.3004466733455047
35600 1194.2423819083639955 -1828.9139404296875 -1769.7910180880999178 966786.16848905559164 1196.3004466733455047
35650 1191.0813201313198988 -1829.912841796875 -1770.9464129885870989 948431.8860051803058 1196.3004466733455047
35700 1161.4911370123309098 -1829.511474609375 -1772.0099562121727104 954208.2717488395283 1196.3004466733455047
35750 1195.3604764177084689 -1828.142822265625 -1768.9645468266694479 984615.0845922823064 1196.3004466733455047
35800 1219.4475028517701958 -1828.5548095703125 -1768.184066492563943 949065.76339364238083 1196.3004466733455047
35850 1216.4342432752259811 -1828.51953125 -1768.2979645158798121 971782.57864198705647 1196.3004466733455047
35900 1241.4444439301562397 -1829.480224609375 -1768.0204869867739035 976411.33649844070897 1196.3004466733455047
35950 1249.881897057051674 -1827.0888671875 -1765.2114196481020372 989038.5611162148416 1196.3004466733455047
36000 1274.8962097791863926 -1831.6524658203125 -1768.5366438178214139 945000.59926940966398 1196.3004466733455047
36050 1240.8002406225796221 -1827.0926513671875 -1765.6648060829452334 978759.48233800486196 1196.3004466733455047
36100 1215.9321246028346195 -1829.584716796875 -1769.3880082688642688 964286.49246191175189 1196.3004466733455047
36150 1279.6045483664304356 -1830.43212890625 -1767.0832129013449503 969296.06745256646536 1196.3004466733455047
36200 1215.0975459628873523 -1823.78369140625 -1763.6283000587923198 997366.16650742350612 1196.3004466733455047
36250 1232.8083928505343465 -1827.741455078125 -1766.7092592887845512 979766.29238645697478 1196.3004466733455047
36300 1164.1937873024737655 -1828.0074462890625 -1770.3721287689675137 979014.50527173199225 1196.3004466733455047
36350 1265.0330107318882256 -1828.8944091796875 -1766.2668809776400849 946133.79017886857037 1196.3004466733455047
36400 1203.7790525063960558 -1824.846435546875 -1765.2513847297732354 956015.9311728621833 1196.3004466733455047
36450 1326.6341158663665283 -1826.743896484375 -1761.0667048218817854 951388.97097663523164 1196.3004466733455047
36500 1284.5245011743029409 -1827.4619140625 -1763.8694277470860925 985893.70360386034008 1196.3004466733455047
36550 1330.2747077346300557 -1828.201904296875 -1762.3444791796280242 963030.19534935348202 1196.3004466733455047
36600 1305.9504457746647859 -1831.222900390625 -1766.5696876448878356 954394.33826679876074 1196.3004466733455047
36650 1223.810506116169563 -1830.613525390625 -1770.0267847004279247 956584.09062547469512 1196.3004466733455047
36700 1187.7067736980238806 -1824.05859375 -1765.2592273820812352 977253.28735211852472 1196.3004466733455047
36750 1318.3483376608153321 -1827.481689453125 -1762.2146987923779307 976864.19412198953796 1196.3004466733455047
36800 1278.630935853496112 -1824.8446044921875 -1761.5438887671125485 992091.45900092867669 1196.3004466733455047
36850 1286.8611326909176569 -1825.193359375 -1761.4851942947134376 972841.55422315315809 1196.3004466733455047
36900 1303.9642681326806724 -1824.91015625 -1760.3552724768924236 956190.96473676303867 1196.3004466733455047
36950 1284.1935206810435375 -1827.1016845703125 -1763.5255839855476552 989626.03285788069479 1196.3004466733455047
37000 1312.644949076948933 -1830.287109375 -1765.302474294188869 945473.08062710333616 1196.3004466733455047
37050 1262.4571132828564259 -1829.8751220703125 -1767.3751178844499918 941748.1814561788924 1196.3004466733455047
37100 1300.8470734502902815 -1830.113525390625 -1765.7129634385501049 958782.22031001269352 1196.3004466733455047
37150 1197.4834170496224033 -1827.37744140625 -1768.0940663191679505 954011.37703022756614 1196.3004466733455047
37200 1285.7797119867655056 -1832.7850341796875 -1769.1304066000614057 971363.74256768624764 1196.3004466733455047
37250 1262.5183751576519171 -1827.8818359375 -1765.3787988823296473 973201.28751317737624 1196.3004466733455047
37300 1333.3164587492647115 -1826.62353515625 -1760.615523180133323 971919.50451130466536 1196.3004466733455047
37350 1322.5541634573635292 -1827.39306640625 -1761.9178594606694332 956392.3288784554461 1196.3004466733455047
37400 1303.4189123520518478 -1826.9278564453125 -1762.3999714020733336 966549.32703469507396 1196.3004466733455047
37450 1285.7688458632142101 -1827.0560302734375 -1763.4019406390298172 968292.58943202253431 1196.3004466733455047
37500 1240.8866530178058838 -1826.831787109375 -1765.399663838176366 985614.66661601129454 1196.3004466733455047
37550 1285.8165175161177558 -1827.0821533203125 -1763.4257036227591016 967396.04218913475052 1196.3004466733455047
37600 1407.6697432223988926 -1831.442626953125 -1761.7536340217666293 960935.39169366587885 1196.3004466733455047
37650 1210.749404349221777 -1823.7216796875 -1763.7815502021646807 990574.67305413179565 1196.3004466733455047
37700 1215.9788110612876153 -1824.892822265625 -1764.6938024481312368 975112.00004220067058 1196.3004466733455047
37750 1261.9487655506557076 -1821.512451171875 -1759.0376135719154718 968046.90479760209564 1196.3004466733455047
37800 1323.70858092427261 -1824.21533203125 -1758.6829737608800315 966589.58756790368352 1196.3004466733455047
37850 1212.7179447338123737 -1824.319091796875 -1764.281506500183923 984960.17229046800639 1196.3004466733455047
37900 1281.902295607752194 -1830.6317138671875 -1767.1690441270545762 957216.92914660240058 1196.3004466733455047
37950 1286.8298133966859496 -1828.1663818359375 -1764.4597672685356429 969343.64364449935965 1196.3004466733455047
38000 1256.9470816651642053 -1826.215576171875 -1763.9883551130958494 965315.68582723487634 1196.3004466733455047
38050 1185.8090763121538203 -1822.46240234375 -1763.7569845886691837 960862.56443547538947 1196.3004466733455047
38100 1287.9854076268163681 -1827.9425048828125 -1764.1786807330333886 960638.55778957041912 1196.3004466733455047
38150 1251.3355808823687312 -1827.8577880859375 -1765.9083735512165276 970498.94548502122052 1196.3004466733455047
38200 1299.2621560675727324 -1831.87841796875 -1767.5563199438943229 959675.14984505332541 1196.3004466733455047
38250 1246.7485239785626163 -1830.5196533203125 -1768.7973285399066299 971808.29604562348686 1196.3004466733455047
38300 1193.35815059645779 -1828.609619140625 -1769.5304721163245176 967706.69106563879177 1196.3004466733455047
38350 1221.1393729298913513 -1824.7816162109375 -1764.3271143378590295 956521.63354174222331 1196.3004466733455047
38400 1234.0027119667038278 -1825.012939453125 -1763.9216169425878888 976615.30616556073073 1196.3004466733455047
38450 1322.7192250839295866 -1826.78125 -1761.297871408632318 972948.56105642521288 1196.3004466733455047
38500 1292.8671078613599548 -1827.423095703125 -1763.4175949990431036 961601.46916409488767 1196.3004466733455047
38550 1299.2703281341009642 -1827.796142578125 -1763.4736399817502388 951418.27714030165225 1196.3004466733455047
38600 1210.6699997677494594 -1825.28662109375 -1765.350422662089386 974963.00637058622669 1196.3004466733455047
38650 1255.5516929721054566 -1826.8472900390625 -1764.6891499797402503 969520.82380521495361 1196.3004466733455047
38700 1232.6439871784018578 -1825.8673095703125 -1764.8432529526621693 939349.54851668339688 1196.3004466733455047
38750 1251.6840443529920321 -1826.033203125 -1764.0665373362417085 982255.111283334787 1196.3004466733455047
38800 1267.6252778301118269 -1824.6087646484375 -1761.8529020239491274 982165.6137359229615 1196.3004466733455047
38850 1278.8366932111171081 -1820.225830078125 -1756.9149279985376779 981508.25168378720991 1196.3004466733455047
38900 1322.6632844581818063 -1826.885986328125 -1761.405377168927771 957536.13086344243493 1196.3004466733455047
38950 1242.1732636342917431 -1825.3848876953125 -1763.8890686612480749 969780.19585525314324 1196.3004466733455047
39000 1250.8176878567655876 -1821.820556640625 -1759.8967812471687466 965879.02241145714652 1196.3004466733455047
39050 1294.804369488150769 -1823.935302734375 -1759.8338947249997091 971350.01251227897592 1196.3004466733455047
39100 1280.3392639165581386 -1822.9818115234375 -1759.5965222235702186 955906.95517808047589 1196.3004466733455047
39150 1315.3392838214670064 -1826.4072265625 -1761.289204033482747 977533.90330950147472 1196.3004466733455047
39200 1299.3140322987792388 -1824.16845703125 -1759.8437907887230267 972765.19298580393661 1196.3004466733455047
39250 1322.7218069474047297 -1823.8983154296875 -1758.4148090189457889 964836.15347131039016 1196.3004466733455047
39300 1282.1778870841783373 -1823.20166015625 -1759.7253468093372248 993256.48589331877884 1196.3004466733455047
39350 1344.8990295661474192 -1823.5086669921875 -1756.9272409040811453 970906.50900251837447 1196.3004466733455047
39400 1336.16775426826689 -1819.564453125 -1753.415283100821398 982845.60303890041541 1196.3004466733455047
39450 1467.7398878356239038 -1822.123779296875 -1749.4609156096150855 988907.51403492013924 1196.3004466733455047
39500 1445.3076677109859247 -1821.2061767578125 -1749.6538568165037759 977993.65431500319391 1196.3004466733455047
39550 1339.9057414059734583 -1816.815673828125 -1750.4814486370855775 975779.30591755709611 1196.3004466733455047
39600 1331.8603918416947636 -1817.7357177734375 -1751.7997907710284835 988945.95333596062846 1196.3004466733455047
39650 1397.0580309531624152 -1821.26513671875 -1752.1014939591070743 981243.53013853216544 1196.3004466733455047
39700 1368.9002613754860249 -1818.32861328125 -1750.5589669575674634 1018265.1858777683228 1196.3004466733455047
39750 1428.1492286504708318 -1823.4285888671875 -1752.7257255147972046 1004286.0470808389364 1196.3004466733455047
39800 1392.2072997002649117 -1824.42578125 -1755.502281874572418 996666.97472236328758 1196.3004466733455047
39850 1322.3977089584655005 -1818.976806640625 -1753.509345230899271 975507.50755547021981 1196.3004466733455047
39900 1353.9266890052501822 -1821.926025390625 -1754.8976702569327699 1005421.938938334235 1196.3004466733455047
39950 1437.4162534869653882 -1823.784912109375 -1752.6232695359105946 990247.96133599849418 1196.3004466733455047
40000 1293.3521260109564537 -1820.2489013671875 -1756.2193890463456682 999385.60346747899894 1196.3004466733455047
40050 1377.7457718103705702 -1825.6077880859375 -1757.4002303010342985 983841.81083409569692 1196.3004466733455047
40100 1454.5717835619964262 -1823.385986328125 -1751.3750311798262373 980354.62307412084192 1196.3004466733455047
40150 1367.7627378966171818 -1822.42529296875 -1754.7119616053485061 995388.13981633330695 1196.3004466733455047
40200 1345.2758720711326532 -1820.97998046875 -1754.3798981760951392 989754.55541633907706 1196.3004466733455047
40250 1314.112452036420791 -1822.866943359375 -1757.8096571444027632 970752.50492057472002 1196.3004466733455047
40300 1352.7059997651738286 -1820.7333984375 -1753.7654755211176507 986745.99089933664072 1196.3004466733455047
40350 1411.4305763412505712 -1822.7850341796875 -1752.9098550538062682 980086.42158812144771 1196.3004466733455047
40400 1395.8311643048068618 -1818.718017578125 -1749.615112858492239 994130.51243421551771 1196.3004466733455047
40450 1423.3575843395894935 -1819.848388671875 -1749.3827435079970201 986541.45274327427614 1196.3004466733455047
40500 1468.0158910217437551 -1817.7628173828125 -1745.0862897064107528 983529.50397702574264 1196.3004466733455047
40550 1374.3533496851694053 -1815.5238037109375 -1747.4841933317673011 994965.43384150078055 1196.3004466733455047
40600 1368.2975531604274693 -1816.1029052734375 -1748.3630970056919978 1007348.5895152166486 1196.3004466733455047
40650 1360.3710072668936846 -1818.43310546875 -1751.0857138196070082 981514.23772376251873 1196.3004466733455047
40700 1321.1604756910503511 -1819.080810546875 -1753.6746003935909357 993136.70141212840099 1196.3004466733455047
40750 1427.5266685572867118 -1822.606689453125 -1751.9346469563665778 977282.87424027780071 1196.3004466733455047
40800 1410.5668361388786707 -1822.3287353515625 -1752.4963170970770534 997899.97006227914244 1196.3004466733455047
40850 1399.1394219381177209 -1820.57080078125 -1751.3041153567089623 996312.08838784648106 1196.3004466733455047
40900 1357.5882479668655378 -1820.3603515625 -1753.1507249638052599 970984.89703966293018 1196.3004466733455047
40950 1372.0217860159659722 -1820.5035400390625 -1752.5793575326902101 984451.86803266801871 1196.3004466733455047
41000 1440.1502570563470726 -1821.80224609375 -1750.5052522020248489 1003089.3162614963949 1196.3004466733455047
41050 1400.8426459671902649 -1822.6402587890625 -1753.2892524732797028 998183.484310451895 1196.3004466733455047
41100 1355.9486086933607112 -1821.58642578125 -1754.4579722064775069 995374.29051163303666 1196.3004466733455047
41150 1418.929849722920153 -1821.989501953125 -1751.7430590331600797 987064.93933828314766 1196.3004466733455047
41200 1414.0470308510939503 -1822.3741455078125 -1752.3694345221185813 963248.67410511779599 1196.3004466733455047
41250 1371.7246226565357574 -1818.75537109375 -1750.845900145507585 985493.48896651668474 1196.3004466733455047
41300 1495.844536635890563 -1822.6656494140625 -1748.611419121808467 979513.1352843826171 1196.3004466733455047
41350 1408.1544501606217636 -1817.4779052734375 -1747.7649161323472526 1027717.7317561808741 1196.3004466733455047
41400 1415.888400271998762 -1822.7088623046875 -1752.6129913141874113 983629.17698215285782 1196.3004466733455047
41450 1403.2459584184427968 -1817.437255859375 -1747.9672696299912786 985954.79055693489499 1196.3004466733455047
41500 1451.3238929605131489 -1819.555908203125 -1747.7057451910914097 989503.56772837007884 1196.3004466733455047
41550 1320.814287206596191 -1817.4810791015625 -1752.0920075754047502 987732.46985646663234 1196.3004466733455047
41600 1361.5380236464570771 -1817.2503662109375 -1749.8451995072282443 991479.08598564693239 1196.3004466733455047
41650 1298.8120487379562746 -1816.106689453125 -1751.806874727788454 983628.05515056324657 1196.3004466733455047
41700 1384.7050936671448653 -1816.5927734375 -1748.0406830418626214 1002334.9109037565067 1196.3004466733455047
41750 1376.7473673371684981 -1817.445068359375 -1749.2869382208430125 997154.17290922428947 1196.3004466733455047
41800 1525.8666909259995919 -1818.81103515625 -1743.2705090135800674 1001885.6807616408914 1196.3004466733455047
41850 1479.0345823417260362 -1817.973876953125 -1744.7518509414721848 1002262.5534396226285 1196.3004466733455047
41900 1456.8346683767636023 -1818.8330078125 -1746.710024850418904 996397.35055177647155 1196.3004466733455047
41950 1386.1840087825621595 -1811.4034423828125 -1742.778135875568978 1019655.8311348087154 1196.3004466733455047
42000 1388.4733669297477263 -1818.49462890625 -1749.7559839796047072 984161.961438477505 1196.3004466733455047
42050 1421.4587241516594531 -1817.0006103515625 -1746.6289713669402772 1001915.8413274863269 1196.3004466733455047
42100 1482.2786978961348723 -1815.774658203125 -1742.3920269450866272 995681.06881511281244 1196.3004466733455047
42150 1416.558917429426856 -1815.1025390625 -1744.9734730234672497 1008871.7652719799662 1196.3004466733455047
42200 1439.7775054331971205 -1817.5191650390625 -1746.2406248260897428 1003444.6339346611639 1196.3004466733455047
42250 1355.8688219300925084 -1818.9810791015625 -1751.8565755009994973 983453.54505104909185 1196.3004466733455047
42300 1388.8896298674255831 -1820.76611328125 -1752.006860577062298 987408.49805123673286 1196.3004466733455047
42350 1291.71394327850021 -1816.2713623046875 -1752.3229508993210857 994662.56520252849441 1196.3004466733455047
42400 1386.5422245499530618 -1819.5838623046875 -1750.9408217400048215 976834.88664862688165 1196.3004466733455047
42450 1384.4798739469904376 -1820.7432861328125 -1752.2023456077761239 986948.48558063525707 1196.3004466733455047
42500 1387.933369361619043 -1823.09423828125 -1754.3823268173998713 985849.02628184226342 1196.3004466733455047
42550 1402.2582923393490546 -1818.3004150390625 -1748.8793248342867628 985883.85882013489027 1196.3004466733455047
42600 1380.2105415829153117 -1818.232421875 -1749.9028416312896752 986115.96516330027953 1196.3004466733455047
42650 1440.0889833769833785 -1817.6297607421875 -1746.3358003041744269 979963.41554987663403 1196.3004466733455047
42700 1416.8130258963951746 -1820.7999267578125 -1750.6582806635192355 989021.45663468190469 1196.3004466733455047
42750 1494.3176442375327042 -1823.810302734375 -1749.8316637475877542 979976.12784619629383 1196.3004466733455047
42800 1357.8226053472556032 -1815.7637939453125 -1748.542565101201717 981735.89447720092721 1196.3004466733455047
42850 1376.2140060368628838 -1814.30419921875 -1746.1724740037207084 997992.49461535247974 1196.3004466733455047
42900 1402.6029394956447049 -1814.775634765625 -1745.3374822396945092 1008538.2853797834832 1196.3004466733455047
42950 1542.6642896112352901 -1818.044921875 -1741.6728031363568334 993272.22824686393142 1196.3004466733455047
43000 1469.3325452066012531 -1815.992919921875 -1743.2512091266178231 1008778.9637154451339 1196.3004466733455047
43050 1539.7744035455889389 -1821.113525390625 -1744.8844751881715638 1004890.4022155692801 1196.3004466733455047
43100 1494.1097725149431881 -1820.5615234375 -1746.5931754803209515 991778.41012458945625 1196.3004466733455047
43150 1378.7049619082476966 -1814.2857666015625 -1746.0307225420747272 1012456.5751306691673 1196.3004466733455047
43200 1473.8754451613233414 -1817.6363525390625 -1744.6697380514749511 1003099.1561387890251 1196.3004466733455047
43250 1457.1539362021812849 -1817.0111083984375 -1744.8723195604854936 1001029.9378806191962 1196.3004466733455047
43300 1489.4022022362523785 -1812.608642578125 -1738.8733505869884084 978137.2664947520243 1196.3004466733455047
43350 1448.6960255633021006 -1809.51171875 -1737.7916526114345288 999603.6136772306636 1196.3004466733455047
43400 1525.4823244183260158 -1813.960205078125 -1738.438707628062275 1015301.5869468760211 1196.3004466733455047
43450 1515.0022542819931459 -1814.51171875 -1739.5090543125579643 1013355.0122452055803 1196.3004466733455047
43500 1538.5185865138184909 -1815.32763671875 -1739.160757792386903 999525.25386214314494 1196.3004466733455047
43550 1567.9782916812280291 -1819.2354736328125 -1741.6101438197579228 1006083.2845725492807 1196.3004466733455047
43600 1395.4048381955776676 -1815.591552734375 -1746.5097539860507823 1005691.8333655062597 1196.3004466733455047
43650 1424.6029250613812565 -1815.33251953125 -1744.8052217381411992 999663.59572963602841 1196.3004466733455047
43700 1525.3687216834480296 -1812.73974609375 -1737.2238727328785899 1001629.2853062434588 1196.3004466733455047
43750 1544.296351374267033 -1815.2977294921875 -1738.8448128666714183 991140.5250470736064 1196.3004466733455047
43800 1479.1417022394625747 -1816.885498046875 -1743.6581688894864328 990266.66460631240625 1196.3004466733455047
43850 1519.1568869142042786 -1817.6051025390625 -1742.3967562181157973 1000748.6130674157757 1196.3004466733455047
43900 1463.1610597840569881 -1815.8065185546875 -1743.3703372389538799 998787.6193849418778 1196.3004466733455047
43950 1470.6188316698039671 -1814.7740478515625 -1741.9686573411779591 994759.93440867809113 1196.3004466733455047
44000 1447.3330747688767133 -1810.349609375 -1738.6970183446662759 1004026.2592643750831 1196.3004466733455047
44050 1588.858594968026182 -1815.584228515625 -1736.9251851378908214 992998.71497714251745 1196.3004466733455047
44100 1453.1286877758561786 -1811.9552001953125 -1740.0156878641403182 999287.45420639158692 1196.3004466733455047
44150 1481.0142147891854165 -1818.301513671875 -1744.9814827181526198 985293.22508386545815 1196.3004466733455047
44200 1476.6376216887235842 -1816.1573486328125 -1743.0539880785995592 966758.62110697152093 1196.3004466733455047
44250 1400.6954593158873195 -1813.0947265625 -1743.7510069626189306 995764.44503566890489 1196.3004466733455047
44300 1456.7556405644850201 -1818.86181640625 -1746.7427458452684732 978778.14887539832853 1196.3004466733455047
44350 1467.2970185388637674 -1812.3280029296875 -1739.6870642112917267 999037.68434745643754 1196.3004466733455047
44400 1562.2033781414099849 -1817.7147216796875 -1740.375288406494974 983333.89563536446076 1196.3004466733455047
44450 1479.1833745347637432 -1818.056640625 -1744.8272484124761377 1008040.8072820665548 1196.3004466733455047
44500 1411.9222698644448428 -1811.931396484375 -1742.0318752664459225 1000267.3494130761828 1196.3004466733455047
44550 1444.4834266163356915 -1814.604248046875 -1743.0927335090320867 1012163.636420346098 1196.3004466733455047
44600 1473.3543671995678324 -1814.5302734375 -1741.589455766650417 992926.94959799991921 1196.3004466733455047
44650 1506.2239389573430799 -1815.3419189453125 -1740.773839365259164 1004217.6937959420029 1196.3004466733455047
44700 1481.5340509369343636 -1811.816162109375 -1738.4703958169479847 1013017.9796852640575 1196.3004466733455047
44750 1538.9780148907573221 -1813.409912109375 -1737.2202884298005756 1005710.2311724746833 1196.3004466733455047
44800 1504.1944060030905348 -1812.2657470703125 -1737.7981428385317031 1001806.3763633250492 1196.3004466733455047
44850 1553.1844307097228466 -1815.530029296875 -1738.6370937670922103 995976.47820553299971 1196.3004466733455047
44900 1475.8720680580743192 -1815.095703125 -1742.0302425553622925 1007734.7151355099631 1196.3004466733455047
44950 1466.6996174277633145 -1816.130859375 -1743.5194959756797743 1013767.4283767585875 1196.3004466733455047
45000 1543.9449917256245044 -1814.08154296875 -1737.6460209773008501 992687.70090642909054 1196.3004466733455047
45050 1495.2291916390659026 -1811.240478515625 -1737.2167118838569877 994100.01696059072856 1196.3004466733455047
45100 1523.7163792174912942 -1813.2080078125 -1737.7739363678697373 993168.7707620941801 1196.3004466733455047
45150 1482.8684577607316442 -1815.158447265625 -1741.7466189809169919 975736.30636652500834 1196.3004466733455047
45200 1483.4335585025708042 -1810.66650390625 -1737.2266993850751078 1014367.2132096774876 1196.3004466733455047
45250 1405.7429139393580044 -1810.498291015625 -1740.9046889193202787 1016248.1352337169228 1196.3004466733455047
45300 1497.9643729613692358 -1814.13232421875 -1739.9731479621366361 999863.54963636456523 1196.3004466733455047
45350 1498.201205191476447 -1812.0286865234375 -1737.857785499925285 983778.45547201042064 1196.3004466733455047
45400 1500.4592315235195201 -1814.810546875 -1740.5278585648388798 1001512.7741851011524 1196.3004466733455047
45450 1464.1269418431179474 -1810.5458984375 -1738.0618995506986266 1020605.2651332824025 1196.3004466733455047
45500 1517.3222118834773937 -1811.4755859375 -1736.3580682046247148 994144.48609279072843 1196.3004466733455047
45550 1451.2082221860705431 -1810.92041015625 -1739.0759736150889694 1027771.307930555311 1196.3004466733455047
45600 1478.1017463710347783 -1815.78466796875 -1742.608823527512186 994282.28421057120431 1196.3004466733455047
45650 1528.3909250347248872 -1816.1339111328125 -1740.4684186521169522 1009669.0209196478827 1196.3004466733455047
45700 1608.5467029325855037 -1816.39697265625 -1736.7632372931404916 1009719.5212268484756 1196.3004466733455047
45750 1569.3684442007472626 -1813.155029296875 -1735.4608777096987069 1016318.347109180293 1196.3004466733455047
45800 1511.4934424457921978 -1809.676025390625 -1734.8470704219187155 1025478.3018244762206 1196.3004466733455047
45850 1644.005964592286773 -1812.9044189453125 -1731.5152148388760907 1018001.3924640155165 1196.3004466733455047
45900 1628.3366555073318978 -1814.306640625 -1733.693171292517718 1008096.5134225061629 1196.3004466733455047
45950 1606.0105657231404166 -1808.307373046875 -1728.7991933042603705 1018875.867161703296 1196.3004466733455047
46000 1520.3555683810586743 -1802.0689697265625 -1726.8012807191137199 1047761.8154884815449 1196.3004466733455047
46050 1661.4648294906050978 -1810.8914794921875 -1728.6379457243751858 1024279.01323033683 1196.3004466733455047
46100 1617.2707925403806257 -1808.61181640625 -1728.546180718552705 1014473.3491902027745 1196.3004466733455047
46150 1646.3177365096858011 -1811.60693359375 -1730.103281437558735 1014323.158115871367 1196.3004466733455047
46200 1529.2312363528344576 -1806.0386962890625 -1730.331602822205241 1037615.3774612557609 1196.3004466733455047
46250 1688.7674128853868751 -1811.6558837890625 -1728.0506909759608334 1015054.0293183993781 1196.3004466733455047
46300 1648.2069499975752933 -1808.102294921875 -1726.5051141620911039 1015267.7451239475049 1196.3004466733455047
46350 1645.3860781095970651 -1808.604248046875 -1727.1467191635401832 1034661.1138449168066 1196.3004466733455047
46400 1557.1350630591348363 -1806.885498046875 -1729.7969800012372161 1016801.4096291722963 1196.3004466733455047
46450 1559.7065994948893604 -1805.5367431640625 -1728.320917001334692 986435.02157911332324 1196.3004466733455047
46500 1721.7860949391758822 -1810.9346923828125 -1725.6948557114278628 1016753.5739095781464 1196.3004466733455047
46550 1666.5318756030344503 -1805.8021240234375 -1723.2977378504981516 1011474.3097491548397 1196.3004466733455047
46600 1628.2158207291445251 -1807.0028076171875 -1726.3953204080287378 1028530.8807087175082 1196.3004466733455047
46650 1586.466256918542058 -1803.19580078125 -1724.6551940114079571 1039722.2621224590112 1196.3004466733455047
46700 1702.4497230862550623 -1811.328857421875 -1727.046299464382173 1018369.3015207482968 1196.3004466733455047
46750 1521.1518743458493645 -1800.1058349609375 -1724.7987235243153918 1046825.7171950716292 1196.3004466733455047
46800 1622.9833962299062478 -1806.337646484375 -1725.9891990078644994 1039780.7716420814395 1196.3004466733455047
46850 1618.7433228245436112 -1806.6495361328125 -1726.5110004250229849 1026146.3960279623279 1196.3004466733455047
46900 1664.4751125731481807 -1810.1925048828125 -1727.789942127575614 1021575.4310152031248 1196.3004466733455047
46950 1642.979753440740069 -1812.2139892578125 -1730.8755894128375985 1023286.2152528098086 1196.3004466733455047
47000 1480.4861270720632547 -1808.4495849609375 -1735.1556978533571964 1011849.4924990396248 1196.3004466733455047
47050 1594.2815556482482862 -1811.7451171875 -1732.8176012718492984 989779.1421872486826 1196.3004466733455047
47100 1484.5584226563285029 -1808.286865234375 -1734.7913724735135474 1022673.7324567816686 1196.3004466733455047
47150 1630.2118164347000402 -1809.8251953125 -1729.1188930714170056 1017458.6377695376286 1196.3004466733455047
47200 1479.8511888722621279 -1800.68408203125 -1727.4216285777145004 1036703.3999203457497 1196.3004466733455047
47250 1565.3313098281100793 -1805.9564208984375 -1728.4621342512530191 1020766.7376291294349 1196.3004466733455047
47300 1644.8523318949471559 -1807.2781982421875 -1725.8470933381695431 1035292.1457367934054 1196.3004466733455047
47350 1610.1317928593989564 -1803.5274658203125 -1723.8152579879060795 1041748.3973035227973 1196.3004466733455047
47400 1655.6589412392863778 -1803.9825439453125 -1722.016440171115164 1017299.2711339880479 1196.3004466733455047
47450 1573.8919965369163947 -1803.0096435546875 -1725.091546110680838 1023427.8902015216881 1196.3004466733455047
47500 1605.7742251197469159 -1806.34130859375 -1726.8448292792495522 1006815.1787228236208 1196.3004466733455047
47550 1600.5748850391596534 -1811.6494140625 -1732.4103365823918921 1023982.9211977262748 1196.3004466733455047
47600 1534.8126030628643548 -1807.4793701171875 -1731.4959619628295968 1022801.6331971107284 1196.3004466733455047
47650 1548.381622640408068 -1812.45556640625 -1735.800401745099407 1017778.7791184459347 1196.3004466733455047
47700 1607.7200371460817223 -1813.453857421875 -1733.8610475005673379 1001723.2912244040053 1196.3004466733455047
47750 1590.3275018386166266 -1811.05126953125 -1732.3195055164385394 1026026.3130928310566 1196.3004466733455047
47800 1575.1763379594676735 -1806.05322265625 -1728.0715417895346491 1035414.9855421328684 1196.3004466733455047
47850 1624.1013782187280867 -1804.97607421875 -1724.572279215384242 1000148.9323506309884 1196.3004466733455047
47900 1629.0294510397475278 -1805.7125244140625 -1725.0647571056565539 1007745.6421808667947 1196.3004466733455047
47950 1600.8253412288795516 -1808.485595703125 -1729.2341189797148218 1017542.8132901253412 1196.3004466733455047
48000 1603.2632997316966339 -1809.954345703125 -1730.5821738566664862 1000836.0298959962092 1196.3004466733455047
48050 1590.827026350703818 -1809.544189453125 -1730.7876956603529379 1042821.7952716875589 1196.3004466733455047
48100 1622.2064885042473179 -1809.834228515625 -1729.524243126733154 1002635.0355736122001 1196.3004466733455047
48150 1509.2876174302289201 -1806.3895263671875 -1731.6697743735805943 1016181.4515339978971 1196.3004466733455047
48200 1618.959889100387727 -1809.4327392578125 -1729.2834820823354676 997060.82932558807079 1196.3004466733455047
48250 1548.4484797623870236 -1808.099853515625 -1731.4413789833035935 1001882.8996721566655 1196.3004466733455047
48300 1519.4700073610283653 -1805.7236328125 -1730.4997849517137638 1008777.5105269392952 1196.3004466733455047
48350 1577.51192980928613 -1813.876953125 -1735.7796449638171907 1010827.8831245711772 1196.3004466733455047
48400 1451.616641080962836 -1811.049072265625 -1739.1844162790889641 1009809.1879521795781 1196.3004466733455047
48450 1529.4383518670144895 -1817.7708740234375 -1742.0535269643060019 997634.28777793771587 1196.3004466733455047
48500 1522.0714569837282397 -1814.39208984375 -1739.0394529646300725 1003683.8409573341487 1196.3004466733455047
48550 1582.6301839176499016 -1811.5533447265625 -1733.2026490246614685 1011716.8102237837156 1196.3004466733455047
48600 1552.6289729597838232 -1807.917236328125 -1731.0517996427236085 1020222.0530599293998 1196.3004466733455047
48650 1533.9792116591354443 -1805.7230224609375 -1729.7808727110621021 1026565.8686811630614 1196.3004466733455047
48700 1664.466275310697938 -1807.8582763671875 -1725.456151115081866 1024408.3590259277262 1196.3004466733455047
48750 1675.7235848490711305 -1810.5001220703125 -1727.5406852977857852 1009882.6142611622345 1196.3004466733455047
48800 1566.9433691020708466 -1803.8974609375 -1726.3233666593787348 1030503.3859073981876 1196.3004466733455047
48850 1710.2767367799640397 -1812.170166015625 -1727.5001189438701203 994321.41268852236681 1196.3004466733455047
48900 1607.9535222095960307 -1808.49951171875 -1728.8951427375000094 1012670.7055907929316 1196.3004466733455047
48950 1567.0787919030804005 -1810.1104736328125 -1732.5296750274385431 1023575.3106075885007 1196.3004466733455047
49000 1587.8285858918575286 -1810.70654296875 -1732.0984918749472854 1009068.0404416110832 1196.3004466733455047
49050 1610.095504082548814 -1811.0543212890625 -1731.3439099919055479 1017171.9556873181136 1196.3004466733455047
49100 1619.6825432607602124 -1810.633056640625 -1730.4480232890127809 1010845.7188588428544 1196.3004466733455047
49150 1664.6284013885779132 -1808.762939453125 -1726.3527878843710823 1019696.4247505015228 1196.3004466733455047
49200 1657.1651108660882983 -1807.238525390625 -1725.1978562256597343 1026924.7550960143562 1196.3004466733455047
49250 1578.6355605168839702 -1808.0645751953125 -1729.9116398582127658 1008303.3290629220428 1196.3004466733455047
49300 1636.9316530188141314 -1808.7886962890625 -1727.749717547354976 1005872.2638074308634 1196.3004466733455047
49350 1630.0402996536308819 -1810.0091552734375 -1729.311344251123046 998155.66710240521934 1196.3004466733455047
49400 1601.846299357333919 -1801.985595703125 -1722.6835747777529377 1003547.259882854647 1196.3004466733455047
49450 1613.1744196622964864 -1801.7470703125 -1721.8842322638936366 1036406.2208716451423 1196.3004466733455047
49500 1652.0834623457365069 -1803.82568359375 -1722.0365897499987113 1027642.7407703093486 1196.3004466733455047
49550 1595.5598945606902817 -1801.821044921875 -1722.8302427475957757 1019166.4243322249968 1196.3004466733455047
49600 1701.9574039130693563 -1804.80859375 -1720.5504088583809335 1013608.1126949109603 1196.3004466733455047
49650 1664.8673529346369833 -1802.8092041015625 -1720.3872228457071287 1034198.6444226815365 1196.3004466733455047
49700 1684.1037351603315528 -1804.0550537109375 -1720.6807438912228463 1042741.4309605119051 1196.3004466733455047
49750 1717.7939945154812449 -1806.636474609375 -1721.5942733986853455 994584.31827197025996 1196.3004466733455047
49800 1684.6499234352372696 -1800.955810546875 -1717.5544607833010105 1024411.6175383181544 1196.3004466733455047
49850 1624.672213221165066 -1800.66162109375 -1720.2295659699680073 1023467.5454704769654 1196.3004466733455047
49900 1640.4137721143654289 -1804.6578369140625 -1723.4464701714020975 1032710.5849420239683 1196.3004466733455047
49950 1666.0075853076887142 -1805.9775390625 -1723.4991087381267789 1017344.1184720213059 1196.3004466733455047
50000 1658.8798598623491216 -1804.521484375 -1722.3959237564426985 1034024.2019925077911 1196.3004466733455047
50050 1677.4334140908320023 -1804.59375 -1721.5496653343743674 1024835.0768575224793 1196.3004466733455047
50100 1686.5967493815244325 -1800.9854736328125 -1717.4877430666656437 1021326.23659840459 1196.3004466733455047
50150 1748.4197121737929592 -1804.554443359375 -1717.9960659065773143 1044265.8418405876728 1196.3004466733455047
50200 1681.7832629736087711 -1804.319580078125 -1721.060149029227432 1041429.8563213049201 1196.3004466733455047
50250 1660.9413678927260207 -1805.7142333984375 -1723.4866144531679311 1039921.8514958762098 1196.3004466733455047
50300 1622.2206676495816282 -1808.187255859375 -1727.8765685087028032 1026793.8562303329818 1196.3004466733455047
50350 1610.0835456173745115 -1806.0958251953125 -1726.3860059215326146 1023708.6537275237497 1196.3004466733455047
50400 1654.9745057953095966 -1809.4239501953125 -1727.4917305171873068 1015609.8543786939699 1196.3004466733455047
50450 1618.8925775851207618 -1809.3837890625 -1729.237864253676662 1003660.2570041897707 1196.3004466733455047
50500 1500.6847456211737608 -1803.980712890625 -1729.6868601362234585 1024341.333285500994 1196.3004466733455047
50550 1571.3172247811507987 -1807.522216796875 -1729.7315876397669854 1015841.7961518744705 1196.3004466733455047
50600 1584.8138735713146161 -1807.7508544921875 -1729.2920516624808442 1029964.7853375512641 1196.3004466733455047
50650 1657.010910674714296 -1808.671875 -1726.6388397677085322 1005470.2587449394632 1196.3004466733455047
50700 1671.7872469626599923 -1804.738525390625 -1721.9739634631835088 1040752.5652295701439 1196.3004466733455047
50750 1792.6428423067441145 -1803.8028564453125 -1715.055140606805935 1037943.8781162968371 1196.3004466733455047
50800 1743.2641089683736482 -1798.3173828125 -1712.0142419285562028 1059543.3051891648211 1196.3004466733455047
50850 1692.8751946915720055 -1798.8568115234375 -1715.0482562535996749 1037686.0769235211192 1196.3004466733455047
50900 1629.9513879064163575 -1798.512939453125 -1717.8195301522746377 1050654.5612979498692 1196.3004466733455047
50950 1791.9773575737435749 -1801.81494140625 -1713.1001714778742553 1040983.2005864947569 1196.3004466733455047
51000 1644.7945864694595457 -1799.7901611328125 -1718.3619150105278095 1027457.5860204059863 1196.3004466733455047
51050 1766.3848388597780286 -1802.9952392578125 -1715.5474688258318565 1035490.2659462119918 1196.3004466733455047
51100 1870.5769021695443826 -1804.5921630859375 -1711.9861941500405464 1023879.7970320739551 1196.3004466733455047
51150 1866.7541396232659281 -1797.449951171875 -1705.0332343480934014 1020922.7628501335857 1196.3004466733455047
51200 1891.4535170648709936 -1798.6641845703125 -1705.0246846695879412 1039141.8473317301832 1196.3004466733455047
51250 1889.4561040407761539 -1798.51904296875 -1704.9784282666223589 1065443.769232763676 1196.3004466733455047
51300 1665.3027944545808623 -1794.5653076171875 -1712.1217691167075827 1036316.8865510533797 1196.3004466733455047
51350 1809.9394829957566344 -1797.6378173828125 -1708.0338030577352129 1028599.3867406845093 1196.3004466733455047
51400 1630.2322056218861235 -1792.778564453125 -1712.0712528119831859 1040118.5405022237683 1196.3004466733455047
51450 1746.9187675799241788 -1802.118896484375 -1715.6348257485442446 1038978.6856581183383 1196.3004466733455047
51500 1700.7293608675611267 -1799.4261474609375 -1715.2287588487936318 1066581.063057477586 1196.3004466733455047
51550 1721.0820801653844683 -1802.896240234375 -1717.6912569658077246 1027236.1205457869219 1196.3004466733455047
51600 1729.7832544617117492 -1801.811767578125 -1716.1760184449428834 1037282.9341475394322 1196.3004466733455047
51650 1703.3153164450898203 -1802.2977294921875 -1717.9723189197572992 1042849.9220581453992 1196.3004466733455047
51700 1718.0455591683646617 -1806.23583984375 -1721.1811845134764098 1032216.9906790580135 1196.3004466733455047
51750 1651.1429968681102309 -1801.763671875 -1720.021137312882729 1032110.5457738779951 1196.3004466733455047
51800 1765.0543811776494749 -1807.0908203125 -1719.708916364083052 1021612.7344576832838 1196.3004466733455047
51850 1719.6517120565686128 -1808.3565673828125 -1723.2223968268892804 1041122.9787953104824 1196.3004466733455047
51900 1640.1164988462221572 -1807.198974609375 -1726.0023248660547779 1024193.5925395141821 1196.3004466733455047
51950 1601.1981550700518255 -1804.217041015625 -1724.947107533257622 1037207.3479058281519 1196.3004466733455047
52000 1725.5354585238658274 -1808.964111328125 -1723.5386562802648314 1013803.3449939407874 1196.3004466733455047
52050 1541.2809463336600402 -1798.348876953125 -1722.0452428859446172 1030205.7479374972172 1196.3004466733455047
52100 1725.3657025038428401 -1806.709716796875 -1721.292665798428061 1015289.6660680712666 1196.3004466733455047
52150 1710.5428911505916858 -1802.28515625 -1717.6019327708224864 1032313.6359096827218 1196.3004466733455047
52200 1751.9775404733952655 -1804.512939453125 -1717.7784258914030033 1043542.4885961709078 1196.3004466733455047
52250 1716.8634495191813585 -1803.8016357421875 -1718.8055026834786077 1042361.0785300353309 1196.3004466733455047
52300 1783.5896494334469935 -1804.060546875 -1715.7610241564998432 1029572.2479100023629 1196.3004466733455047
52350 1713.9469452120472397 -1803.23974609375 -1718.3879993508105599 1035731.8297862679465 1196.3004466733455047
52400 1706.3620472806160251 -1801.203125 -1716.7268810345221937 1021090.8422461029841 1196.3004466733455047
52450 1691.3198455686708712 -1796.4598388671875 -1712.7282836995068465 1025867.1911372804316 1196.3004466733455047
52500 1774.8324266673262173 -1802.056396484375 -1714.1904144016559712 1025986.560356343165 1196.3004466733455047
52550 1711.0986821412361678 -1802.40869140625 -1717.6979525850649679 1053763.5675731315278 1196.3004466733455047
52600 1636.4598193381161764 -1802.2930908203125 -1721.2774709766683827 1016475.7259875410236 1196.3004466733455047
52650 1687.7228146280699548 -1804.013671875 -1720.4601936071037471 1020454.5230222936952 1196.3004466733455047
52700 1675.4124797819652031 -1806.794677734375 -1723.8506427270187942 1021690.8237573765218 1196.3004466733455047
52750 1634.4199941549704818 -1806.781494140625 -1725.8668591788780304 1044165.920548684313 1196.3004466733455047
52800 1647.9282634910566685 -1806.606689453125 -1725.0233055246478671 1024364.8032452163752 1196.3004466733455047
52850 1663.7652675141985128 -1802.6033935546875 -1720.2359728400701897 1028223.050521855941 1196.3004466733455047
52900 1721.8164228360876677 -1802.364501953125 -1717.1231638496012692 1023486.1715400011744 1196.3004466733455047
52950 1732.318069548607582 -1801.9580078125 -1716.1967685126624019 1022274.1725840686122 1196.3004466733455047
53000 1671.9647170362009092 -1793.38037109375 -1710.6070232200593182 1044747.3117534649791 1196.3004466733455047
53050 1754.5889018305165337 -1796.5859375 -1709.7221442233208109 1042004.9652224229649 1196.3004466733455047
53100 1772.4873723381995205 -1797.144775390625 -1709.3948890578878945 1050302.5119584163185 1196.3004466733455047
53150 1740.3244529424966913 -1800.32666015625 -1714.1690517517774879 1028289.7219616619404 1196.3004466733455047
53200 1663.1308588708534444 -1802.767578125 -1720.4315648478691401 1021652.9861565714236 1196.3004466733455047
53250 1640.7894195909966584 -1803.87744140625 -1722.6474776208742696 1040354.3488151603378 1196.3004466733455047
53300 1831.2711851484732506 -1811.87353515625 -1721.2134600273570868 1032248.5269879674306 1196.3004466733455047
53350 1719.7317912241201157 -1802.75244140625 -1717.6143064001648781 1048077.5277525908314 1196.3004466733455047
53400 1806.9286685773274712 -1801.281005859375 -1711.8260468263745224 1048210.8147546931868 1196.3004466733455047
53450 1751.8644185557907349 -1795.78759765625 -1709.0586843800738279 1052925.6083698235452 1196.3004466733455047
53500 1830.5843569882956672 -1798.2510986328125 -1707.6250260553206317 1048304.3027337254025 1196.3004466733455047
53550 1757.011399069831441 -1798.536865234375 -1711.5531422697845301 1059459.0640305245761 1196.3004466733455047
53600 1673.1678957395790803 -1796.4910888671875 -1713.6581756639452578 1064339.7776040190365 1196.3004466733455047
53650 1703.6910336722389729 -1795.65625 -1711.3122389317411489 1024302.5486571111251 1196.3004466733455047
53700 1721.990901567592573 -1797.871826171875 -1712.6218502133822312 1034868.3295820403146 1196.3004466733455047
53750 1813.4227053695790346 -1805.3277587890625 -1715.5513018434371588 1020169.3373740086099 1196.3004466733455047
53800 1712.871474505450351 -1799.77880859375 -1714.9803047871105264 1043192.1338681698544 1196.3004466733455047
53850 1755.2677251898057875 -1810.162841796875 -1723.2654422595546748 1010434.3289485235 1196.3004466733455047
53900 1568.1760448827228629 -1799.4703369140625 -1721.835217005335835 1044557.8192931400845 1196.3004466733455047
53950 1686.5727295901842808 -1801.721923828125 -1718.2253824010335848 1035865.3876979342895 1196.3004466733455047
54000 1766.9832464944047388 -1803.9490966796875 -1716.4717010990380004 1049212.497980928747 1196.3004466733455047
54050 1639.4880244802150173 -1802.884521484375 -1721.7189853924357976 1049106.4225974811707 1196.3004466733455047
54100 1703.4105314808700768 -1805.9208984375 -1721.5907740889958859 1026972.7345791365951 1196.3004466733455047
54150 1671.153572828733104 -1802.54150390625 -1719.8083130532047562 1032682.0330238469178 1196.3004466733455047
54200 1686.1470556377012144 -1797.8980712890625 -1714.4226035471933756 1042624.9947849535383 1196.3004466733455047
54250 1755.1128589014410863 -1803.428466796875 -1716.5387341684495368 1028451.2526922083925 1196.3004466733455047
54300 1796.3937568356350312 -1805.947509765625 -1717.0140987686138487 1010018.3671113379532 1196.3004466733455047
54350 1673.0150703236074605 -1801.321533203125 -1718.496185872051683 1006261.5706253749086 1196.3004466733455047
54400 1726.1551342183588531 -1806.569580078125 -1721.1134469715077557 1031350.3692260187818 1196.3004466733455047
54450 1658.1628133772844649 -1803.36962890625 -1721.2795668466906136 1010157.7699090881506 1196.3004466733455047
54500 1621.3604721834972224 -1802.4464111328125 -1722.1783091655686349 1008273.1871819187654 1196.3004466733455047
54550 1745.6095712689466382 -1805.6614990234375 -1719.2422421922181002 1033069.3857510082889 1196.3004466733455047
54600 1733.4154400487511793 -1806.3551025390625 -1720.5395361178273106 1026312.0873600522755 1196.3004466733455047
54650 1629.0418393320799169 -1801.787841796875 -1721.1394611857956534 1022472.122508445289 1196.3004466733455047
54700 1685.030745045537742 -1797.339599609375 -1713.9193966491361607 1027646.8056694575353 1196.3004466733455047
54750 1677.007749772324587 -1799.5277099609375 -1716.5046985035885427 1045449.0195902640698 1196.3004466733455047
54800 1851.2420989942938832 -1802.7684326171875 -1711.1196647352285254 1034188.790154531016 1196.3004466733455047
54850 1638.2513463474140281 -1797.845458984375 -1716.741146666030545 1040803.7891806437401 1196.3004466733455047
54900 1806.6309466174473073 -1796.0450439453125 -1706.6048241248704471 1053385.4420783589594 1196.3004466733455047
54950 1961.0545312063388792 -1802.390625 -1705.3054130593075115 1021380.2574890261749 1196.3004466733455047
55000 1706.4700956775627674 -1794.3857421875 -1709.9041491094142202 1072588.0182328263763 1196.3004466733455047
55050 1854.433004771905189 -1799.2640380859375 -1707.4572991946199636 1058327.1040232479572 1196.3004466733455047
55100 1759.7323925256537223 -1797.99072265625 -1710.8722924603489446 1030959.61493053101 1196.3004466733455047
55150 1775.3278349756860734 -1799.3453369140625 -1711.4548288327805494 1034162.1240565058542 1196.3004466733455047
55200 1883.347704083802455 -1803.6846923828125 -1710.4464840110565547 1040927.3165184042882 1196.3004466733455047
55250 1810.4923438682783399 -1799.330810546875 -1709.6994259400803458 1028539.7108495072462 1196.3004466733455047
55300 1848.992122258823656 -1799.48291015625 -1707.9455310524963352 1032806.9264144556364 1196.3004466733455047
55350 1835.6240180847910324 -1798.3258056640625 -1707.4502364214465615 1035245.6669147772482 1196.3004466733455047
55400 1691.7394847238124385 -1797.0830078125 -1713.3306777221096127 1049096.7787240857724 1196.3004466733455047
55450 1817.9066242479170796 -1795.8212890625 -1705.8228483791961025 1059721.5751602966338 1196.3004466733455047
55500 1865.1854710938252992 -1799.177734375 -1706.8386770523807172 1044728.5971809526673 1196.3004466733455047
55550 1881.060218112853363 -1796.4537353515625 -1703.3287727140618699 1040629.1500525088049 1196.3004466733455047
55600 1784.1936048871132243 -1797.1217041015625 -1708.7922815805384289 1046822.7223963929573 1196.3004466733455047
55650 1770.5299198418965716 -1799.279541015625 -1711.6265615701995557 1017214.0280353660928 1196.3004466733455047
55700 1764.6453668380052022 -1799.341796875 -1711.9801418504243884 1030448.2582236444578 1196.3004466733455047
55750 1852.3591682954406679 -1800.0291748046875 -1708.3251045799693202 1051004.0759675407317 1196.3004466733455047
55800 1865.9941431106285563 -1792.353515625 -1699.9744236715773695 1076246.7290156322997 1196.3004466733455047
55850 1928.0303128105920223 -1792.1883544921875 -1696.7380604954414594 1054959.6502666322049 1196.3004466733455047
55900 1836.3721520561039142 -1786.5244140625 -1695.6118072240349193 1033651.0981602065731 1196.3004466733455047
55950 1867.2297925029786256 -1790.8232421875 -1698.3829773899612974 1034126.0325971458806 1196.3004466733455047
56000 1941.2037726282378571 -1796.41357421875 -1700.3111065480768502 1087849.7436314676888 1196.3004466733455047
56050 1708.1035523717619071 -1790.349853515625 -1705.7873934923172783 1081032.3303183002863 1196.3004466733455047
56100 1801.074211621490349 -1799.6806640625 -1710.5155394962673654 1033193.869155683089 1196.3004466733455047
56150 1809.4587486798209284 -1803.3011474609375 -1713.7209326744284681 1015215.9489668904571 1196.3004466733455047
56200 1742.9605388865682016 -1799.45166015625 -1713.1635480057054792 1045256.3738550846465 1196.3004466733455047
56250 1824.2784962802886639 -1798.4593505859375 -1708.1454599562514431 1033590.9154051374644 1196.3004466733455047
56300 1825.5747745040162044 -1800.540771484375 -1710.1627064811148102 1051085.3137419947889 1196.3004466733455047
56350 1678.3713635212131976 -1801.157470703125 -1718.066951316899349 1043055.3715991786448 1196.3004466733455047
56400 1811.3481823135450668 -1802.665771484375 -1712.9920171955936894 1032843.0497574043693 1196.3004466733455047
56450 1768.0186465744982343 -1795.95166015625 -1708.4230054012023174 1012419.3460058621131 1196.3004466733455047
56500 1815.2189646662059204 -1792.480712890625 -1702.6153291906750837 1065913.9008512333967 1196.3004466733455047
56550 1973.32624546793636 -1800.7808837890625 -1703.0881405630314021 1058086.0057308543473 1196.3004466733455047
56600 1912.4334100173887236 -1797.05615234375 -1702.3780085290618445 1050883.5444880654104 1196.3004466733455047
56650 1881.6871701893167028 -1792.4427490234375 -1699.2867480979894026 1057501.1359013826586 1196.3004466733455047
56700 2011.4207317089260414 -1794.3880615234375 -1694.8093884511806664 1057548.1141277919523 1196.3004466733455047
56750 1873.0783421277526486 -1787.254150390625 -1694.5243435784043413 1084945.6533095599152 1196.3004466733455047
56800 1816.0192232618794606 -1787.2374267578125 -1697.3324249472327665 1059037.9644249805715 1196.3004466733455047
56850 1968.7017149341995719 -1794.8997802734375 -1697.4359819950605015 1081796.7642840344924 1196.3004466733455047
56900 1929.4621634466564046 -1796.58251953125 -1701.0613394269237233 1073720.5987659534439 1196.3004466733455047
56950 1950.9781930780893617 -1791.18603515625 -1694.5996688148002249 1054287.1463118284009 1196.3004466733455047
57000 1829.7953441475340242 -1789.63818359375 -1699.0511723873980827 1087038.8953408452217 1196.3004466733455047
57050 1801.3348601297043388 -1787.5628662109375 -1698.3848378140060049 1054143.7850927324034 1196.3004466733455047
57100 1820.572563119199458 -1788.646484375 -1698.5160620276369627 1038312.9345136944903 1196.3004466733455047
57150 1858.9128245617519042 -1792.91357421875 -1700.8850545218340358 1061349.7478046366014 1196.3004466733455047
57200 1801.0004160359412708 -1794.1346435546875 -1704.9731723596128177 1039826.7700516068144 1196.3004466733455047
57250 1873.9104130863838691 -1788.936279296875 -1696.1652794509661817 1055275.8833634487819 1196.3004466733455047
57300 1837.7996017916889286 -1791.52294921875 -1700.5396741464808201 1065385.8705857542809 1196.3004466733455047
57350 1971.6003451095391483 -1801.591552734375 -1703.9842530283567612 1037361.0740905517014 1196.3004466733455047
57400 1858.0611342467477698 -1796.0347900390625 -1704.0484346641601405 1034861.9994297646917 1196.3004466733455047
57450 1862.5762501469837389 -1796.6116943359375 -1704.4018107637637058 1059498.1870314958505 1196.3004466733455047
57500 1911.888568039149277 -1802.6307373046875 -1707.979566783240216 1029641.4240887619089 1196.3004466733455047
57550 1758.35310802055983 -1793.92626953125 -1706.8761230706415972 1039917.6439594638068 1196.3004466733455047
57600 1870.5042117047139527 -1793.03466796875 -1700.4322976932021447 1085652.2434673050884 1196.3004466733455047
57650 1832.2708581714505272 -1790.49072265625 -1699.781157079354216 1054406.1365542274434 1196.3004466733455047
57700 1866.37582664393085 -1797.3123779296875 -1704.9143901086920323 1040731.7235007352429 1196.3004466733455047
57750 1727.9794187766265168 -1794.95361328125 -1709.4071659838944015 1040398.0412707957439 1196.3004466733455047
57800 1756.0701431019551819 -1797.7447509765625 -1710.8076264281187377 1045746.0912881741533 1196.3004466733455047
57850 1901.9691618957901937 -1801.087158203125 -1706.9270641063405947 1066736.5907718259841 1196.3004466733455047
57900 1793.3254340299658907 -1794.1146240234375 -1705.3331153652702596 1058791.6832592375576 1196.3004466733455047
57950 1961.8777435557840363 -1796.7802734375 -1699.6543070230554804 1054144.4944294060115 1196.3004466733455047
58000 1925.2887915958251597 -1796.66748046875 -1701.3529099635948114 1069745.1902886352036 1196.3004466733455047
58050 1827.3799638563227745 -1794.574462890625 -1704.1070290360285071 1034787.0406158855185 1196.3004466733455047
58100 1859.1378523434761973 -1789.265869140625 -1697.2262090753338271 1043963.6564803326037 1196.3004466733455047
58150 1834.06544989138456 -1791.49462890625 -1700.6962191311413335 1060206.5664614429697 1196.3004466733455047
58200 1806.465630419827221 -1789.2974853515625 -1699.8654497798640932 1076213.7827079496346 1196.3004466733455047
58250 1810.703827443552882 -1793.0487060546875 -1703.4068516076099513 1051937.2616941176821 1196.3004466733455047
58300 1886.5770470550726259 -1796.395751953125 -1702.9976696758728849 1055037.7999426356982 1196.3004466733455047
58350 1903.2283491407938527 -1792.3424072265625 -1698.1199750057694473 1077123.7099576815963 1196.3004466733455047
58400 1903.1107408770556049 -1791.840576171875 -1697.623966340530842 1047010.4137830203399 1196.3004466733455047
58450 1791.0196188014685958 -1788.510009765625 -1699.8426542615861763 1065292.9819516534917 1196.3004466733455047
58500 1998.5323015684232359 -1794.8656005859375 -1695.9249903272648226 1064611.2735588846263 1196.3004466733455047
58550 1972.430816512455749 -1796.9327392578125 -1699.284325706727941 1082831.315588516416 1196.3004466733455047
58600 1852.1568111328674604 -1788.060546875 -1696.3664946725773461 1090768.4575147302821 1196.3004466733455047
58650 1979.8346828580984038 -1793.2821044921875 -1695.2671504283794093 1051050.4525860142894 1196.3004466733455047
58700 1747.2572674271009419 -1788.58203125 -1702.0812025256063862 1059188.6999058437068 1196.3004466733455047
58750 1856.2589972783025587 -1793.464599609375 -1701.567461972553474 1049713.5032787953969 1196.3004466733455047
58800 1798.5626650769713706 -1794.37451171875 -1705.3337253719259934 1073325.4114519245923 1196.3004466733455047
58850 1958.2752574215051027 -1795.8330078125 -1698.8853883661251984 1047046.809084731387 1196.3004466733455047
58900 1825.1278091303131532 -1788.7535400390625 -1698.3976027876549324 1074647.6812607937027 1196.3004466733455047
58950 1858.1719091811660292 -1792.2811279296875 -1700.289288460480293 1071663.2811042389367 1196.3004466733455047
59000 1932.5587152144426 -1799.470947265625 -1703.7964673015158041 1049670.151012705639 1196.3004466733455047
59050 1659.9359891976801009 -1790.5859375 -1708.4080914713606489 1059740.4783294890076 1196.3004466733455047
59100 1759.593746005848061 -1792.837158203125 -1705.725591929948223 1043028.1420619175769 1196.3004466733455047
59150 1952.8633589994121849 -1797.40869140625 -1700.728996842610286 1052188.2109616089147 1196.3004466733455047
59200 1814.6194576856828462 -1793.65087890625 -1703.8151747798856377 1063271.0557483234443 1196.3004466733455047
59250 1886.0208940892173359 -1796.5848388671875 -1703.2142898521178722 1042482.4902569076512 1196.3004466733455047
59300 1912.437089830190871 -1794.9136962890625 -1700.2353702992231774 1068298.4915296211839 1196.3004466733455047
59350 1901.0363528970260631 -1790.265625 -1696.1517111383413976 1034726.5197067189729 1196.3004466733455047
59400 1890.1331204298494413 -1793.452392578125 -1699.8782610723721973 1044900.4456191408681 1196.3004466733455047
59450 2044.9459162164525878 -1793.6885986328125 -1692.4502064698979211 1055459.083185253432 1196.3004466733455047
59500 1914.6776076013179591 -1791.2662353515625 -1696.4769888650182565 1042489.5168442168506 1196.3004466733455047
59550 1822.5056684802827931 -1783.39892578125 -1693.1728018913249798 1065807.5460778700653 1196.3004466733455047
59600 1904.1939426174174059 -1793.89892578125 -1699.6286902761348756 1031731.8500164145371 1196.3004466733455047
59650 1962.5477781610502461 -1789.665283203125 -1692.506145629681896 1049541.7127351984382 1196.3004466733455047
59700 1950.2966692055388194 -1785.5701904296875 -1689.0175640422044125 1063219.5606685539242 1196.3004466733455047
59750 1959.3497396078507791 -1787.631103515625 -1690.6302900712619248 1049435.938347288873 1196.3004466733455047
59800 1904.7793098216720864 -1788.0948486328125 -1693.7956335668620795 1076781.1531753281597 1196.3004466733455047
59850 2084.0339241270680759 -1791.7857666015625 -1688.6122586772278282 1074098.9452769553754 1196.3004466733455047
59900 1905.1868098843856387 -1780.6654052734375 -1686.3460162504018172 1065929.1553453323431 1196.3004466733455047
59950 1969.3164951786186521 -1782.368408203125 -1684.8741742232534762 1088842.8219882026315 1196.3004466733455047
60000 1976.9138086383102291 -1790.824951171875 -1692.9545997635093499 1069158.3259412043262 1196.3004466733455047
60050 1881.5787987175838225 -1785.8154296875 -1692.6647938690055071 1064944.5426509897225 1196.3004466733455047
60100 1909.5714174108593397 -1783.5537109375 -1689.0172547476872751 1069559.6815442512743 1196.3004466733455047
60150 1909.0894097314765077 -1784.0308837890625 -1689.51829017775799 1087079.83449122007 1196.3004466733455047
60200 1983.6801957517557184 -1791.068115234375 -1692.8627827652953783 1053839.2027899781242 1196.3004466733455047
60250 1872.6215995452357674 -1786.42822265625 -1693.7210276325952236 1053297.4115860203747 1196.3004466733455047
60300 1970.0439382575168565 -1793.7301025390625 -1696.1998552998115883 1053329.6666615109425 1196.3004466733455047
60350 1945.2435966634873239 -1793.4669189453125 -1697.1644531785007075 1062725.1995573418681 1196.3004466733455047
60400 1876.288943329508129 -1785.9639892578125 -1693.0752363820481605 1072542.7275388047565 1196.3004466733455047
60450 1907.3421896152781301 -1793.9688720703125 -1699.5427774485001464 1044444.2963427902432 1196.3004466733455047
60500 1900.8146972216034101 -1791.39404296875 -1697.2911025338287345 1055831.9812518502586 1196.3004466733455047
60550 1985.6736015598551148 -1791.8980712890625 -1693.5940520051678959 1053373.1801175421569 1196.3004466733455047
60600 1886.8124317635893021 -1781.84716796875 -1688.4374325865228457 1062150.7106010189746 1196.3004466733455047
60650 2042.1836573739624328 -1784.23828125 -1683.1366392288539373 1077049.158962378744 1196.3004466733455047
60700 1937.8441255433986043 -1779.6514892578125 -1683.7153464108946537 1077656.2070456019137 1196.3004466733455047
60750 1964.9016789035320016 -1789.8778076171875 -1692.6021363376007685 1048307.7100585165899 1196.3004466733455047
60800 1948.1239562135253891 -1788.6903076171875 -1692.2452449399222587 1079938.9403780431021 1196.3004466733455047
60850 1785.9895890670959488 -1782.232666015625 -1693.8143303603758341 1055431.6008979321923 1196.3004466733455047
60900 1809.5433088386000691 -1788.9937744140625 -1699.4093733385918767 1041906.1891569514992 1196.3004466733455047
60950 1900.3334349101783118 -1796.515869140625 -1702.4367543835521701 1057330.500115821138 1196.3004466733455047
61000 1973.3843310194174592 -1796.2969970703125 -1698.6013782240543151 1053915.7878419433255 1196.3004466733455047
61050 1775.1761701036639352 -1783.042236328125 -1695.1592366643858441 1050693.1574990872759 1196.3004466733455047
61100 1879.2833191118868399 -1790.201416015625 -1697.1644216693478029 1034497.0264917131281 1196.3004466733455047
61150 1876.4156694051712293 -1790.472412109375 -1697.5773854519700308 1068420.5840501436032 1196.3004466733455047
61200 1939.908264154097651 -1792.766357421875 -1696.7280260170634847 1060012.7472370807081 1196.3004466733455047
61250 1911.2554538356848752 -1786.7230224609375 -1692.1031952936132257 1080346.0387300611474 1196.3004466733455047
61300 1935.6297899600924666 -1788.9154052734375 -1693.0888867311946342 1091425.7974932231009 1196.3004466733455047
61350 1971.7588928225331983 -1787.8095703125 -1690.1944214426396229 1050764.8478170563467 1196.3004466733455047
61400 1939.1444096349150641 -1788.170166015625 -1692.1696504780966279 1067014.378551751608 1196.3004466733455047
61450 1848.166476965026277 -1788.24365234375 -1696.74714816063738 1074599.7280627156142 1196.3004466733455047
61500 1950.4848627663864136 -1788.3182373046875 -1691.7562940871775936 1081614.7776582166553 1196.3004466733455047
61550 1855.3788291344412755 -1786.06005859375 -1694.2064951204361023 1061565.8497794596478 1196.3004466733455047
61600 1900.8262269012018351 -1788.25244140625 -1694.1489301756830628 1053092.3319338453002 1196.3004466733455047
61650 1988.8723214430485768 -1790.6922607421875 -1692.2298835988572137 1064352.2372521131765 1196.3004466733455047
61700 2019.2091480801598209 -1789.401611328125 -1689.4373599651826225 1043660.9626517310971 1196.3004466733455047
61750 1964.4877132048557087 -1788.65673828125 -1691.4015610506316989 1041129.4404837527545 1196.3004466733455047
61800 1845.8485032428779959 -1778.64306640625 -1687.2613173033796556 1094509.5436060319189 1196.3004466733455047
61850 1999.6840704408714373 -1789.97021484375 -1690.9725843832884493 1077077.1082071259152 1196.3004466733455047
61900 2034.5788464198981274 -1788.47314453125 -1687.7479911143193476 1078755.5212256759405 1196.3004466733455047
61950 1951.0557281114899979 -1787.207763671875 -1690.6175588317853453 1051942.0993949060794 1196.3004466733455047
62000 1859.2655430186302965 -1785.397705078125 -1693.35172347711773 1085603.9676215946674 1196.3004466733455047
62050 2031.749335041419954 -1792.443359375 -1691.8582855466258934 1054328.9345718657132 1196.3004466733455047
62100 1937.4205057226845383 -1792.5792236328125 -1696.6640527779641161 1042732.3557088052621 1196.3004466733455047
62150 1903.9476620664381699 -1786.4678955078125 -1692.209852524174039 1069122.1104903740343 1196.3004466733455047
62200 1917.1022982817657976 -1787.9710693359375 -1693.0617845715912608 1083584.9915311839432 1196.3004466733455047
62250 1826.4435676341986436 -1780.5657958984375 -1690.144719870326071 1065027.2878707782365 1196.3004466733455047
62300 1849.2427037095005744 -1782.2181396484375 -1690.6683551001333399 1053039.6754349383991 1196.3004466733455047
62350 1919.9439667651149648 -1789.54833984375 -1694.4983736334872901 1066363.5795509989839 1196.3004466733455047
62400 2015.8962969256160704 -1787.6585693359375 -1687.8583260876848726 1076923.3502038866282 1196.3004466733455047
62450 1972.6692303456065929 -1784.797119140625 -1687.1369025227961629 1056808.0142352194525 1196.3004466733455047
62500 1905.5678389150928069 -1784.56787109375 -1690.2296186053629299 1073455.9377452512272 1196.3004466733455047
62550 1955.1352944844793456 -1789.27685546875 -1692.4846850230919699 1071353.3458826504648 1196.3004466733455047
62600 2051.9853639932607621 -1789.946044921875 -1688.3591533835062819 1058619.3361088873353 1196.3004466733455047
62650 2055.4030309297413623 -1786.401123046875 -1684.645034317102045 1084078.339278698666 1196.3004466733455047
62700 2076.2815698165663889 -1782.17236328125 -1679.3826483363036459 1091141.9321133294143 1196.3004466733455047
62750 2072.8231979441952717 -1786.79638671875 -1684.1778841296336395 1063227.261706618825 1196.3004466733455047
62800 1964.760554241581076 -1781.1365966796875 -1683.8679120073049944 1081413.8945384342223 1196.3004466733455047
62850 2118.1212642353143565 -1786.5592041015625 -1681.6981466541312784 1071689.5623991482425 1196.3004466733455047
62900 2067.0408688777592943 -1779.6380615234375 -1677.3058225919564848 1064379.4475924780127 1196.3004466733455047
62950 1914.388357922880914 -1776.104736328125 -1681.3298096199898737 1087875.7961287342478 1196.3004466733455047
63000 2083.07254549133404 -1787.8480224609375 -1684.7221091583332964 1067931.8075283276848 1196.3004466733455047
63050 2065.4130850771612131 -1779.929931640625 -1677.6782788084899494 1116433.3766576589551 1196.3004466733455047
63100 2163.6810128198790153 -1784.3094482421875 -1677.1928809265141354 1078036.560917139519 1196.3004466733455047
63150 2110.7548651701858944 -1783.6612548828125 -1679.1648830691040075 1074599.8823530073278 1196.3004466733455047
63200 1905.7560338158061768 -1781.2576904296875 -1686.9101210449412065 1086712.1135831375141 1196.3004466733455047
63250 1994.3979070664604478 -1779.7249755859375 -1680.9890452890315373 1053807.0404824269935 1196.3004466733455047
63300 2141.8518496162573683 -1791.3824462890625 -1685.3465674001447496 1044684.332001851988 1196.3004466733455047
63350 1963.1702209897609919 -1783.423095703125 -1686.2331430794195057 1058224.8476502441335 1196.3004466733455047
63400 2086.2106885403186425 -1789.9111328125 -1686.62986060571302 1047477.1074631060474 1196.3004466733455047
63450 1943.8219287779324986 -1786.311279296875 -1690.0791955239251365 1059247.3576840995811 1196.3004466733455047
63500 1970.6724701008024567 -1783.124267578125 -1685.5629038419863264 1084131.2065512971021 1196.3004466733455047
63550 1949.3676028650211265 -1781.6370849609375 -1685.13045352216227 1067560.8682854187209 1196.3004466733455047
63600 1951.5810850181906062 -1777.145751953125 -1680.5295384601295154 1079594.2105870991945 1196.3004466733455047
63650 2091.1430109587840889 -1785.3826904296875 -1681.8572355345884262 1089573.7957155501936 1196.3004466733455047
63700 2030.7926838804150975 -1780.842041015625 -1680.3043277676129037 1086667.4719786215574 1196.3004466733455047
63750 2044.4953176476687986 -1785.0186767578125 -1683.8025922140152488 1065776.62084272434 1196.3004466733455047
63800 2043.9512427341501279 -1789.9189453125 -1688.7297960871501346 1060783.9916524677537 1196.3004466733455047
63850 1910.4216233602303419 -1780.730224609375 -1686.1516775834970758 1065054.6992600560188 1196.3004466733455047
63900 2137.9447216510657199 -1785.328857421875 -1679.4864072931186456 1055956.9730895017274 1196.3004466733455047
63950 2090.9939483668922549 -1779.9599609375 -1676.4418856298095761 1105531.6810785697307 1196.3004466733455047
64000 2180.191001639582737 -1782.19091796875 -1674.2569966538926565 1119690.8749412966426 1196.3004466733455047
64050 2192.3544180856629282 -1780.9658203125 -1672.4297291727859829 1090996.8726282664575 1196.3004466733455047
64100 2067.001726369140215 -1779.21484375 -1676.8845426324271557 1077704.8107928356621 1196.3004466733455047
64150 2050.1990346335278446 -1780.2252197265625 -1678.7267633447515891 1074592.2068869262002 1196.3004466733455047
64200 2012.6921963837735348 -1776.905517578125 -1677.2638985676148877 1082242.8580131907947 1196.3004466733455047
64250 2082.4031827404251089 -1779.0552978515625 -1675.9625224467083626 1100566.2556408694945 1196.3004466733455047
64300 2175.9718330140708531 -1780.4482421875 -1672.7231977160465703 1110739.4126524722669 1196.3004466733455047
64350 2237.2488877328701165 -1778.753173828125 -1667.9945085420497435 1103631.4484162090812 1196.3004466733455047
64400 1966.6661930326797574 -1773.625732421875 -1676.2627059844000996 1074498.7537905925419 1196.3004466733455047
64450 2055.0739886128453691 -1772.5146484375 -1670.7748494857851256 1081069.3882537619211 1196.3004466733455047
64500 2145.8087739802167562 -1779.7952880859375 -1673.5635151846936424 1116192.359682705719 1196.3004466733455047
64550 2162.2018860627754293 -1777.344482421875 -1670.3011416954755077 1102545.6638663127087 1196.3004466733455047
64600 2092.6668215749650699 -1780.9600830078125 -1677.3591893759137292 1107230.0208035989199 1196.3004466733455047
64650 2052.6999567882307929 -1783.8896484375 -1682.2673798140747294 1086537.6018375828862 1196.3004466733455047
64700 2059.8771821603036187 -1776.5537109375 -1674.5761220334270547 1081285.7045774303842 1196.3004466733455047
64750 2040.4170188360192242 -1779.3236083984375 -1678.3094267075114203 1054315.0384507570416 1196.3004466733455047
64800 2058.4716451390563634 -1783.0179443359375 -1681.1099388409063522 1080653.7470804387704 1196.3004466733455047
64850 2051.858366464451592 -1779.8857421875 -1678.3051378695038238 1077999.492259680992 1196.3004466733455047
64900 2056.2129789012069523 -1774.4454345703125 -1672.6492480415138289 1087159.2279224116355 1196.3004466733455047
64950 2106.6626033267834828 -1780.9815673828125 -1676.6877896846990552 1064822.8403326480184 1196.3004466733455047
65000 2043.4358926742434051 -1777.0152587890625 -1675.8516228113012403 1077642.4877200280316 1196.3004466733455047
65050 2098.5556563525419733 -1781.4599609375 -1677.5675309085420395 1087398.2362404931337 1196.3004466733455047
65100 2003.7244248097106265 -1778.438232421875 -1679.2405776102432355 1090032.5001189946197 1196.3004466733455047
65150 1995.8904530455292843 -1778.729248046875 -1679.9194268201640625 1049636.6599159541074 1196.3004466733455047
65200 1985.9423543309039815 -1780.337158203125 -1682.0198338737450285 1092202.0752477641217 1196.3004466733455047
65250 1979.4572304975160932 -1776.84521484375 -1678.8489471763889469 1066127.0266038773116 1196.3004466733455047
65300 1985.1666662535037631 -1775.37158203125 -1677.0926594088068668 1083925.1863138009794 1196.3004466733455047
65350 1930.6478359345492208 -1775.8001708984375 -1680.2202921383893681 1082812.5760774603114 1196.3004466733455047
65400 2002.9216086030733095 -1788.6212158203125 -1689.4633057380242462 1058745.9868373675272 1196.3004466733455047
65450 1967.5664170191093945 -1785.758544921875 -1688.3509514236041014 1038788.9329238525825 1196.3004466733455047
65500 1976.9252458842117903 -1780.30908203125 -1682.4381644033201155 1072572.1433992243838 1196.3004466733455047
65550 2056.9570966669366499 -1781.6202392578125 -1679.7872139619908012 1086312.2658855596092 1196.3004466733455047
65600 2005.4509972404534892 -1780.52978515625 -1681.2466535525645668 1090749.9551086423453 1196.3004466733455047
65650 2091.8037097032502061 -1779.32373046875 -1675.7655666017103613 1131156.2781954051461 1196.3004466733455047
65700 2175.1864058212081545 -1780.2669677734375 -1672.5808071597602975 1100182.0924270001706 1196.3004466733455047
65750 1983.692543583970064 -1770.479736328125 -1672.2737925594162789 1102260.2768900783267 1196.3004466733455047
65800 2186.3868164799050646 -1781.52001953125 -1673.2793642692504363 1061453.9225690008607 1196.3004466733455047
65850 2087.3296780736777691 -1780.741943359375 -1677.4052737455924671 1076912.2500368766487 1196.3004466733455047
65900 2046.8911606781873616 -1778.9259033203125 -1677.5912086488042405 1079917.4545560625847 1196.3004466733455047
65950 2014.0088670979228027 -1781.054931640625 -1681.3481286929497855 1079084.800562400138 1196.3004466733455047
66000 1983.5765730166751837 -1779.3175048828125 -1681.1173024267116034 1066303.1426853321027 1196.3004466733455047
66050 2019.1722219990574558 -1787.1627197265625 -1687.200296449659163 1076195.9012893068139 1196.3004466733455047
66100 1936.3340218427349555 -1778.9678955078125 -1683.1065128144234677 1071664.2945085605606 1196.3004466733455047
66150 2061.1598041978991205 -1785.8812255859375 -1683.8401383801201519 1054198.2725002444349 1196.3004466733455047
66200 2101.0298246310967443 -1787.07177734375 -1683.0568595675733832 1077717.8765450802166 1196.3004466733455047
66250 2059.6172179910718114 -1778.8131103515625 -1676.8483913988677614 1108058.9438352298457 1196.3004466733455047
66300 2069.7984860756073431 -1781.9342041015625 -1679.4654448205226345 1084594.8670375945512 1196.3004466733455047
66350 1977.4657084607156321 -1782.701416015625 -1684.8037419038996632 1070669.134312644368 1196.3004466733455047
66400 1989.2590974849715622 -1786.0389404296875 -1687.5574153058159936 1078695.1346806630027 1196.3004466733455047
66450 2110.8901568132546345 -1794.6090087890625 -1690.105939141289582 1053897.1926315762103 1196.3004466733455047
66500 2070.7975859437328836 -1784.6866455078125 -1682.168424153738215 1057568.0898660870735 1196.3004466733455047
66550 1966.971548482239541 -1775.68994140625 -1678.3117978478251189 1065043.2328856536187 1196.3004466733455047
66600 2052.0190673281354066 -1777.9093017578125 -1676.320741680727906 1060275.8202929303516 1196.3004466733455047
66650 2004.3568458265915524 -1775.1512451171875 -1675.9222812687683017 1075119.5377914155833 1196.3004466733455047
66700 2088.8107789232749383 -1778.36181640625 -1674.9518224725159143 1050418.2437460308429 1196.3004466733455047
66750 2080.5360107701153538 -1781.2042236328125 -1678.203885630173545 1071517.0833433691878 1196.3004466733455047
66800 2113.1840997546087237 -1783.390380859375 -1678.7737458144665652 1100221.4594407624099 1196.3004466733455047
66850 1977.7856849352117479 -1777.2158203125 -1679.3023052420721797 1076540.2672103582881 1196.3004466733455047
66900 2032.2725274420515689 -1782.9769287109375 -1682.3659533870704763 1062154.3135676118545 1196.3004466733455047
66950 2026.193512849551098 -1782.5615234375 -1682.2514996734760189 1069628.87044942379 1196.3004466733455047
67000 2041.1228571269950862 -1778.5875244140625 -1677.5383990441184778 1095217.8892189790495 1196.3004466733455047
67050 2215.2289818537906285 -1784.55712890625 -1674.8885950750452594 1097534.7227405805606 1196.3004466733455047
67100 2135.2490128848589848 -1773.9554443359375 -1668.2464496785783012 1096970.3374707051553 1196.3004466733455047
67150 2195.7996912909543425 -1770.5916748046875 -1661.8850197800807109 1136228.174633461982 1196.3004466733455047
67200 2164.7190067075157458 -1768.338134765625 -1661.1701798648687145 1125603.9347643721849 1196.3004466733455047
67250 2153.4776084017880748 -1770.6298828125 -1664.0184517205691463 1116193.766739748884 1196.3004466733455047
67300 2128.3163845256030982 -1768.7872314453125 -1663.4214478934345607 1103370.744391924236 1196.3004466733455047
67350 2177.7901330130007409 -1773.359619140625 -1665.5445567538311025 1115027.0661104354076 1196.3004466733455047
67400 2153.2062075702033326 -1776.020751953125 -1669.4227570032473977 1071378.8021910476964 1196.3004466733455047
67450 2058.5571113901924036 -1770.0595703125 -1668.1473336709234445 1090692.4765895344317 1196.3004466733455047
67500 2161.5194577628608386 -1776.82568359375 -1669.8161275964732795 1102180.1079427092336 1196.3004466733455047
67550 2055.332395451262073 -1776.6376953125 -1674.8851035076158951 1069570.4261562663596 1196.3004466733455047
67600 2014.5124672017707326 -1770.9962158203125 -1671.2644813258407339 1090663.1937042106874 1196.3004466733455047
67650 1998.0986324776586116 -1776.004150390625 -1677.0850096295716867 1086913.1262614198495 1196.3004466733455047
67700 2112.6321102732035797 -1774.0390625 -1669.4497545971664749 1104661.6952477248851 1196.3004466733455047
67750 2090.0299020282768652 -1771.9765625 -1668.5062138830344338 1104060.6924671239685 1196.3004466733455047
67800 2198.9141514554794412 -1772.224853515625 -1663.3640120467648558 1117247.5332430244889 1196.3004466733455047
67850 2168.3782690548955543 -1769.6402587890625 -1662.2911461209475874 1093140.0654659003485 1196.3004466733455047
67900 2225.3279259790224387 -1775.0977783203125 -1664.929279743011648 1078013.064829474315 1196.3004466733455047
67950 2232.1013484495624652 -1771.3612060546875 -1660.8573781198128927 1122439.9084544468205 1196.3004466733455047
68000 2143.2064564337902084 -1768.4404296875 -1662.3374887725735789 1118218.6150218916591 1196.3004466733455047
68050 2122.1026953614700687 -1772.27978515625 -1667.2216204491485314 1108519.2663020719774 1196.3004466733455047
68100 2089.7862534337600664 -1773.4669189453125 -1670.0086325505142213 1087922.9435440788511 1196.3004466733455047
68150 2109.756531177180932 -1777.74853515625 -1673.3015874996754064 1063855.1151319483761 1196.3004466733455047
68200 2201.7719792231214342 -1771.5701904296875 -1662.5678675231129091 1079898.0499311767053 1196.3004466733455047
68250 2064.603851843947723 -1762.1629638671875 -1659.9513734497920723 1115407.373157300055 1196.3004466733455047
68300 2104.7682225821745305 -1771.5711669921875 -1667.3711737111621005 1091579.6654698669445 1196.3004466733455047
68350 2058.7858423903971925 -1764.557861328125 -1662.6343009842855736 1105898.3780151139945 1196.3004466733455047
68400 2043.7034259969163941 -1767.90380859375 -1666.7269279412898868 1094194.4483674708754 1196.3004466733455047
68450 2125.436866277379977 -1774.662841796875 -1669.4396135054282695 1100481.5067652089056 1196.3004466733455047
68500 2090.5638360375614866 -1767.251953125 -1663.7551712316369503 1095282.4881688780151 1196.3004466733455047
68550 2217.7262606884492016 -1776.5931396484375 -1666.8009739441361035 1074514.9943514149636 1196.3004466733455047
68600 2115.3647020967696335 -1768.67919921875 -1663.9546098884413823 1071182.8710755365901 1196.3004466733455047
68650 2127.5609145038533825 -1769.6412353515625 -1664.3128525787089984 1115989.7383890687488 1196.3004466733455047
68700 2131.9280235816709137 -1773.3343505859375 -1667.789766935626858 1072036.0648274556734 1196.3004466733455047
68750 2189.0147020532622264 -1769.173828125 -1660.8030750896925838 1109604.1554718140978 1196.3004466733455047
68800 2099.8986507075314876 -1763.9381103515625 -1659.979193190546539 1112471.2601480886806 1196.3004466733455047
68850 2267.726294884845629 -1774.291259765625 -1662.0237605916249777 1107693.2669401587918 1196.3004466733455047
68900 2168.8089451434648254 -1769.66064453125 -1662.2902105389846383 1117266.4792850436643 1196.3004466733455047
68950 2120.3543757698466834 -1766.62646484375 -1661.654853557469778 1094805.224209912587 1196.3004466733455047
69000 2186.8486996707270009 -1770.72119140625 -1662.4576698614625911 1081250.1311690818984 1196.3004466733455047
69050 2195.822293552359497 -1767.1956787109375 -1658.4879047244130561 1091041.332699078368 1196.3004466733455047
69100 2263.2545637307275683 -1772.648681640625 -1660.6025628310824231 1103811.2358964846935 1196.3004466733455047
69150 2260.6116437107220918 -1770.960205078125 -1659.0449283467610258 1096521.1724080042914 1196.3004466733455047
69200 2185.1980445060753482 -1765.780517578125 -1657.5987144169680505 1104284.1760467675049 1196.3004466733455047
69250 2067.0087148042834997 -1760.3720703125 -1658.0414232210155205 1084469.0739400330931 1196.3004466733455047
69300 2172.9584135613436047 -1767.70654296875 -1660.1306827558566965 1113853.6961550873239 1196.3004466733455047
69350 2110.4582950583521779 -1768.2177734375 -1663.7360838122285713 1127418.5311411137227 1196.3004466733455047
69400 2231.9721426268456526 -1772.758544921875 -1662.2611135325746545 1102596.0077739921398 1196.3004466733455047
69450 2286.9458707369058175 -1778.41748046875 -1665.19848475790468 1101173.1692277733237 1196.3004466733455047
69500 2155.1465207868195648 -1773.5518798828125 -1666.8578265536962135 1105517.6879930812865 1196.3004466733455047
69550 2279.4572116070917218 -1775.0009765625 -1662.1527191698403385 1094617.5953129804693 1196.3004466733455047
69600 2057.1663676959569784 -1765.1748046875 -1663.331419087116501 1114174.5990242224652 1196.3004466733455047
69650 2190.5210176816776766 -1769.3828125 -1660.9374868458758101 1112467.8714544824325 1196.3004466733455047
69700 2321.0515458034742551 -1768.3858642578125 -1653.4784113217715458 1112386.4823923315853 1196.3004466733455047
69750 2122.9979265280035179 -1762.38037109375 -1657.2778865035675153 1103377.426048026653 1196.3004466733455047
69800 2238.5139013862662978 -1765.369384765625 -1654.5480929096640921 1133252.5257600608747 1196.3004466733455047
69850 2344.6974586336223183 -1770.73681640625 -1654.6587338818344506 1087550.644853429636 1196.3004466733455047
69900 2218.7921096216132355 -1769.89111328125 -1660.046180982279111 1132142.7743276057299 1196.3004466733455047
69950 2284.5763180165331505 -1768.761474609375 -1655.6597874814383431 1128108.7704967097379 1196.3004466733455047
70000 2003.4190623465140106 -1757.28466796875 -1658.1021306252896466 1142073.6303164500277 1196.3004466733455047
70050 2207.1438951629993426 -1766.12744140625 -1656.8591730151151751 1128433.3044663774781 1196.3004466733455047
70100 2108.4172376411661389 -1766.91162109375 -1662.5309773541373488 1139842.0635673783254 1196.3004466733455047
70150 2216.0928538953048701 -1766.7584228515625 -1657.0471216220496444 1129257.6900012134574 1196.3004466733455047
70200 2127.5600281120041473 -1765.0545654296875 -1659.7262265391120764 1079615.3254655690398 1196.3004466733455047
70250 2168.7931991979330633 -1767.47265625 -1660.1030017865211903 1086544.4229902611114 1196.3004466733455047
70300 2212.4234249422661378 -1777.747314453125 -1668.2176743054117196 1104024.8581383305136 1196.3004466733455047
70350 2216.5906894388813271 -1781.755615234375 -1672.019667842050012 1090363.8796891439706 1196.3004466733455047
70400 2079.8941006517925416 -1771.715576171875 -1668.7470169795101356 1079286.0578636534046 1196.3004466733455047
70450 2122.7080917079779283 -1770.253173828125 -1665.1650379847428667 1096172.5728377697524 1196.3004466733455047
70500 2191.7769869702506185 -1768.7724609375 -1660.2649564695634581 1115753.3503871262074 1196.3004466733455047
70550 2204.0946449179755291 -1775.8428955078125 -1666.7255852372129539 1129637.7701774551533 1196.3004466733455047
70600 2308.8513774047419247 -1771.69970703125 -1657.3962433855906511 1121693.1449898364954 1196.3004466733455047
70650 2221.7104886719926071 -1763.1259765625 -1653.1365651355288264 1107714.8094888031483 1196.3004466733455047
70700 2177.8392439770723286 -1759.312744140625 -1651.4952504352320375 1114337.2285925541073 1196.3004466733455047
70750 2161.0508877719189513 -1760.9708251953125 -1653.9844665217999591 1129840.3012906548101 1196.3004466733455047
70800 2261.0690801791856757 -1765.98486328125 -1654.0469404093614685 1095037.1860436210409 1196.3004466733455047
70850 2135.4762705960179119 -1763.9713134765625 -1658.2510680545244668 1102748.9806652229745 1196.3004466733455047
70900 2006.1888727238142565 -1761.08056640625 -1661.7609050699395539 1131050.1417990173213 1196.3004466733455047
70950 2139.3196675032054372 -1766.453369140625 -1660.5428500686864481 1122053.6855548382737 1196.3004466733455047
71000 2215.5307973935205155 -1769.4033203125 -1659.7198446093709663 1109162.5065447741654 1196.3004466733455047
71050 2122.2763908164683926 -1769.959716796875 -1664.8929530121888547 1117171.6121193906292 1196.3004466733455047
71100 2247.2629675165776462 -1771.8642578125 -1660.6098291283542494 1125037.3084464485291 1196.3004466733455047
71150 2309.6651106031999916 -1767.5126953125 -1653.1689464739620234 1135289.0381174101494 1196.3004466733455047
71200 2263.9114398631213589 -1770.062744140625 -1657.9841056038044371 1131903.1336739449762 1196.3004466733455047
71250 2196.4652496767216689 -1772.854248046875 -1664.114643465836707 1108804.9693040561397 1196.3004466733455047
71300 2288.8826960319770478 -1774.5594482421875 -1661.2445668273642241 1103180.8566426944453 1196.3004466733455047
71350 2124.0206524265336157 -1766.1925048828125 -1661.0393885743192186 1078783.3271165336482 1196.3004466733455047
71400 2195.4536815168103203 -1766.806884765625 -1658.1173595207983453 1095635.3672950167675 1196.3004466733455047
71450 2119.364732738721159 -1764.846435546875 -1659.9238181574464761 1116011.4787340722978 1196.3004466733455047
71500 2187.4902032531194891 -1769.578857421875 -1661.2835771930397186 1091690.6549919508398 1196.3004466733455047
71550 2198.2934283276754286 -1769.58935546875 -1660.7592439135460154 1076235.0673065111041 1196.3004466733455047
71600 2152.1064724767484222 -1774.0067138671875 -1667.4631631017666678 1105554.4541059546173 1196.3004466733455047
71650 2180.1299657600902719 -1775.074951171875 -1667.1440515380581928 1105420.8765740764793 1196.3004466733455047
71700 2315.7097666755234968 -1777.806640625 -1663.1636412013549489 1116863.6344767606352 1196.3004466733455047
71750 2291.6646591874696242 -1773.0010986328125 -1659.5484915819783964 1121151.4109762900043 1196.3004466733455047
71800 2224.8719810950956344 -1767.593994140625 -1657.4480678605166304 1106472.0903525862377 1196.3004466733455047
71850 2131.7239516196145814 -1760.4337158203125 -1654.8992350862502008 1109527.5086559928022 1196.3004466733455047
71900 2163.4467164762295397 -1763.6214599609375 -1656.5164918689563365 1123521.8076405972242 1196.3004466733455047
71950 2046.5034241754831328 -1760.17236328125 -1658.8568641394649603 1111869.972254314227 1196.3004466733455047
72000 2152.6596217375836204 -1764.47119140625 -1657.9002560819765222 1110301.0294937128201 1196.3004466733455047
72050 2271.1378039963574338 -1763.5750732421875 -1651.1386817299794529 1143029.1040679810103 1196.3004466733455047
72100 2211.7740884603954328 -1757.00732421875 -1647.5098305355843422 1116994.6429816395976 1196.3004466733455047
72150 2160.9823514532613444 -1754.784912109375 -1647.8019464384110506 1107451.3734562427271 1196.3004466733455047
72200 2303.4483434301514535 -1767.491943359375 -1653.4559657474790129 1122572.2360917276237 1196.3004466733455047
72250 2115.2905848004402287 -1764.0020751953125 -1659.2811551629799851 1117255.3820448452607 1196.3004466733455047
72300 2268.5418636205122311 -1771.3436279296875 -1659.0357526915370272 1097991.5277752608526 1196.3004466733455047
72350 2170.7189297112445274 -1767.86669921875 -1660.4017083166102111 1104908.5692377369851 1196.3004466733455047
72400 2156.4052118359659289 -1766.9212646484375 -1660.1648977602999366 1095965.1255129596684 1196.3004466733455047
72450 2262.5713500929177826 -1769.291015625 -1657.2787204240171377 1102698.1062459417153 1196.3004466733455047
72500 2222.7226104787591794 -1762.9830322265625 -1652.943514054186835 1105163.1741754040122 1196.3004466733455047
72550 2252.3935665841527225 -1768.7503662109375 -1657.2419388286771209 1103701.2351917233318 1196.3004466733455047
72600 2263.3824024235109391 -1774.7017822265625 -1662.64933455344908 1088834.3901050796267 1196.3004466733455047
72650 2194.8384605289888896 -1765.9976806640625 -1657.3386129404534586 1142138.9959750943817 1196.3004466733455047
72700 2284.8235544404233224 -1769.20947265625 -1656.0955456847846108 1117250.3971266834997 1196.3004466733455047
72750 2199.7507114601794456 -1762.72509765625 -1653.8228409161338277 1139227.2536629941314 1196.3004466733455047
72800 2168.9811327623510806 -1769.73974609375 -1662.3607876717928775 1111856.0605271898676 1196.3004466733455047
72850 2385.2726073447338422 -1775.7808837890625 -1657.6940621656276562 1104149.236058003502 1196.3004466733455047
72900 2077.1139781309279897 -1766.425048828125 -1663.5941241481432371 1113272.339204844553 1196.3004466733455047
72950 2184.3219747452226329 -1762.6199951171875 -1654.4815632223842385 1109799.8834704961628 1196.3004466733455047
73000 2289.927806765475907 -1769.937744140625 -1656.5711228096247396 1131290.2966458383016 1196.3004466733455047
73050 2383.4488341534811298 -1766.955810546875 -1648.9592777981179097 1133711.901728200959 1196.3004466733455047
73100 2377.2457306285173217 -1765.24755859375 -1647.5581206303891122 1150885.5749621484429 1196.3004466733455047
73150 2328.651116680132418 -1763.9718017578125 -1648.6881196361584898 1127810.5072519425303 1196.3004466733455047
73200 2310.2429285844777951 -1759.518310546875 -1645.1459558841322632 1123627.357455880614 1196.3004466733455047
73250 2355.3123648124874308 -1758.693603515625 -1642.0900126997742063 1160690.092322971439 1196.3004466733455047
73300 2239.2933698791403003 -1755.97021484375 -1645.1103341252014616 1116064.7272927120794 1196.3004466733455047
73350 2202.1276291832068637 -1755.66796875 -1646.648038810473281 1111554.0028505090158 1196.3004466733455047
73400 2290.6019079806223999 -1755.87451171875 -1642.474517904577624 1135480.5627450542524 1196.3004466733455047
73450 2435.036609509650134 -1761.0223388671875 -1640.4718689258111226 1135314.1015078455675 1196.3004466733455047
73500 2425.5955032949559609 -1759.632568359375 -1639.5494958224167021 1129936.5977180800401 1196.3004466733455047
73550 2292.6317471452957761 -1758.090576171875 -1644.5900918499826275 1154701.1810349558946 1196.3004466733455047
73600 2320.2639228761058803 -1763.10986328125 -1648.2414029064132137 1108491.7943711301778 1196.3004466733455047
73650 2265.5886523251192557 -1761.6146240234375 -1649.4529523405460623 1100819.4841271347832 1196.3004466733455047
73700 2318.4270724095608784 -1764.491943359375 -1649.7144192711177766 1115759.3176998929121 1196.3004466733455047
73750 2404.2144903905050342 -1756.992919921875 -1637.968349398146529 1130070.1113201840781 1196.3004466733455047
73800 2365.8142119085468948 -1753.2010498046875 -1636.0775478722077878 1148767.054796999786 1196.3004466733455047
73850 2520.2505943210644546 -1755.0438232421875 -1630.274695612267351 1126712.1570054579061 1196.3004466733455047
73900 2369.1185758224064557 -1748.3150634765625 -1631.0279736041243268 1155060.209314282285 1196.3004466733455047
73950 2310.8131224264548109 -1742.92529296875 -1628.524709927288086 1148335.4629031736404 1196.3004466733455047
74000 2252.6144995006911813 -1738.692626953125 -1627.17326192548785 1190767.9475276230369 1196.3004466733455047
74050 2383.5709158027634658 -1740.4569091796875 -1622.4543325792139967 1134019.0383547125384 1196.3004466733455047
74100 2431.1463489178831878 -1740.649658203125 -1620.2917819750014132 1143193.6855696991552 1196.3004466733455047
74150 2418.4961456917030773 -1747.8033447265625 -1628.071737499001074 1158740.9008106852416 1196.3004466733455047
74200 2473.4563120434490884 -1752.953125 -1630.5006248479196529 1167967.0123102706857 1196.3004466733455047
74250 2389.2892913000632689 -1752.9696044921875 -1634.6839303601168467 1119933.3853795542382 1196.3004466733455047
74300 2410.6105016988622083 -1754.255615234375 -1634.914399709925874 1141449.4295627898537 1196.3004466733455047
74350 2392.7142939916930118 -1756.483642578125 -1638.02840808609335 1124399.6047997637652 1196.3004466733455047
74400 2366.9244922939296885 -1754.4356689453125 -1637.2572007664521152 1135371.3010145900771 1196.3004466733455047
74450 2419.2387911301593704 -1752.065673828125 -1632.2973007235102614 1147709.3324213440064 1196.3004466733455047
74500 2289.0623927397314219 -1753.287353515625 -1639.9635759213840629 1137373.8526900399011 1196.3004466733455047
74550 2282.2728125443882163 -1754.694580078125 -1641.7069317560506079 1149263.3528251487296 1196.3004466733455047
74600 2403.6521454963776705 -1756.557373046875 -1637.560642326865036 1153431.0323331248946 1196.3004466733455047
74650 2369.2881473610946159 -1754.4312744140625 -1637.1357896252613955 1146061.8691229713149 1196.3004466733455047
74700 2183.3931988038830241 -1746.6656494140625 -1638.5731980912808012 1153582.8990379183087 1196.3004466733455047
74750 2273.0747131877892571 -1756.125732421875 -1643.5934510522624805 1144266.8313698635902 1196.3004466733455047
74800 2248.9132633706572051 -1753.7626953125 -1642.4265660329813272 1134307.2326737893745 1196.3004466733455047
74850 2278.793186889512981 -1751.8748779296875 -1639.0594941667072817 1126705.4737306081224 1196.3004466733455047
74900 2276.55502759850242 -1757.1712646484375 -1644.4666846217464808 1139597.9177412616555 1196.3004466733455047
74950 2250.4327883361975182 -1757.31396484375 -1645.9026089955759744 1131667.5091823278926 1196.3004466733455047
75000 2292.5404051690197775 -1767.79736328125 -1654.3014009932860517 1135006.7997101172805 1196.3004466733455047
75050 2313.5393672212430829 -1771.656005859375 -1657.1204556104783023 1106003.2183579232078 1196.3004466733455047
75100 2265.540410797595996 -1765.284912109375 -1653.125628702204267 1132155.3533946061507 1196.3004466733455047
75150 2278.714278428346006 -1764.0096435546875 -1651.1981662841349134 1103045.230232154252 1196.3004466733455047
75200 2151.7750619553908109 -1753.317138671875 -1646.78999492634739 1114028.4804710606113 1196.3004466733455047
75250 2285.8258740702949581 -1759.312744140625 -1646.1491956965539885 1121555.3607207771856 1196.3004466733455047
75300 2205.6642238009476387 -1755.2860107421875 -1646.0909959018852078 1123859.7506377475802 1196.3004466733455047
75350 2196.3479640863793065 -1761.0946044921875 -1652.360806326123793 1102332.9118212426547 1196.3004466733455047
75400 2215.7872384506972594 -1763.78076171875 -1654.0845904816671919 1082123.7740363865159 1196.3004466733455047
75450 2117.5732253515734556 -1763.6318359375 -1658.7979100513452977 1141146.60291531845 1196.3004466733455047
75500 2437.0856675480413287 -1765.013916015625 -1644.3620041047520317 1091205.9496318278834 1196.3004466733455047
75550 2179.6335078052916288 -1745.9581298828125 -1638.0518082120222516 1130022.9516924330965 1196.3004466733455047
75600 2237.0401954118333379 -1745.3812255859375 -1634.6328919545387635 1122094.8160719012376 1196.3004466733455047
75650 2507.3729550725665831 -1755.80810546875 -1631.6765064316564349 1143128.300742367981 1196.3004466733455047
75700 2490.8092102644309307 -1756.685791015625 -1633.3742072558425207 1129642.782481540693 1196.3004466733455047
75750 2412.3351234566284802 -1750.041015625 -1630.614419879753541 1160843.0394734025467 1196.3004466733455047
75800 2339.2537144501143302 -1749.600341796875 -1633.7917607316981048 1170614.8851230698638 1196.3004466733455047
75850 2297.5040507733851882 -1747.7705078125 -1634.0288121306757603 1149438.9808666745666 1196.3004466733455047
75900 2276.8321013836598468 -1741.0546875 -1628.3363904824109341 1143891.3959629421588 1196.3004466733455047
75950 2420.992937338126012 -1745.66357421875 -1625.8083592371422128 1158695.8162895925343 1196.3004466733455047
76000 2365.9705618906696145 -1734.510498046875 -1617.3792557528145153 1168350.6324522676878 1196.3004466733455047
76050 2469.9569822355801989 -1740.5057373046875 -1618.2264771980221667 1145644.5810369895771 1196.3004466733455047
76100 2486.218906389006861 -1741.148681640625 -1618.0643483817980268 1146219.414616235299 1196.3004466733455047
76150 2442.4079887482453159 -1738.1328125 -1617.2174103732681942 1196291.2715746983886 1196.3004466733455047
76200 2424.2813858700492347 -1738.749267578125 -1618.7312525735717372 1194660.1302426797338 1196.3004466733455047
76250 2266.5635808863848979 -1735.70556640625 -1623.495629290403258 1154236.0460798649583 1196.3004466733455047
76300 2505.1582059580891837 -1745.1612548828125 -1621.1393006229309321 1138635.060213648947 1196.3004466733455047
76350 2486.7885034850719421 -1741.434814453125 -1618.3222823584615071 1181111.9532158544753 1196.3004466733455047
76400 2321.8151794251070896 -1733.2445068359375 -1618.2992489685079818 1161288.25284953136 1196.3004466733455047
76450 2326.7352011314414995 -1731.720458984375 -1616.5316273955058932 1151414.782184243435 1196.3004466733455047
76500 2414.6512984102982955 -1733.1922607421875 -1613.6509989676742407 1169774.2267941851169 1196.3004466733455047
76550 2706.3736831161891132 -1741.426513671875 -1607.4430581203262136 1206589.7072926280089 1196.3004466733455047
76600 2678.6635981693852955 -1738.99169921875 -1606.3800767433065175 1185311.2013381060679 1196.3004466733455047
76650 2476.1663874209116329 -1728.6158447265625 -1606.029177860497839 1221923.4539186963812 1196.3004466733455047
76700 2573.1793071850947854 -1727.7864990234375 -1600.3970488964212109 1175520.9567587971687 1196.3004466733455047
76750 2502.9542462843942303 -1733.220947265625 -1609.3081036340429364 1185328.5148932675365 1196.3004466733455047
76800 2580.0555017461019816 -1738.7557373046875 -1611.0258699196715497 1180628.3033158942126 1196.3004466733455047
76850 2376.2091377640686005 -1731.333740234375 -1613.6956204961527419 1147176.6644222429022 1196.3004466733455047
76900 2351.8889773498258364 -1732.3157958984375 -1615.8816854779956884 1135487.7270476312842 1196.3004466733455047
76950 2342.631419726717013 -1737.1104736328125 -1621.1346737435624163 1135670.5609082928859 1196.3004466733455047
77000 2449.8010420427567624 -1739.14306640625 -1617.8616590845761039 1159676.6624225240666 1196.3004466733455047
77050 2329.8434767053959149 -1729.396484375 -1614.053772520148641 1165212.3700665649958 1196.3004466733455047
77100 2397.6624463040348019 -1739.27001953125 -1620.569818666119545 1177910.1573900207877 1196.3004466733455047
77150 2405.8074996746936449 -1730.6405029296875 -1611.5370678759227303 1157676.8819315084256 1196.3004466733455047
77200 2441.4811444057036169 -1727.552001953125 -1606.6824847714572115 1164495.5488698696718 1196.3004466733455047
77250 2448.0029194420576459 -1731.2606201171875 -1610.0682317957534906 1152871.8374099154025 1196.3004466733455047
77300 2329.2733921081194239 -1722.223388671875 -1606.9088997874050619 1195946.0242134011351 1196.3004466733455047
77350 2509.0466693897651567 -1735.63671875 -1611.4222597482153105 1152889.2544300721493 1196.3004466733455047
77400 2365.9294867790345052 -1731.587890625 -1614.4586818215207131 1174675.7189415248577 1196.3004466733455047
77450 2417.1218237680673155 -1733.9935302734375 -1614.3299611004572398 1169060.3868131521158 1196.3004466733455047
77500 2553.4796532534687685 -1736.0537109375 -1609.6395243978422513 1179650.4064855009783 1196.3004466733455047
77550 2530.0438639037620305 -1734.51171875 -1609.2577592921534233 1180747.8509495235048 1196.3004466733455047
77600 2339.3799726617835404 -1731.01513671875 -1615.2003050343048471 1164554.4055612387601 1196.3004466733455047
77650 2506.8944320982022873 -1741.4658203125 -1617.3579113378934835 1134949.8594721301924 1196.3004466733455047
77700 2501.7693330043030073 -1738.4976806640625 -1614.6434981023783166 1149651.2936651268974 1196.3004466733455047
77750 2437.490164645646928 -1736.089599609375 -1615.4176624081158025 1157104.9724442085717 1196.3004466733455047
77800 2126.8738124770784452 -1728.529541015625 -1623.2351743523863661 1158132.1476858528331 1196.3004466733455047
77850 2413.1625582603405746 -1734.571044921875 -1615.103485663372112 1167088.5063363311347 1196.3004466733455047
77900 2250.6407061250670267 -1727.4615478515625 -1616.0398986931936633 1178770.9217297439463 1196.3004466733455047
77950 2294.8322279098788385 -1726.857177734375 -1613.2477550132684883 1160684.7000114396214 1196.3004466733455047
78000 2388.4800524003921964 -1731.1475830078125 -1612.9019715710085165 1148363.3615021614823 1196.3004466733455047
78050 2323.6349347272321211 -1722.174072265625 -1607.1387244356903921 1188551.6169526912272 1196.3004466733455047
78100 2404.2484880616352712 -1719.6688232421875 -1600.6425696081453225 1196932.1464898958802 1196.3004466733455047
78150 2530.6142531831210363 -1724.5821533203125 -1599.2999558082995009 1174794.8492764171679 1196.3004466733455047
78200 2364.4804882560174519 -1724.728759765625 -1607.6712860039153838 1202510.4747349661775 1196.3004466733455047
78250 2538.4446621209667683 -1730.046630859375 -1604.3767761459860139 1224074.7068791503552 1196.3004466733455047
78300 2344.9077657059119701 -1718.16943359375 -1602.0809394737561888 1199825.5596940615214 1196.3004466733455047
78350 2439.9348192234106136 -1728.89453125 -1608.1015674255504564 1181471.7688495730981 1196.3004466733455047
78400 2580.9791968855051891 -1738.070068359375 -1610.2944719357471968 1165883.9634090673644 1196.3004466733455047
78450 2423.4069765974340953 -1733.0264892578125 -1613.0517633144270349 1161058.5173646633048 1196.3004466733455047
78500 2436.4449510618055683 -1727.9580078125 -1607.3378156191922699 1176148.9046805172693 1196.3004466733455047
78550 2481.1041938040070818 -1729.9697265625 -1607.1386055154850965 1214925.0957067226991 1196.3004466733455047
78600 2313.8440794387206552 -1726.72021484375 -1612.1695793181597764 1221087.1509494257625 1196.3004466733455047
78650 2456.9212562477400752 -1733.943603515625 -1612.3096983443738281 1172527.1305267396383 1196.3004466733455047
78700 2416.8097819818663083 -1730.76123046875 -1611.1131094347508679 1181290.0486532808281 1196.3004466733455047
78750 2347.3255174062701371 -1727.2529296875 -1611.0447408152624575 1198942.4952128385194 1196.3004466733455047
78800 2346.4991353220757446 -1720.8800048828125 -1604.7127274072297496 1197917.1778233391233 1196.3004466733455047
78850 2429.6995912279803633 -1723.9454345703125 -1603.6591824478502986 1176885.0937372471672 1196.3004466733455047
78900 2541.4149024336566072 -1733.7713623046875 -1607.9544609866868541 1153412.78595497692 1196.3004466733455047
78950 2463.2514596004925806 -1730.19775390625 -1608.2504616647515832 1190516.2970116799697 1196.3004466733455047
79000 2430.9230484474401237 -1733.088623046875 -1612.7418016737565267 1191647.9670079313219 1196.3004466733455047
79050 2364.3188996884173321 -1735.7283935546875 -1618.6789194993007186 1171118.4646092415787 1196.3004466733455047
79100 2338.4001586109343407 -1733.928466796875 -1618.1621424095371822 1192515.457621057285 1196.3004466733455047
79150 2494.1601586248625608 -1739.8807373046875 -1616.4032593657286725 1140120.9448843172286 1196.3004466733455047
79200 2304.2861147083372089 -1734.8358154296875 -1620.7583625804606982 1197434.4757011951879 1196.3004466733455047
79250 2408.1334819237740703 -1743.04052734375 -1623.821940734519103 1148032.0697166679893 1196.3004466733455047
79300 2371.0646093997161188 -1736.36572265625 -1618.9822912087611257 1146395.1850419894326 1196.3004466733455047
79350 2557.0645677339653048 -1740.017822265625 -1613.4261586713573706 1154706.2426219477784 1196.3004466733455047
79400 2530.0600125239952831 -1737.09130859375 -1611.8365496720471128 1167406.3489321460947 1196.3004466733455047
79450 2533.6221671901057562 -1732.9801025390625 -1607.5489933245851262 1163819.2691861034837 1196.3004466733455047
79500 2437.483480175470504 -1727.513427734375 -1606.8418214587445618 1174453.2495972977486 1196.3004466733455047
79550 2441.5016793394001979 -1725.5364990234375 -1604.6659652262912914 1201951.3354775339831 1196.3004466733455047
79600 2380.1343767363582629 -1722.703369140625 -1604.8709240272137322 1209027.763209415134 1196.3004466733455047
79650 2612.5530303379614452 -1730.64404296875 -1601.3053322799487432 1160900.0465089334175 1196.3004466733455047
79700 2444.0449812354695496 -1721.6629638671875 -1600.6665197500171871 1201806.1826479516458 1196.3004466733455047
79750 2437.1159431482628861 -1721.519775390625 -1600.8663646366462672 1211782.892073812196 1196.3004466733455047
79800 2508.4757990266907655 -1734.1485595703125 -1609.9623624395301249 1209365.5725366238039 1196.3004466733455047
79850 2411.8115543178682856 -1730.0404052734375 -1610.6397296747209111 1181539.3838533123489 1196.3004466733455047
79900 2576.9404278477072694 -1736.1348876953125 -1608.5592371384491344 1198747.1019609489013 1196.3004466733455047
79950 2395.9164463837073527 -1730.452392578125 -1611.8386302946944397 1184472.1679425425828 1196.3004466733455047
80000 2439.5679747875556131 -1730.0057373046875 -1609.2309347140219415 1168918.8325048878323 1196.3004466733455047
80050 2481.3259519499142698 -1732.2967529296875 -1609.4546533829661712 1161733.7710648311768 1196.3004466733455047
80100 2487.8245791754975471 -1729.79931640625 -1606.6354916899938416 1163660.5413694439922 1196.3004466733455047
80150 2391.62401419840171 -1735.70947265625 -1617.3082142485759505 1167042.6064251170028 1196.3004466733455047
80200 2464.7586345794002227 -1744.6522216796875 -1622.6303142758208651 1176916.8086898585316 1196.3004466733455047
80250 2329.7360263798304914 -1732.273681640625 -1616.9362892898795963 1195571.0285842134617 1196.3004466733455047
80300 2478.5538475170183119 -1744.2291259765625 -1621.5242639936654996 1164307.3106838962995 1196.3004466733455047
80350 2364.5905901405399163 -1738.862548828125 -1621.7996242925466959 1169361.6660576991271 1196.3004466733455047
80400 2428.0934640138120812 -1735.9937744140625 -1615.7870362462151661 1154087.6330021412577 1196.3004466733455047
80450 2334.4173214172478765 -1732.094482421875 -1616.5253349038803208 1174941.6535081679467 1196.3004466733455047
80500 2398.6684023855546002 -1740.3153076171875 -1621.5653052509651388 1162903.3258806441445 1196.3004466733455047
80550 2409.3058944912504558 -1747.473388671875 -1628.1967598609694505 1178195.777808167506 1196.3004466733455047
80600 2384.348571461616757 -1747.108642578125 -1629.067566862376907 1161023.7806923824828 1196.3004466733455047
80650 2406.3956794787482067 -1741.581298828125 -1622.4487449711718909 1170293.4158392017707 1196.3004466733455047
80700 2480.7438398609579053 -1736.8101806640625 -1613.9968995283695676 1173964.16540124733 1196.3004466733455047
80750 2411.4197694373524428 -1735.812255859375 -1616.4309762119462448 1152073.3886592087802 1196.3004466733455047
80800 2515.2619688244099052 -1735.3123779296875 -1610.7902203640508105 1179363.9791422842536 1196.3004466733455047
80850 2472.6813117584374595 -1725.169677734375 -1602.7555452389442507 1189907.2419898747467 1196.3004466733455047
80900 2556.8658500458218441 -1730.65478515625 -1604.0729594061435819 1183858.6465484320652 1196.3004466733455047
80950 2480.6383393593882829 -1724.150146484375 -1601.3420883235621659 1189750.9537809118629 1196.3004466733455047
81000 2514.7003230652089769 -1728.5303955078125 -1604.036043134076408 1192907.7424731785432 1196.3004466733455047
81050 2543.07932760768972 -1722.181884765625 -1596.2825833571582734 1209495.0533500993624 1196.3004466733455047
81100 2594.5043578312283898 -1718.826904296875 -1590.381722659755269 1182907.7977870493196 1196.3004466733455047
81150 2621.2541719088208083 -1717.51904296875 -1587.7495680354618344 1222768.9551404647063 1196.3004466733455047
81200 2540.4822555632204057 -1714.079833984375 -1588.3091048750718528 1197867.7207167004235 1196.3004466733455047
81250 2496.4687461248249747 -1716.2462158203125 -1592.6544474813922534 1211648.6184634619858 1196.3004466733455047
81300 2358.0132509553500313 -1705.1005859375 -1588.3632833357530671 1207226.4590390105732 1196.3004466733455047
81350 2611.5155910568009858 -1710.859130859375 -1581.5717802989559004 1213946.5983011675999 1196.3004466733455047
81400 2436.8945627630960189 -1707.046142578125 -1586.4036916221891715 1199497.7176546603441 1196.3004466733455047
81450 2504.4850279774541377 -1708.041015625 -1584.052388142055861 1227130.7081121886149 1196.3004466733455047
81500 2608.6511400681715713 -1714.8238525390625 -1585.6783113097453679 1191339.9720039365347 1196.3004466733455047
81550 2288.0841697738319453 -1712.396728515625 -1599.1213794492289253 1190126.9763512422796 1196.3004466733455047
81600 2483.4904169420533435 -1716.2874755859375 -1593.3382206597220829 1213742.7663944743108 1196.3004466733455047
81650 2609.5168236362933385 -1713.2581787109375 -1584.0697804007245395 1212942.9187345611863 1196.3004466733455047
81700 2569.719152792449222 -1706.330810546875 -1579.1126610222702311 1237113.4800155842677 1196.3004466733455047
81750 2541.8174171700625266 -1704.699462890625 -1578.8626344222716398 1237445.8432349406648 1196.3004466733455047
81800 2580.3938743891617378 -1706.2353515625 -1578.4887324863691447 1248003.9229171092156 1196.3004466733455047
81850 2674.1721007913433823 -1703.03662109375 -1570.6473575420077395 1213263.9491318399087 1196.3004466733455047
81900 2473.3482939147811521 -1695.20703125 -1572.7598787120468842 1255651.7655598660931 1196.3004466733455047
81950 2526.6141820310558614 -1694.388671875 -1569.304504427626398 1238161.3609212420415 1196.3004466733455047
82000 2470.4133082240768999 -1691.5533447265625 -1569.2514934554994852 1243969.9873777369503 1196.3004466733455047
82050 2568.9252173816898903 -1703.503662109375 -1576.3248176557890474 1223689.086714443285 1196.3004466733455047
82100 2561.9943495591296596 -1697.4794921875 -1570.6437716811467453 1255305.6277541550808 1196.3004466733455047
82150 2574.6496954631111294 -1702.6087646484375 -1575.146520544846453 1248141.6488646150101 1196.3004466733455047
82200 2538.1907232973876489 -1702.186279296875 -1576.5289962402732726 1212095.3377035772428 1196.3004466733455047
82250 2401.5615450739733205 -1698.3900146484375 -1579.4967825215887842 1201264.3074480425566 1196.3004466733455047
82300 2384.2037916045451311 -1699.2523193359375 -1581.2184111838062108 1202084.1800092966296 1196.3004466733455047
82350 2512.8719451565398231 -1703.269775390625 -1578.8659398556337692 1206934.8262133169919 1196.3004466733455047
82400 2626.0161204155306223 -1700.3779296875 -1570.3727067050535879 1223239.6034165429883 1196.3004466733455047
82450 2427.3752264541130899 -1688.76806640625 -1568.5968857634982214 1223314.6461595715955 1196.3004466733455047
82500 2540.400103911572387 -1693.4481201171875 -1567.6814580597610984 1224520.8647301481105 1196.3004466733455047
82550 2522.3794779925028706 -1691.080810546875 -1566.2062890489366964 1224807.4918728452176 1196.3004466733455047
82600 2538.7657393751455857 -1688.48681640625 -1562.8010662382598639 1237278.01047460665 1196.3004466733455047
82650 2566.9476748578758816 -1692.1177978515625 -1565.0368548749579531 1211927.2058187820949 1196.3004466733455047
82700 2638.2373023380232553 -1701.2467041015625 -1570.6364515198724803 1201100.9394863459747 1196.3004466733455047
82750 2621.4211709023420553 -1696.111572265625 -1566.3338297740297094 1257006.8389871525578 1196.3004466733455047
82800 2906.6397880750164404 -1703.10986328125 -1559.2119066614905023 1292857.109178530518 1196.3004466733455047
82850 2577.1069743905509313 -1691.287109375 -1563.7032136591403741 1249543.6020868429914 1196.3004466733455047
82900 2568.6778120500152909 -1689.281982421875 -1562.1153861738737305 1216757.6589577139821 1196.3004466733455047
82950 2660.7421351126263289 -1700.071533203125 -1568.3471420674864021 1210508.9527667025104 1196.3004466733455047
83000 2471.1431587018164464 -1701.6495361328125 -1579.3115524201530206 1200226.7069478628691 1196.3004466733455047
83050 2697.1784133020541958 -1705.6346435546875 -1572.1064148744731028 1203072.5853042770177 1196.3004466733455047
83100 2578.5634530306178931 -1704.4700927734375 -1576.8140917003795494 1240613.5353195939679 1196.3004466733455047
83150 2522.3833976709861417 -1711.30126953125 -1586.4265539832174454 1216252.0150466205087 1196.3004466733455047
83200 2453.4044801561994973 -1712.9453125 -1591.4855110809708094 1183122.4018650394864 1196.3004466733455047
83250 2423.4806582835394693 -1713.003173828125 -1593.0248001523598305 1168995.6604234953411 1196.3004466733455047
83300 2429.4695002986259169 -1714.40185546875 -1594.126994374067408 1181749.1173970098607 1196.3004466733455047
83350 2487.0393494594350159 -1708.0849609375 -1584.9600103026082252 1215021.7215052088723 1196.3004466733455047
83400 2532.2811032398167299 -1707.5230712890625 -1582.1583536388011453 1195632.9732448754366 1196.3004466733455047
83450 2428.9003613573731855 -1704.940185546875 -1584.6935006063256424 1230441.7876034781802 1196.3004466733455047
83500 2585.3034112288701181 -1711.233642578125 -1583.2439688510251017 1214283.6713813459501 1196.3004466733455047
83550 2525.8949204280115737 -1713.9881591796875 -1588.9395999543501148 1194669.1185042762663 1196.3004466733455047
83600 2525.4351966427266234 -1714.1085205078125 -1589.0827206603598825 1188947.2562795754056 1196.3004466733455047
83650 2643.0425506303336078 -1713.603759765625 -1582.7556155080721965 1208164.8966387091205 1196.3004466733455047
83700 2656.2127113690899023 -1715.876953125 -1584.3767985198162478 1223497.79986085766 1196.3004466733455047
83750 2661.8976077489010095 -1719.1971435546875 -1587.4155488563742438 1214498.9731452793349 1196.3004466733455047
83800 2706.8896287615157235 -1713.41455078125 -1579.4055524966822759 1197402.5109718169551 1196.3004466733455047
83850 2596.9707905680988915 -1711.902099609375 -1583.3348131856791952 1240418.7691418449394 1196.3004466733455047
83900 2669.0220613445694653 -1708.1392822265625 -1576.0049798007025856 1236649.2482956855092 1196.3004466733455047
83950 2660.1364197825841984 -1707.34423828125 -1575.6498340736939099 1219856.5933468930889 1196.3004466733455047
84000 2526.5330188395055302 -1703.59423828125 -1578.5140889504193638 1225585.3306118771434 1196.3004466733455047
84050 2627.5250676020186802 -1708.0714111328125 -1577.9914852519632404 1216229.0815847113263 1196.3004466733455047
84100 2592.7311061237037393 -1704.08251953125 -1575.7251256201263914 1224615.6892810366116 1196.3004466733455047
84150 2557.6624081939871758 -1713.800048828125 -1587.1787881640948399 1236365.5362607319839 1196.3004466733455047
84200 2551.175752486096826 -1718.440185546875 -1592.1400573828163942 1201842.861210222356 1196.3004466733455047
84250 2471.5453614422431201 -1713.0987548828125 -1590.7408594656715195 1192763.1822546995245 1196.3004466733455047
84300 2529.310694996244365 -1713.6968994140625 -1588.4792366821059204 1203127.6085082427599 1196.3004466733455047
84350 2551.7314976711763848 -1712.84765625 -1586.5200150116133955 1208642.9607686407398 1196.3004466733455047
84400 2692.5812384997002482 -1727.8624267578125 -1594.5617887350290403 1196950.7301340294071 1196.3004466733455047
84450 2515.531996613148749 -1715.831298828125 -1591.2957730951670783 1193507.9308423991315 1196.3004466733455047
84500 2469.0158277222353718 -1706.9146728515625 -1584.6820061383714346 1230385.3209757481236 1196.3004466733455047
84550 2619.6394805559743872 -1708.7889404296875 -1579.0994034327061399 1219289.9108527754433 1196.3004466733455047
84600 2653.8602720821304501 -1709.819580078125 -1578.4358868273391181 1229188.3004614273086 1196.3004466733455047
84650 2734.6576444136858299 -1713.66650390625 -1578.2828045912599464 1227028.6851481830236 1196.3004466733455047
84700 2538.7901177152630225 -1708.61865234375 -1582.9316952861606751 1229861.0541956932284 1196.3004466733455047
84750 2648.5388252503885269 -1716.1905517578125 -1585.0703054358443751 1212549.1302679318469 1196.3004466733455047
84800 2399.7965549040277438 -1705.099365234375 -1586.2935118325926851 1254625.8077023604419 1196.3004466733455047
84850 2344.6374444832317749 -1705.662353515625 -1589.5872420898797373 1227153.2393450697418 1196.3004466733455047
84900 2470.9996673317500608 -1712.4227294921875 -1590.0918495544883626 1223965.7564957046416 1196.3004466733455047
84950 2363.458975577464571 -1709.1734619140625 -1592.1665598082245197 1206389.6632011979818 1196.3004466733455047
85000 2389.1047215594408044 -1706.41259765625 -1588.1360609510591075 1203284.3146567225922 1196.3004466733455047
85050 2427.4466406668339005 -1697.6192626953125 -1577.4445465751593929 1251395.9240084397607 1196.3004466733455047
85100 2601.1024889538934985 -1702.260009765625 -1573.4881768558032036 1224142.9519061415922 1196.3004466733455047
85150 2685.2729895528545967 -1713.0694580078125 -1580.1306268020393873 1221741.214100122219 1196.3004466733455047
85200 2462.846352401972581 -1706.5975341796875 -1584.6702974326187814 1228635.0325812622905 1196.3004466733455047
85250 2478.2115227015087839 -1700.50634765625 -1577.8184330232290904 1232769.8045949388761 1196.3004466733455047
85300 2488.0209741029270845 -1700.6494140625 -1577.4758664941507504 1231792.4922254919074 1196.3004466733455047
85350 2826.2133837864876114 -1713.708251953125 -1573.7919360178682382 1221054.85202334309 1196.3004466733455047
85400 2635.2542696171940406 -1709.6817626953125 -1579.2191900273214742 1220865.0378930212464 1196.3004466733455047
85450 2565.6700487989669455 -1695.7276611328125 -1568.7099691238563537 1257842.160791242728 1196.3004466733455047
85500 2647.1400569653569619 -1708.2020263671875 -1577.1510283569043622 1204599.9546570361126 1196.3004466733455047
85550 2572.095117044946619 -1709.2760009765625 -1581.940225455665086 1237344.0050978180952 1196.3004466733455047
85600 2516.8991684893476304 -1708.5333251953125 -1583.930115382565873 1240171.7185362710152 1196.3004466733455047
85650 2456.8214843693185685 -1708.2752685546875 -1586.6463027534580306 1226351.4966054763645 1196.3004466733455047
85700 2475.3657491902094989 -1708.337158203125 -1585.7901282421430551 1246106.9657334622461 1196.3004466733455047
85750 2664.0740808136565647 -1718.20458984375 -1586.315245286668187 1221286.053752591135 1196.3004466733455047
85800 2544.1468582508987311 -1715.4273681640625 -1589.4752169051198507 1246846.4670932735316 1196.3004466733455047
85850 2412.4735120201003156 -1705.564208984375 -1586.130762086954519 1248203.1842039667536 1196.3004466733455047
85900 2623.3834565569663937 -1707.36181640625 -1577.4869277539357881 1228720.4446050608531 1196.3004466733455047
85950 2604.1998898858628309 -1708.928955078125 -1580.0037802692584137 1226900.2688987774309 1196.3004466733455047
86000 2539.3033547597415236 -1703.04638671875 -1577.3340210218566426 1178110.6895929058082 1196.3004466733455047
86050 2542.6488567890687591 -1700.838623046875 -1574.9606328003342242 1228180.1411454628687 1196.3004466733455047
86100 2542.383414811251896 -1700.23779296875 -1574.3729438614607261 1221279.9321097307838 1196.3004466733455047
86150 2717.5677446039317147 -1707.15869140625 -1572.6210555324712459 1215793.970583723858 1196.3004466733455047
86200 2532.5250694239002769 -1704.123291015625 -1578.7464954204053811 1229310.9687286128756 1196.3004466733455047
86250 2527.7542356725107311 -1705.096923828125 -1579.9563161606336053 1207612.7897186668124 1196.3004466733455047
86300 2531.0035857978405147 -1703.657958984375 -1578.3564869245033151 1190427.9809866743162 1196.3004466733455047
86350 2647.5447841619657083 -1706.0478515625 -1574.9768168704033542 1178197.2244375701994 1196.3004466733455047
86400 2677.169321533801849 -1703.5970458984375 -1571.059400031780342 1222680.4663887480274 1196.3004466733455047
86450 2550.6288530094543603 -1697.317138671875 -1571.0440856608809099 1217044.6685772561468 1196.3004466733455047
86500 2612.1468344355935187 -1696.8853759765625 -1567.5667746802555484 1231330.9204826257192 1196.3004466733455047
86550 2643.7560461691300588 -1694.0740966796875 -1563.1906296585398195 1235896.0315677064937 1196.3004466733455047
86600 2526.8148013466338853 -1689.439208984375 -1564.3451095496636754 1254115.8203207633924 1196.3004466733455047
86650 2645.1551753200333224 -1704.357421875 -1573.4046886769119737 1183108.0529452618212 1196.3004466733455047
86700 2722.8804220937367973 -1699.9443359375 -1565.1436872755184595 1210646.1393668779638 1196.3004466733455047
86750 2616.6893720903303802 -1694.014404296875 -1564.47091724449092 1222254.0518243743572 1196.3004466733455047
86800 2746.7864225659254771 -1698.4630126953125 -1562.4788583808547173 1237476.6759379508439 1196.3004466733455047
86850 2500.6157867128727048 -1686.25537109375 -1562.4582967278884098 1227939.6684148062486 1196.3004466733455047
86900 2669.5601241737954297 -1696.4638671875 -1564.302927081258531 1199176.7636791558471 1196.3004466733455047
86950 2541.8267518609286526 -1695.629150390625 -1569.7918597931331988 1198454.7462470401078 1196.3004466733455047
87000 2656.9273998148082683 -1701.8782958984375 -1570.3427594728505028 1219520.6631974969059 1196.3004466733455047
87050 2522.2422810958400987 -1686.31884765625 -1561.4511183150711986 1254641.8988176893909 1196.3004466733455047
87100 2561.0598450758548097 -1683.71728515625 -1556.9278288227560552 1213399.1115170533303 1196.3004466733455047
87150 2741.989616501420187 -1690.347900390625 -1554.6012198057346723 1240159.1641931007616 1196.3004466733455047
87200 2493.2408047677727154 -1681.876953125 -1558.4449893023718232 1267225.5358465984464 1196.3004466733455047
87250 2804.7419724863084411 -1692.2216796875 -1553.3683410859032392 1262082.4785720214713 1196.3004466733455047
87300 2753.5131627087416746 -1687.6748046875 -1551.3576321004532019 1259230.9016204525251 1196.3004466733455047
87350 2573.5587417456863477 -1674.5107421875 -1547.1025075319830648 1281235.4399065473117 1196.3004466733455047
87400 2721.4789092661035284 -1680.1170654296875 -1545.3858009524610679 1245677.1613624773454 1196.3004466733455047
87450 2729.0065142795351676 -1673.9573974609375 -1538.8534665858596782 1256535.0608338459861 1196.3004466733455047
87500 2660.8596078031905563 -1674.8316650390625 -1543.1014582257469101 1246746.8313117490616 1196.3004466733455047
87550 2714.990860974840416 -1681.31787109375 -1546.9078080586127726 1268639.4800731977448 1196.3004466733455047
87600 2679.2033698985924275 -1679.6954345703125 -1547.057089812599088 1246679.1717194591183 1196.3004466733455047
87650 2663.3564931556575175 -1682.0335693359375 -1550.1797501295045549 1259021.5262948307209 1196.3004466733455047
87700 2638.0703482382054972 -1679.3321533203125 -1548.7301660743930825 1239130.1213240383659 1196.3004466733455047
87750 2543.3080370865795885 -1675.597900390625 -1549.6872763453434345 1238580.9290738576092 1196.3004466733455047
87800 2753.7249648336678547 -1691.6663818359375 -1555.3387236382864103 1238077.9478534453083 1196.3004466733455047
87850 2852.9178464733340661 -1683.099853515625 -1541.861489478972544 1251878.9051892384887 1196.3004466733455047
87900 2669.4627794135226395 -1673.6495361328125 -1541.4934152381390504 1275229.9710416060407 1196.3004466733455047
87950 2563.8034712597336693 -1670.192138671875 -1543.2668546368515763 1295418.1548072181176 1196.3004466733455047
88000 2805.1602294031872589 -1680.6279296875 -1541.7538845931594551 1264824.2862896772567 1196.3004466733455047
88050 2591.4904405432084786 -1675.571044921875 -1547.2750721894658454 1262190.712608153699 1196.3004466733455047
88100 2530.0092755007303822 -1665.618408203125 -1540.3661611007410102 1258675.5544301371556 1196.3004466733455047
88150 2820.4023609218220372 -1674.8978271484375 -1535.2691954042272755 1270666.2429265666287 1196.3004466733455047
88200 2635.4639799581286752 -1673.8961181640625 -1543.423163442654868 1242680.8665768133942 1196.3004466733455047
88250 2604.3415104237242303 -1669.2498779296875 -1540.3176919644688496 1269645.2156605930068 1196.3004466733455047
88300 2537.4863895484932073 -1659.7020263671875 -1534.079612504787292 1252549.2119837324135 1196.3004466733455047
88350 2707.3356807820350696 -1664.903076171875 -1530.8719953524976063 1233908.94314242783 1196.3004466733455047
88400 2704.2962186125655535 -1669.8046875 -1535.9240802264689592 1264173.477203034563 1196.3004466733455047
88450 2515.70345275840873 -1662.216796875 -1537.6727829251483399 1262639.5851841690019 1196.3004466733455047
88500 2614.0156898201980766 -1663.373291015625 -1533.962168976924886 1239585.7489791060798 1196.3004466733455047
88550 2608.2277374784162021 -1665.877685546875 -1536.7531055552533417 1225498.2445345770102 1196.3004466733455047
88600 2559.0020304883305471 -1668.8011474609375 -1542.1135666042266621 1241411.531686472008 1196.3004466733455047
88650 2618.6148517271067249 -1666.7161865234375 -1537.0773754524454944 1258529.7775957165286 1196.3004466733455047
88700 2642.6139576185782971 -1663.3741455078125 -1532.5472194482856594 1260098.5918774832971 1196.3004466733455047
88750 2671.0527346980920811 -1662.3358154296875 -1530.1009811982239626 1282163.3314576453995 1196.3004466733455047
88800 2842.8835482881981989 -1663.28955078125 -1522.5479510876984932 1253505.3447988352273 1196.3004466733455047
88850 2698.5913681940623974 -1653.162353515625 -1519.5641741925446695 1273038.480672192527 1196.3004466733455047
88900 2754.8758028156257751 -1658.0234375 -1521.6388051858161816 1314555.8054342239629 1196.3004466733455047
88950 2865.3123306127399701 -1663.4439697265625 -1521.5919964809761495 1276197.6625378895551 1196.3004466733455047
89000 2629.4208720797096248 -1659.1767578125 -1529.0029770303278838 1304453.1110869054683 1196.3004466733455047
89050 2444.9497842265186591 -1657.4364013671875 -1536.3951634981083316 1292590.2196304558311 1196.3004466733455047
89100 2633.7618279998628168 -1668.082275390625 -1537.6935884858403369 1277868.8702162257396 1196.3004466733455047
89150 2671.0710749594609297 -1671.204833984375 -1538.9690917882762733 1287301.030781899346 1196.3004466733455047
89200 2690.0078500011250071 -1663.0341796875 -1529.8609414712052512 1273997.639296823414 1196.3004466733455047
89250 2744.4227935551693918 -1657.068359375 -1521.2012203805177251 1288029.703809481347 1196.3004466733455047
89300 2981.3726285047046076 -1663.522216796875 -1515.9244886834676436 1337269.4853940559551 1196.3004466733455047
89350 2728.502560172743415 -1659.5516357421875 -1524.4726539394009706 1334029.924083173275 1196.3004466733455047
89400 2878.9817419138448713 -1663.6446533203125 -1521.1159535114643404 1292042.3282425939105 1196.3004466733455047
89450 2859.1929889524776627 -1658.642822265625 -1517.0937970373274766 1306858.3695652331226 1196.3004466733455047
89500 2749.6356391657513996 -1656.898193359375 -1520.772983917149304 1256343.5713951643556 1196.3004466733455047
89550 2661.7022485026377581 -1653.541259765625 -1521.7693366463149687 1274865.0871892482974 1196.3004466733455047
89600 2626.9321024503424269 -1658.76611328125 -1528.7155431100495662 1247216.544297213899 1196.3004466733455047
89650 2636.7725175704522371 -1663.104248046875 -1532.566512030810145 1275859.139882939402 1196.3004466733455047
89700 2605.5408368877533576 -1663.6785888671875 -1534.6870282838265211 1275376.7183236880228 1196.3004466733455047
89750 2765.3887202446976517 -1670.115478515625 -1533.210387029870617 1264876.4744623936713 1196.3004466733455047
89800 2546.1662918113861451 -1665.075439453125 -1539.02331283291619 1248427.9471870884299 1196.3004466733455047
89850 2476.5358866545298042 -1659.8360595703125 -1537.2311000403585695 1237284.8674079582561 1196.3004466733455047
89900 2650.9831359018176045 -1672.5826416015625 -1541.341385683039789 1270156.5068482360803 1196.3004466733455047
89950 2517.5572411106804793 -1665.298828125 -1540.6630393508335146 1300569.4252848825417 1196.3004466733455047
90000 2712.8610974838106813 -1670.6302490234375 -1536.3256234132263671 1301763.5652611539699 1196.3004466733455047
90050 2625.6801308107501427 -1660.67041015625 -1530.6818208887111723 1299372.4518812666647 1196.3004466733455047
90100 2710.8559302301005118 -1666.5963134765625 -1532.3909569507675315 1284934.1187897573691 1196.3004466733455047
90150 2732.2215749796741875 -1659.743896484375 -1524.4807987709925783 1272774.3160471636802 1196.3004466733455047
90200 2809.6645604012960575 -1668.325439453125 -1529.2284000857321189 1266390.2102615095209 1196.3004466733455047
90250 2707.8125389681172237 -1661.6474609375 -1527.5927724737025528 1277461.0967193404213 1196.3004466733455047
90300 2706.9826479716211907 -1654.0487060546875 -1520.0351027019871708 1269743.1677929454017 1196.3004466733455047
90350 2635.5125903795637896 -1654.180908203125 -1523.7055469433003054 1261424.3782614222728 1196.3004466733455047
90400 2782.4410649709975587 -1661.4852294921875 -1523.7359337910511385 1293126.4433575496078 1196.3004466733455047
90450 2744.6461062747016513 -1658.3145751953125 -1522.4363807394138348 1306294.1313481098041 1196.3004466733455047
90500 2799.1163538170017091 -1658.9384765625 -1520.3636434140234996 1317950.0303962067701 1196.3004466733455047
90550 2683.1579141607180645 -1656.629638671875 -1523.7955177326693956 1288011.4223965827841 1196.3004466733455047
90600 2653.7960522104444863 -1662.1009521484375 -1530.7204382074332898 1281584.0093683970626 1196.3004466733455047
90650 2546.518743235110378 -1664.16162109375 -1538.0920457893630555 1260441.3707478791475 1196.3004466733455047
90700 2643.0927484629405626 -1656.0517578125 -1525.2011284291438642 1273412.6529964348301 1196.3004466733455047
90750 2743.2102784634325872 -1654.4814453125 -1518.6743338607450369 1304725.804909854196 1196.3004466733455047
90800 2865.7926746678554082 -1659.03271484375 -1517.1569613800957086 1287067.7879617537837 1196.3004466733455047
90850 2749.0520979837715458 -1660.4039306640625 -1524.3076103824528218 1298407.8617033383343 1196.3004466733455047
90900 2832.260093426711137 -1653.175537109375 -1512.9598689237736835 1306321.0340108654927 1196.3004466733455047
90950 2701.6852544677440164 -1641.0479736328125 -1507.2966264095941824 1292096.1616910565645 1196.3004466733455047
91000 2948.247685389871549 -1660.188232421875 -1514.2304087943712148 1289738.9906338923611 1196.3004466733455047
91050 2818.7777111929631246 -1659.9649658203125 -1520.4167650181009321 1283956.1552350786515 1196.3004466733455047
91100 2745.9412810897929376 -1655.930908203125 -1519.9885939997016067 1261118.2813773169182 1196.3004466733455047
91150 2699.9525210341812453 -1651.764404296875 -1518.0988388762314116 1308894.4437428610399 1196.3004466733455047
91200 2808.1090544381277141 -1653.5487060546875 -1514.5286745540856828 1311429.3229111419059 1196.3004466733455047
91250 2904.1477296220673452 -1654.5562744140625 -1510.781691223864982 1301704.6986409628298 1196.3004466733455047
91300 2968.4793345288012461 -1659.7056884765625 -1512.7462639688658328 1312511.027804951882 1196.3004466733455047
91350 2841.6528725893749652 -1661.1640625 -1520.4833894197320205 1277164.9220595683437 1196.3004466733455047
91400 2785.0626742977615322 -1655.562744140625 -1517.6836613820332786 1284862.9114738823846 1196.3004466733455047
91450 2882.4650131099774626 -1660.578857421875 -1517.8777125754504596 1310953.435300485231 1196.3004466733455047
91500 2764.125472685999739 -1652.3138427734375 -1515.4712904241621345 1330006.2290545555297 1196.3004466733455047
91550 2831.779648018766693 -1662.1102294921875 -1521.9183465422918289 1304319.2208641686011 1196.3004466733455047
91600 2703.4237998264679845 -1660.4990234375 -1526.6616066828462408 1268765.7599894658197 1196.3004466733455047
91650 2837.5069683747642557 -1671.7490234375 -1531.2736001261478123 1284116.2685599678662 1196.3004466733455047
91700 2816.1066997310972511 -1675.3824462890625 -1535.9664782778033896 1250115.3759720302187 1196.3004466733455047
91750 2847.2034158216679316 -1674.0634765625 -1533.1080147614095495 1280084.0783046630677 1196.3004466733455047
91800 2880.2492756544324948 -1678.960205078125 -1536.3687539383531657 1315963.8010726361535 1196.3004466733455047
91850 2694.1679244581282546 -1670.470703125 -1537.091513618764111 1289220.7491547702812 1196.3004466733455047
91900 2651.219597118488764 -1668.26953125 -1537.0165689322054732 1317565.4009778676555 1196.3004466733455047
91950 2854.1875542388279428 -1680.251708984375 -1538.9504859881403718 1288760.0240735432599 1196.3004466733455047
92000 2557.7478057881089626 -1674.6571044921875 -1548.0316160805896288 1254369.3747094038408 1196.3004466733455047
92050 2743.8190721228597795 -1681.012451171875 -1545.1752003943067848 1273791.6297954805195 1196.3004466733455047
92100 2729.0416872435362166 -1673.4775390625 -1538.3718668923127098 1280253.7246578107588 1196.3004466733455047
92150 2701.4191283382915572 -1661.35400390625 -1527.6158316923288112 1276987.7887356609572 1196.3004466733455047
92200 2781.9818098678460956 -1660.6737060546875 -1522.9471465285603244 1254558.8520288951695 1196.3004466733455047
92250 2754.9004601302603987 -1662.098388671875 -1525.7125356570024906 1286251.5560691934079 1196.3004466733455047
92300 2695.2862853649639874 -1667.06103515625 -1533.6264793642026234 1300128.5039042474236 1196.3004466733455047
92350 2769.4871636766197298 -1667.57763671875 -1530.4696450877506777 1301234.8438124393579 1196.3004466733455047
92400 2749.1697596098042595 -1665.47607421875 -1529.3739289059037674 1247336.2708170225378 1196.3004466733455047
92450 2784.9549567329167985 -1662.994140625 -1525.1203906006317084 1267312.0593732416164 1196.3004466733455047
92500 2651.732907148636059 -1655.863037109375 -1524.5846625390015561 1254193.7030044896528 1196.3004466733455047
92550 2502.0674692097586558 -1654.482666015625 -1530.6137237334776273 1282476.2829396482557 1196.3004466733455047
92600 2798.0266998921802042 -1669.2879638671875 -1530.7670758184265196 1299918.6680652736686 1196.3004466733455047
92650 2877.7225047480442299 -1671.7242431640625 -1529.2578839506336408 1272609.9166688001715 1196.3004466733455047
92700 2778.5604851823322861 -1656.8428955078125 -1519.2857142559380463 1311010.9441956826486 1196.3004466733455047
92750 2873.2176877852330108 -1663.16552734375 -1520.9221864618509699 1256328.0656081240159 1196.3004466733455047
92800 2752.72914094816133 -1654.53271484375 -1518.2543565362557274 1298068.4384476393461 1196.3004466733455047
92850 2904.8314339250578087 -1661.5927734375 -1517.784342347560596 1263823.3431392482016 1196.3004466733455047
92900 3049.1316101134721066 -1671.08203125 -1520.1297839298645158 1271284.2803137456067 1196.3004466733455047
92950 2953.9247168801466614 -1666.10498046875 -1519.8661061123364107 1296610.5858716426883 1196.3004466733455047
93000 2736.2403406010562321 -1663.4609375 -1527.9988842216991998 1331869.471923990408 1196.3004466733455047
93050 2620.3956387618559347 -1655.722412109375 -1525.9954402636883515 1277057.8965419454034 1196.3004466733455047
93100 2839.9885579362530734 -1664.813232421875 -1524.2149539605547943 1283460.4919033257756 1196.3004466733455047
93150 2844.6257558644088022 -1673.638916015625 -1532.8110654865718061 1270763.5170337785967 1196.3004466733455047
93200 2821.0233665169230335 -1668.05078125 -1528.3914056081280251 1289199.3363048359752 1196.3004466733455047
93250 2716.7985529207444415 -1662.2286376953125 -1527.7290819138497682 1289846.1141658057459 1196.3004466733455047
93300 2719.4263362390424845 -1665.368896484375 -1530.7392479919083144 1321227.3817343157716 1196.3004466733455047
93350 2801.1321285803073806 -1674.5162353515625 -1535.8416079765584072 1293193.5616060185712 1196.3004466733455047
93400 2809.3163896452515473 -1667.7880859375 -1528.7082833328304332 1266029.3475740146823 1196.3004466733455047
93450 2884.4585611993793464 -1665.272705078125 -1522.4728663730168137 1293764.0434050806798 1196.3004466733455047
93500 2779.550928154862504 -1657.129638671875 -1519.523423920741152 1305963.1752149679232 1196.3004466733455047
93550 2814.8729404476634954 -1655.91455078125 -1516.5596620411738513 1296907.2189249093644 1196.3004466733455047
93600 2794.0323980654029583 -1658.044677734375 -1519.7215341303690366 1262707.3914959933609 1196.3004466733455047
93650 2991.6299315287537866 -1660.7359619140625 -1512.6304292382715175 1254257.0624003442936 1196.3004466733455047
93700 2845.1622276222615255 -1654.8392333984375 -1513.9848239575935622 1301107.423459101934 1196.3004466733455047
93750 2860.2124674377928386 -1657.3150634765625 -1515.7155672984565626 1303163.8846804786008 1196.3004466733455047
93800 2828.1694944672540259 -1654.5771484375 -1514.5639920437045021 1339981.4635813350324 1196.3004466733455047
93850 2869.9446151329993882 -1656.46240234375 -1514.3811002767247373 1322686.9229616282973 1196.3004466733455047
93900 2771.1533240004209802 -1663.1240234375 -1525.9335458146074416 1318733.3302519908175 1196.3004466733455047
93950 2851.6213186241097901 -1668.2447509765625 -1527.0705736716026877 1300796.0960993012413 1196.3004466733455047
94000 2820.4461409702535093 -1665.684326171875 -1526.053527024763298 1274961.0165855523665 1196.3004466733455047
94050 2624.2987128001000201 -1660.951171875 -1531.0309719654358105 1272864.9941443072166 1196.3004466733455047
94100 2576.4495435947887927 -1659.671630859375 -1532.1202823303106015 1307549.7547318497673 1196.3004466733455047
94150 2789.3175784089794433 -1663.1025390625 -1525.0128103168378857 1272703.2554453758057 1196.3004466733455047
94200 2732.3969390706192826 -1654.962158203125 -1519.6903788036063361 1268446.4502093247138 1196.3004466733455047
94250 2724.8046811569383863 -1655.770263671875 -1520.8743514177765519 1264166.8427732617129 1196.3004466733455047
94300 2915.5072483643161831 -1664.178466796875 -1519.8415120524521171 1265030.2136944716331 1196.3004466733455047
94350 2702.9669044752431546 -1656.626953125 -1522.8121557219769784 1276340.3808277919888 1196.3004466733455047
94400 2598.6337408550716646 -1663.833740234375 -1535.1841267369093202 1285052.4937777288724 1196.3004466733455047
94450 2779.710646400564201 -1671.27734375 -1533.663221885888106 1262528.4501280870754 1196.3004466733455047
94500 2780.3833842751942029 -1662.9954833984375 -1525.3480565455556643 1284599.8382113524713 1196.3004466733455047
94550 2929.9018921850715742 -1668.1043701171875 -1523.0547849874742496 1292236.0690525032114 1196.3004466733455047
94600 2792.8506914068211699 -1661.51611328125 -1523.2514719980997597 1261369.3142626115587 1196.3004466733455047
94650 2722.7646299798570908 -1657.9324951171875 -1523.1375789331855231 1274400.22709722328 1196.3004466733455047
94700 2528.072339967348853 -1654.478271484375 -1529.3219155434967433 1272320.5143787756097 1196.3004466733455047
94750 2835.8431203155455478 -1664.3619384765625 -1523.9688866846636301 1290057.2037411362398 1196.3004466733455047
94800 2865.0776150530368795 -1668.7598876953125 -1526.9195344273948649 1274433.2752797300927 1196.3004466733455047
94850 2600.9504717432459984 -1650.093505859375 -1521.3291988101957486 1286928.8828668976203 1196.3004466733455047
94900 2997.9966122413193261 -1662.398681640625 -1513.9779560232293534 1238040.4451061466243 1196.3004466733455047
94950 2918.7521338361357266 -1664.2913818359375 -1519.793783729108327 1295983.0961430240422 1196.3004466733455047
95000 2798.2805968139477955 -1659.991455078125 -1521.4579974469945682 1293584.732813684037 1196.3004466733455047
95050 2901.5937037349040111 -1659.1534423828125 -1515.5053004213577879 1316916.4506455720402 1196.3004466733455047
95100 2895.4379781150782946 -1659.248046875 -1515.9046541782595341 1305768.5683964584023 1196.3004466733455047
95150 2762.8630357302818084 -1660.87353515625 -1524.0934818132272994 1335234.8886419846676 1196.3004466733455047
95200 2692.2780213992882636 -1657.396728515625 -1524.1111017513194383 1299144.9429313673172 1196.3004466733455047
95250 2778.7375918038369491 -1647.45263671875 -1509.8866875139137846 1319654.6125580181833 1196.3004466733455047
95300 2909.1618647308700929 -1652.72265625 -1508.6998401004477728 1325094.6752378868405 1196.3004466733455047
95350 2802.5345128916947033 -1647.341796875 -1508.5977421710122144 1327430.3578186058439 1196.3004466733455047
95400 2933.5205730833604321 -1655.6131591796875 -1510.3844253336251313 1309485.4424183745869 1196.3004466733455047
95450 2915.8379690871825005 -1655.333984375 -1510.9806567602863652 1322284.7677663604263 1196.3004466733455047
95500 2752.298394880376236 -1646.6409912109375 -1510.383957692029071 1289990.990700695198 1196.3004466733455047
95550 2822.6606521498802067 -1653.0147705078125 -1513.274338362843082 1290685.0972597047221 1196.3004466733455047
95600 2880.0154678301482818 -1653.8402099609375 -1511.2603338599078597 1268788.1822869442403 1196.3004466733455047
95650 2955.1173465806646163 -1656.3052978515625 -1510.0073804112371363 1300305.9578266793396 1196.3004466733455047
95700 2885.8793028675991081 -1643.52294921875 -1500.6527743736837692 1339557.2390906692017 1196.3004466733455047
95750 2940.7007516996636696 -1648.935546875 -1503.3513465431042277 1324141.8099108308088 1196.3004466733455047
95800 2776.3231694978244377 -1641.5848388671875 -1504.1384195874827583 1293729.933508298127 1196.3004466733455047
95850 3292.2721734879410178 -1656.3583984375 -1493.369079862610306 1305000.5309607298113 1196.3004466733455047
95900 3007.2502917625984082 -1650.68408203125 -1501.8052378744366706 1318001.0879162973724 1196.3004466733455047
95950 2862.1045539154520156 -1648.6097412109375 -1506.9165741971814896 1323685.347091635922 1196.3004466733455047
96000 2850.0415607107115648 -1656.9954833984375 -1515.8995145927297017 1263858.0848580943421 1196.3004466733455047
96050 2754.6938644468491475 -1650.2498779296875 -1513.8742527720166891 1293100.3009804338217 1196.3004466733455047
96100 2899.3561132407553487 -1651.5001220703125 -1507.9627556859281867 1289208.1100627619307 1196.3004466733455047
96150 2817.9610299763307921 -1650.87939453125 -1511.3716248683786034 1290750.5492467731237 1196.3004466733455047
96200 2815.0109218150687411 -1656.62646484375 -1517.2647451104069205 1311309.0910634587053 1196.3004466733455047
96250 2809.2334897535502023 -1646.30517578125 -1507.2294772713048587 1297276.1926981115248 1196.3004466733455047
96300 3092.8774645555499774 -1654.769775390625 -1501.6518179984584549 1311489.0180120719597 1196.3004466733455047
96350 2926.9764534224818817 -1655.5980224609375 -1510.6932659618237267 1266134.580391951371 1196.3004466733455047
96400 2964.62826899592892 -1652.52880859375 -1505.7600373838106407 1290956.6094914551359 1196.3004466733455047
96450 2830.512467624303099 -1651.835205078125 -1511.7060559661751995 1318244.9268529189285 1196.3004466733455047
96500 3027.495501750722724 -1665.643798828125 -1515.76268243909999 1293270.3517783305142 1196.3004466733455047
96550 2858.9962590237064433 -1657.2816162109375 -1515.7423304195224318 1286312.5549590052105 1196.3004466733455047
96600 2849.7183872194777905 -1649.1607666015625 -1508.0807970280998234 1280056.1731974035501 1196.3004466733455047
96650 2726.2941865170259916 -1647.5982666015625 -1512.6286139484748219 1294301.4884914834984 1196.3004466733455047
96700 3026.8091055633190081 -1652.417724609375 -1502.5705893862323137 1322857.6790426429361 1196.3004466733455047
96750 3106.5850747063727795 -1656.179443359375 -1502.3828683074157198 1298852.7052716345061 1196.3004466733455047
96800 3017.6903552677808875 -1653.333251953125 -1503.9375553773982119 1246859.3850072121713 1196.3004466733455047
96850 2795.6883208345620915 -1647.8214111328125 -1509.4162883637995947 1292368.0091397268698 1196.3004466733455047
96900 2970.8167574720700941 -1640.0830078125 -1493.0078653590596787 1341519.3519890550524 1196.3004466733455047
96950 3089.6172601518574083 -1643.2421875 -1490.285631859016803 1340796.3943616347387 1196.3004466733455047
97000 3056.5061629844249182 -1642.6900634765625 -1491.3727268552113401 1312523.3182384266984 1196.3004466733455047
97050 3122.9003037891548047 -1647.884765625 -1493.2804784731695236 1366879.8483970321249 1196.3004466733455047
97100 3032.7469705341909503 -1648.658203125 -1498.517104184888467 1352100.8985249118414 1196.3004466733455047
97150 3016.249240323639242 -1651.135009765625 -1501.8106579422019422 1320360.9895694493316 1196.3004466733455047
97200 3111.450893582536537 -1646.658447265625 -1492.6209818919842292 1340653.4055601723958 1196.3004466733455047
97250 3068.515043362466713 -1654.6004638671875 -1502.6886079817770678 1321116.0580078740604 1196.3004466733455047
97300 3040.1259573493261996 -1651.859375 -1501.3529672490140001 1343307.9607058325782 1196.3004466733455047
97350 3007.5523726388851173 -1651.536376953125 -1502.6425777884671788 1309603.8568585324101 1196.3004466733455047
97400 3047.8334686085368048 -1654.72607421875 -1503.8380935169723216 1326269.3131679820362 1196.3004466733455047
97450 2899.7107149018625023 -1655.8895263671875 -1512.3346048476066699 1295699.2404051236808 1196.3004466733455047
97500 3027.6379823360125556 -1657.582275390625 -1507.6941052671932084 1282355.0052701099776 1196.3004466733455047
97550 2672.0982965776529454 -1642.458251953125 -1510.1716554707606974 1308555.3726301696151 1196.3004466733455047
97600 2863.6692205808458311 -1644.618408203125 -1502.8477798070316567 1325433.6171293284278 1196.3004466733455047
97650 2801.4237498094366856 -1647.75732421875 -1509.0682596578412813 1291241.3247865140438 1196.3004466733455047
97700 3050.7255447467623526 -1658.245849609375 -1507.2146919482827343 1289811.1698951402213 1196.3004466733455047
97750 2876.2893092851581969 -1650.0069580078125 -1507.6115514798152617 1336871.9784593868535 1196.3004466733455047
97800 3037.219318978145111 -1643.9691162109375 -1493.6066063464254512 1303624.1908531156369 1196.3004466733455047
97850 3069.2015021986417196 -1657.872314453125 -1505.9264743003022886 1297384.1969318776391 1196.3004466733455047
97900 2880.5606062612996539 -1646.0947265625 -1503.4878624918433161 1318229.0895370726939 1196.3004466733455047
97950 2903.4133803059485217 -1656.7276611328125 -1512.9894331065636379 1305160.7270563929342 1196.3004466733455047
98000 2932.8293024062077166 -1646.224365234375 -1501.0298538737824856 1326626.9765025884844 1196.3004466733455047
98050 3033.3911366554725646 -1644.9293212890625 -1494.756331851560617 1328269.6759677033406 1196.3004466733455047
98100 2976.2230961041627779 -1640.2425537109375 -1492.8997616212593584 1297004.8095357532147 1196.3004466733455047
98150 3089.6330628309538042 -1654.6534423828125 -1501.6961044043546281 1275248.2891234569252 1196.3004466733455047
98200 3038.1808353158012324 -1653.8076171875 -1503.3975058840987913 1320478.049973001238 1196.3004466733455047
98250 3007.0198607133747828 -1658.249755859375 -1509.3823195685315568 1296489.8983741207048 1196.3004466733455047
98300 2821.2762277311585422 -1649.443603515625 -1509.7717095657787922 1308503.6955024325289 1196.3004466733455047
98350 2972.9897292739810837 -1646.329345703125 -1499.1466267266596333 1341352.6527646954637 1196.3004466733455047
98400 3154.6374023539697191 -1652.268310546875 -1496.0928264234578364 1347023.8929346082732 1196.3004466733455047
98450 2831.4330153936730312 -1636.979736328125 -1496.8050139932643106 1288512.7470050833654 1196.3004466733455047
98500 3008.299473076554932 -1647.3587646484375 -1498.4279790547038829 1324296.0834854806308 1196.3004466733455047
98550 3140.1218781707557355 -1657.4921875 -1502.0353181419206976 1312754.0296964438166 1196.3004466733455047
98600 2985.8001811492222259 -1652.453125 -1504.6362036515083673 1323355.0016600303352 1196.3004466733455047
98650 2840.9062123203921146 -1641.477783203125 -1500.8340747606621335 1321432.6304828829598 1196.3004466733455047
98700 3134.0354691181723865 -1653.71044921875 -1498.5548974953539982 1312287.8341158996336 1196.3004466733455047
98750 3075.3292992439983209 -1650.8065185546875 -1498.5573117869080306 1317177.365645814687 1196.3004466733455047
98800 3034.3110817204924388 -1651.8857421875 -1501.6672093649519866 1309640.6104513579048 1196.3004466733455047
98850 3035.6503237348133553 -1653.5931396484375 -1503.3083054595933845 1293222.233122944599 1196.3004466733455047
98900 3093.9981765577254009 -1650.8187255859375 -1497.6452855131396973 1335104.7946839162614 1196.3004466733455047
98950 3013.8519420445049946 -1644.5709228515625 -1495.365253200313191 1343735.9506721438374 1196.3004466733455047
99000 2989.9197038215602333 -1649.73291015625 -1501.7120451002408572 1326692.751159069594 1196.3004466733455047
99050 3041.2818207535733563 -1652.0479736328125 -1501.4843429735442442 1311116.1564407879487 1196.3004466733455047
99100 2814.7251717276863019 -1643.0595703125 -1503.7119971045872262 1313193.7680224971846 1196.3004466733455047
99150 2946.7084495947487994 -1649.406494140625 -1503.5248728986327933 1287037.8230602785479 1196.3004466733455047
99200 3016.6808193992001179 -1646.86083984375 -1497.515121992328659 1321493.268589168787 1196.3004466733455047
99250 3147.6351225401926968 -1647.0794677734375 -1491.2506429646750803 1360665.2787873067427 1196.3004466733455047
99300 3097.9044056052780434 -1650.81005859375 -1497.4432342631787378 1301905.8014225307852 1196.3004466733455047
99350 2837.6806249892920277 -1628.218017578125 -1487.73399711204911 1320641.5591239801142 1196.3004466733455047
99400 3066.6501943590433257 -1636.22509765625 -1484.4055641707798259 1297995.5844760849141 1196.3004466733455047
99450 3288.9344227736237372 -1644.2369384765625 -1481.4128607097932218 1327362.543774679536 1196.3004466733455047
99500 3034.5990181598485833 -1645.4903564453125 -1495.2575688584040563 1303767.6295274854638 1196.3004466733455047
99550 2907.1793052797947894 -1637.177490234375 -1493.2528239329935786 1290402.8657876588404 1196.3004466733455047
99600 2978.8906591374684467 -1643.056396484375 -1495.5815423238404946 1275478.3401405564509 1196.3004466733455047
99650 3062.0149029479389355 -1637.9849853515625 -1486.3949295485804214 1324282.7312211852986 1196.3004466733455047
99700 2966.710365614787861 -1644.609619140625 -1497.7377703322270008 1270263.6791151291691 1196.3004466733455047
99750 2903.2115325153254162 -1642.2252197265625 -1498.496984505317414 1254053.6238065557554 1196.3004466733455047
99800 3096.3751319963675996 -1646.49072265625 -1493.1996075168683547 1311146.2163494699635 1196.3004466733455047
99850 3079.68433333753228 -1644.08251953125 -1491.6177096778592386 1303311.9374186128844 1196.3004466733455047
99900 2929.4747083960437521 -1643.108154296875 -1498.079717599311607 1325284.2145685481373 1196.3004466733455047
99950 3066.5491240866899716 -1642.2861328125 -1490.4716029761666505 1298379.1778586285654 1196.3004466733455047
100000 3085.1292535226771179 -1648.7796630859375 -1496.0452935534237895 1283688.6481730989181 1196.3004466733455047
