step temp pe etotal press vol
# Fix print output for fix thermofile
0 400.00000000000005684 -1007.74835205078125 -997.87287697278122778 6321.6696090170007665 1964.7040162035737012
10 359.456730975867913 -1006.802001953125 -997.9274869821961147 80.928937483822579679 1964.7040162035737012
20 355.9275906192493153 -1006.5989990234375 -997.81161389660508121 11467.359867234074045 1964.7040162035737012
30 349.46633446883123497 -1006.388671875 -997.76080668338261148 -1822.8953292996141045 1964.7040162035737012
40 379.92913161466776728 -1006.82012939453125 -997.44017771786411686 12465.585677820505225 1964.7040162035737012
50 377.68102806263522098 -1006.50531005859375 -997.18086110842887138 -4099.7472678624471882 1964.7040162035737012
60 378.63935597742397476 -1006.89764404296875 -997.54953523420624606 13331.726821519550867 1964.7040162035737012
70 361.23979367444235322 -1006.33404541015625 -997.41550896112175906 -3437.5995109993373262 1964.7040162035737012
80 348.152012962539402 -1006.33837890625 -997.74296258783226676 12230.598133329829579 1964.7040162035737012
90 369.60804517672863767 -1006.42730712890625 -997.30216953197850671 -1369.9769266623984549 1964.7040162035737012
100 392.66886102669764114 -1007.0115966796875 -997.31711780224804897 7853.1026956023615639 1964.7040162035737012
110 372.86507017987804602 -1006.45953369140625 -997.25398442136099675 821.10056055438883504 1964.7040162035737012
120 354.6480843728067498 -1006.25396728515625 -997.49817148844601888 9338.6653382009099005 1964.7040162035737012
130 366.8281850840584184 -1006.36175537109375 -997.30524887182980365 -142.41548697760990194 1964.7040162035737012
140 379.98093329810660634 -1006.5076904296875 -997.12645983743595934 7800.5256820764170698 1964.7040162035737012
150 390.37490106066877615 -1006.7962646484375 -997.15842063218417479 1399.7010707180697864 1964.7040162035737012
160 390.9829563248202362 -1006.795166015625 -997.1423099128536478 5864.1477254568735589 1964.7040162035737012
170 401.01266430311608246 -1007.255126953125 -997.35465052240544992 521.94572517234212228 1964.7040162035737012
180 381.79703137355954823 -1006.8250732421875 -997.3990055717275709 4835.6870736995688276 1964.7040162035737012
190 394.26819674155291295 -1006.857177734375 -997.12321335695196467 3503.8974320079232712 1964.7040162035737012
200 375.13299612169350894 -1006.7783203125 -997.51677892716190854 2929.4800441426064026 1964.7040162035737012
210 397.32984939023896231 -1007.3101806640625 -997.50062810056545004 3756.2581352798210901 1964.7040162035737012
220 370.40487497937652961 -1006.5296630859375 -997.38485280686620627 628.66129605318508311 1964.7040162035737012
230 368.77737981761504216 -1006.520751953125 -997.41612239382754979 7688.6055492095983936 1964.7040162035737012
240 354.09185941608348003 -1006.30377197265625 -997.56170864019077271 -1858.3191811404894906 1964.7040162035737012
250 403.38871134362608473 -1007.41815185546875 -997.45901394141742458 7944.9968208993968801 1964.7040162035737012
260 364.21210264325304706 -1006.8834228515625 -997.89150399466393537 -4515.7448641664423121 1964.7040162035737012
270 375.01513288469908503 -1006.81658935546875 -997.55795785877944581 8910.068848528448143 1964.7040162035737012
280 335.2599429577089154 -1005.9326171875 -997.65548915917361228 -3442.5039477583363805 1964.7040162035737012
290 351.3746563364721851 -1006.28790283203125 -997.61292367780208679 9193.5227085925416759 1964.7040162035737012
300 348.44262051891780629 -1005.94244384765625 -997.33985281003731416 -4399.3007144594585043 1964.7040162035737012
310 364.02095013245883592 -1006.52008056640625 -997.53288101414875655 7238.6126664735838858 1964.7040162035737012
320 357.07422196142442772 -1006.31988525390625 -997.50419130396551282 -2756.2806539802122643 1964.7040162035737012
330 381.56365260919818638 -1006.72113037109375 -997.30082451606176619 6412.2406622135749785 1964.7040162035737012
340 357.37087001049349055 -1006.255615234375 -997.43259743339547185 -3656.6130472457589349 1964.7040162035737012
350 361.20422139065703959 -1006.4620361328125 -997.54437791678287795 7215.7170491464703446 1964.7040162035737012
360 348.75905108494436035 -1006.1361083984375 -997.52570510539680981 -2415.5105416972628518 1964.7040162035737012
370 365.08258136871774013 -1006.2523193359375 -997.23890950164081914 5920.8499853322855415 1964.7040162035737012
380 341.35771839066865141 -1005.4395751953125 -997.01190109368747017 -1301.2670601821928358 1964.7040162035737012
390 350.01223536844872797 -1005.3109130859375 -996.66957031749700491 6548.2459968504581411 1964.7040162035737012
400 344.41940865854547837 -1005.1143798828125 -996.6111166663450831 -0.71795884609275351096 1964.7040162035737012
410 371.58967639769133484 -1006.04681396484375 -996.87275249357503526 2383.1210218810847437 1964.7040162035737012
420 352.76620500714739137 -1005.4344482421875 -996.72511357741564098 -289.17258057311317998 1964.7040162035737012
430 362.32058674651824504 -1005.49200439453125 -996.54678458287730791 1732.913337408117286 1964.7040162035737012
440 315.37035257897963447 -1004.5587158203125 -996.77263567722798143 3002.0979856083613413 1964.7040162035737012
450 367.78159759773336646 -1005.68585205078125 -996.605807047722692 73.470797759232254975 1964.7040162035737012
460 363.96345860862106747 -1005.349853515625 -996.36407335364469873 694.20076526858588295 1964.7040162035737012
470 388.88148717177784874 -1006.2828369140625 -996.68186332691129792 -476.53934857685214865 1964.7040162035737012
480 363.45665065677945904 -1005.491943359375 -996.518675620639101 1208.0799947462826367 1964.7040162035737012
490 401.26497337704279289 -1006.08953857421875 -996.18283296357049039 -1123.8580590668925652 1964.7040162035737012
500 363.39794093554070287 -1005.4188232421875 -996.4470049694239151 1242.1613664747251278 1964.7040162035737012
510 383.95317730240805076 -1006.037353515625 -996.55805343170288779 -707.93473470416643067 1964.7040162035737012
520 380.94665553806208891 -1005.77642822265625 -996.37135521562231588 1458.6688634191261826 1964.7040162035737012
530 387.95017234433447584 -1006.0128173828125 -996.43483673658181488 238.20596708462261404 1964.7040162035737012
540 371.32413792952525 -1004.8984375 -995.7309318250428305 285.88742976517227135 1964.7040162035737012
550 380.13034808664338016 -1005.1971435546875 -995.81222410738473627 4165.7860689494291364 1964.7040162035737012
560 367.89949520221978219 -1004.9564208984375 -995.87346515824174276 -558.25074348230759824 1964.7040162035737012
570 396.41495170142349025 -1005.49932861328125 -995.71236367309631987 3908.2201856291462718 1964.7040162035737012
580 366.96131425705448237 -1004.8704833984375 -995.81069011459828744 -620.66605859099672671 1964.7040162035737012
590 392.54982821969599627 -1005.2017822265625 -995.51024211292053678 4444.7928519678325756 1964.7040162035737012
600 395.64848056304975898 -1005.21234130859375 -995.44429953497137831 332.94696073894016308 1964.7040162035737012
610 394.48217957963595381 -1005.06610107421875 -995.3268537413341619 1930.3758470623749872 1964.7040162035737012
620 394.50211237036535294 -1004.80352783203125 -995.06378838470152459 3008.786617591536924 1964.7040162035737012
630 385.66687806054648036 -1004.4349365234375 -994.91332741669498319 2182.6240150591502243 1964.7040162035737012
640 376.59386562027219725 -1004.73614501953125 -995.43853668337953877 3879.0766572117859141 1964.7040162035737012
650 379.50566309864780123 -1004.5670166015625 -995.19751980683611237 1453.7215824024922313 1964.7040162035737012
660 383.05314218033930729 -1005.1453857421875 -995.68830634430867121 3364.9485248312894328 1964.7040162035737012
670 375.52452882489996 -1004.96636962890625 -995.69516181493622753 813.17187310809254086 1964.7040162035737012
680 378.58380753705813504 -1005.101806640625 -995.75506924995863756 3718.7133276476452011 1964.7040162035737012
690 373.85899234347436959 -1004.7449951171875 -995.51490721325205868 787.55865351859210932 1964.7040162035737012
700 370.63889338878817625 -1005.0069580078125 -995.85637012131633128 1705.8608556385204338 1964.7040162035737012
710 364.826023877062255 -1004.75579833984375 -995.7487225733343621 2775.461163161229706 1964.7040162035737012
720 373.22148854280948171 -1005.28643798828125 -996.07208921658479994 -191.99497578247706997 1964.7040162035737012
730 379.08829366631590574 -1005.52960205078125 -996.17040955962318094 2777.0648610786956851 1964.7040162035737012
740 406.26966610394634927 -1005.6138916015625 -995.58362669517021004 -1017.6608511936602781 1964.7040162035737012
750 386.22243905878963233 -1004.68255615234375 -995.14723097362013959 1857.7876530785636078 1964.7040162035737012
760 361.48150726697917889 -1003.86041259765625 -994.93590855722391098 5187.0903297643044425 1964.7040162035737012
770 375.20334607840385388 -1004.0640869140625 -994.80080868061372712 219.99080976310352753 1964.7040162035737012
780 390.0349935188019117 -1004.35540771484375 -994.72595556973669773 4471.8623554351361236 1964.7040162035737012
790 393.41414115216798564 -1004.26751708984375 -994.55463822414117203 -1447.5149277614041239 1964.7040162035737012
800 398.70054172779236978 -1004.33209228515625 -994.48869912661143644 6347.6501339411106528 1964.7040162035737012
810 397.35258546460869411 -1004.76611328125 -994.95599939391343014 -3443.6991826201078766 1964.7040162035737012
820 399.93384531140083027 -1005.3668212890625 -995.49297948350886145 3575.8291739966020941 1964.7040162035737012
830 400.98075246953897022 -1005.23358154296875 -995.33389297354221981 -2590.9983376601735472 1964.7040162035737012
840 361.43035662313980083 -1004.3980712890625 -995.47483009090137784 2484.0836819438254679 1964.7040162035737012
850 364.64936121183512796 -1004.1595458984375 -995.15683170129727841 1493.7986859238869783 1964.7040162035737012
860 370.57459126848067399 -1003.97113037109375 -994.82213001956392873 92.887810205175753708 1964.7040162035737012
870 384.22083432794369173 -1004.0911865234375 -994.60527833880257731 3755.0834274484095658 1964.7040162035737012
880 376.71500400436093514 -1003.828369140625 -994.52777005674067823 -1214.9977580070626573 1964.7040162035737012
890 371.1219219327887231 -1003.88824462890625 -994.72573140153940585 5207.2286533109590891 1964.7040162035737012
900 379.45099154549001241 -1003.662353515625 -994.29420648980033093 -1135.573419857408453 1964.7040162035737012
910 398.16932913833403518 -1003.85467529296875 -994.02439707614473718 3791.5922804201300096 1964.7040162035737012
920 412.02046387031191443 -1004.2374267578125 -994.06518220136933905 1251.5714024496148795 1964.7040162035737012
930 421.38232494983571996 -1004.40704345703125 -994.00366683615175134 -1430.2614111262473671 1964.7040162035737012
940 406.31098747929257797 -1004.240234375 -994.20894929807673179 2419.9349343103303909 1964.7040162035737012
950 399.26649772744718803 -1003.9854736328125 -994.12810776334310958 -1746.8480321668860142 1964.7040162035737012
960 408.06459797782758869 -1004.26849365234375 -994.19391423348338321 3525.1056334270556363 1964.7040162035737012
970 406.66853654346857638 -1004.6839599609375 -994.64384746683310823 -3273.2584834359390698 1964.7040162035737012
980 406.231292146027954 -1004.9730224609375 -994.94370495720795589 54.911544219242188092 1964.7040162035737012
990 383.23856139684085065 -1004.46893310546875 -995.0072759504610076 670.53668488134860581 1964.7040162035737012
1000 395.63592131188971734 -1004.27459716796875 -994.50686546577594527 -746.09503904829318799 1964.7040162035737012
1010 402.73901037868392905 -1004.00311279296875 -994.06001514313607004 3303.3662170931224864 1964.7040162035737012
1020 367.01526459855449502 -1003.03875732421875 -993.97763207724722179 -2718.6258092423017843 1964.7040162035737012
1030 357.49586327766149907 -1002.67401123046875 -993.84790750975218998 7917.5366952572330774 1964.7040162035737012
1040 368.00693587279107533 -1003.0216064453125 -993.93599813595528758 -2519.3085968136683732 1964.7040162035737012
1050 392.62286191394224488 -1003.716552734375 -994.0232095146645861 5193.0873525769911794 1964.7040162035737012
1060 388.33724993214360666 -1003.9481201171875 -994.36058303327763497 -2747.2465098717257206 1964.7040162035737012
1070 385.32150811706605964 -1003.92510986328125 -994.41202748721264015 3686.7051072797767119 1964.7040162035737012
1080 378.46054539330987154 -1003.9178466796875 -994.57415246959271826 -522.58993535528736629 1964.7040162035737012
1090 384.11399725044742581 -1004.11962890625 -994.6363583888555695 3414.2724078166402251 1964.7040162035737012
1100 359.24029235829033269 -1003.55926513671875 -994.69009375122436722 -1663.7519909726295282 1964.7040162035737012
1110 371.07711971016567531 -1003.850341796875 -994.68893467759062332 5781.3682720206315935 1964.7040162035737012
1120 357.05408915161888217 -1003.6942138671875 -994.8790169699004764 -3368.0002859692071979 1964.7040162035737012
1130 366.17009527576652772 -1004.0421142578125 -995.0018551323007614 7581.328901153174229 1964.7040162035737012
1140 367.18994557758173869 -1003.90960693359375 -994.84416904248473656 -5956.7361019037098231 1964.7040162035737012
1150 366.31862915677936599 -1004.47125244140625 -995.4273262092940513 8182.1936475043548853 1964.7040162035737012
1160 367.22447577979619382 -1004.627197265625 -995.56090686913751142 -4259.6274686425613254 1964.7040162035737012
1170 374.95020406541544844 -1004.70819091796875 -995.45116242862115996 4491.876063376379534 1964.7040162035737012
1180 348.84151132645325788 -1004.427978515625 -995.81553938743434173 -1860.4310726666756182 1964.7040162035737012
1190 361.99603876566982308 -1004.35113525390625 -995.4139281059934774 1848.6555697052660889 1964.7040162035737012
1200 366.2742117161715214 -1004.53857421875 -995.49574459495715928 1730.6124051465503726 1964.7040162035737012
1210 393.37716620438084192 -1004.85272216796875 -995.14075616520472067 -1942.4001078985970707 1964.7040162035737012
1220 383.49813554836856611 -1005.0513916015625 -995.58332590139400509 3402.9765915340458378 1964.7040162035737012
1230 374.88476247148446419 -1004.96197509765625 -995.70656227538347594 -2539.2756142783382529 1964.7040162035737012
1240 385.99309160059124224 -1005.3653564453125 -995.83569355435793113 2275.6085518309132567 1964.7040162035737012
1250 388.13940178116547486 -1005.298583984375 -995.71593151167564884 -1876.948726437682808 1964.7040162035737012
1260 380.26784736325652148 -1004.929931640625 -995.54161751662365987 1201.0025438664724788 1964.7040162035737012
1270 367.44631968909737907 -1004.937255859375 -995.86548842789375158 -187.45397093932982102 1964.7040162035737012
1280 371.42623276709724678 -1004.7254638671875 -995.55543760467026004 -454.94153369891705552 1964.7040162035737012
1290 365.06138590657519671 -1004.647705078125 -995.63481853197367855 2017.7175748631568695 1964.7040162035737012
1300 351.97714173476055066 -1004.32269287109375 -995.63283914302553512 -1365.7305266397061132 1964.7040162035737012
1310 364.4164600895020385 -1004.85052490234375 -995.85356072827664775 3084.4870711096664309 1964.7040162035737012
1320 345.31675469943172629 -1004.6494140625 -996.1239965498748461 -3109.4416416189119445 1964.7040162035737012
1330 361.94840625199105943 -1005.14990234375 -996.21387118009158712 5873.7285353971092263 1964.7040162035737012
1340 371.71993199746333403 -1005.0931396484375 -995.9158623373455157 -4702.4574540986732245 1964.7040162035737012
1350 392.22932456610323015 -1005.7421875 -996.05856020096666725 5578.452838425482696 1964.7040162035737012
1360 333.51838861811694414 -1004.68988037109375 -996.45574903396141053 -4224.4494163566159841 1964.7040162035737012
1370 345.31930881203896888 -1004.8394775390625 -996.31399696874882466 7953.2554046745744927 1964.7040162035737012
1380 343.25336089317670485 -1004.6854248046875 -996.21094977733673659 -4135.151255026193212 1964.7040162035737012
1390 402.69977959371396992 -1005.962158203125 -996.02002910989051543 6422.7627678267926967 1964.7040162035737012
1400 365.50954797633147564 -1004.99200439453125 -995.96805331500297598 -3553.2970955758519267 1964.7040162035737012
1410 379.51294140181994408 -1005.1282958984375 -995.75861941195717009 7530.8081438760291348 1964.7040162035737012
1420 354.5046695378321715 -1004.3118896484375 -995.55963457579878195 6.5353502236834133399 1964.7040162035737012
1430 398.78257447289502124 -1005.21148681640625 -995.36606837703686779 5882.2390194370518657 1964.7040162035737012
1440 380.04220012667872197 -1004.68267822265625 -995.29993503280797995 1071.7449186091907904 1964.7040162035737012
1450 405.32641247237194193 -1004.9881591796875 -994.98118196762231946 3661.0749064774358885 1964.7040162035737012
1460 379.02694326937029246 -1004.3858642578125 -995.02818642744455246 3533.84360983231727 1964.7040162035737012
1470 401.71994893792674475 -1004.89971923828125 -994.98178087810140369 2694.853191232208701 1964.7040162035737012
1480 400.74676151133280655 -1005.0455322265625 -995.15162058682653878 2529.7057542394677512 1964.7040162035737012
1490 417.6590641275871576 -1005.52197265625 -995.21051845901797606 2379.8870588846079954 1964.7040162035737012
1500 409.11682469830833497 -1004.9478759765625 -994.84731846081592721 2212.0082767708677238 1964.7040162035737012
1510 410.68958491098072727 -1004.92919921875 -994.78981231729358115 3832.1817611664491778 1964.7040162035737012
1520 354.49000150856625169 -1004.08001708984375 -995.32812415159867214 1820.430407857624914 1964.7040162035737012
1530 366.17601400093502662 -1004.59429931640625 -995.55389406533720376 5521.8513103831855915 1964.7040162035737012
1540 353.5148167930518639 -1004.27587890625 -995.54806199889117124 1767.1645890803945349 1964.7040162035737012
1550 382.04917487018963129 -1004.89532470703125 -995.46303194452866592 3276.915920492629084 1964.7040162035737012
1560 368.20597128393416142 -1004.32147216796875 -995.23094993550557774 3499.1070507468175492 1964.7040162035737012
1570 369.97772424876291097 -1003.9210205078125 -994.78675601972793174 2053.8199337813853163 1964.7040162035737012
1580 375.19608795975619842 -1004.08441162109375 -994.82131258106960559 5305.6099677175943725 1964.7040162035737012
1590 396.39409931054444769 -1004.37640380859375 -994.58995368657485869 346.13785362256885492 1964.7040162035737012
1600 406.00428732063357984 -1004.65814208984375 -994.63442903735358414 1728.7248297579180871 1964.7040162035737012
1610 402.85116582385717265 -1004.784912109375 -994.8390454887830856 643.91823358046701742 1964.7040162035737012
1620 381.74754497893025018 -1004.27105712890625 -994.84621121258851417 1004.5753827671268255 1964.7040162035737012
1630 369.60800665498169337 -1004.2457275390625 -995.12059089318620408 1544.5171767262900175 1964.7040162035737012
1640 372.04294667031393828 -1004.25042724609375 -995.06517512662287572 1065.7468146031815195 1964.7040162035737012
1650 370.9502883728673055 -1004.37872314453125 -995.22044732452332028 177.39929675835927014 1964.7040162035737012
1660 379.2402720791168349 -1004.4324951171875 -995.06955047845940499 1430.8948915995747484 1964.7040162035737012
1670 396.18510594149330473 -1004.45947265625 -994.67818230624993703 690.27849742898342811 1964.7040162035737012
1680 382.27095466186131034 -1004.82623291015625 -995.38846469564009567 -429.89445055763241044 1964.7040162035737012
1690 380.44608226726234079 -1004.944091796875 -995.55137728699230593 -446.91950901802653107 1964.7040162035737012
1700 400.55155355633883119 -1005.2342529296875 -995.34516071818802629 334.46028307036755223 1964.7040162035737012
1710 393.05132856685634124 -1004.7540283203125 -995.05010682122053822 -724.64217523100762719 1964.7040162035737012
1720 381.15291941775126361 -1004.54998779296875 -995.13982240142638602 831.09406155800832039 1964.7040162035737012
1730 374.20650623545009239 -1004.22344970703125 -994.98478214114720686 202.98283640191831978 1964.7040162035737012
1740 396.02887013864636856 -1004.453125 -994.67569190694325698 2363.5681643948014425 1964.7040162035737012
1750 408.69498173659030726 -1004.48883056640625 -994.39868779979781266 -3583.4957818333618889 1964.7040162035737012
1760 406.48015114540152126 -1004.6922607421875 -994.65679923634229453 6366.2601628794182034 1964.7040162035737012
1770 416.2887213478297781 -1004.46136474609375 -994.18374251378634199 -7193.5418353730383387 1964.7040162035737012
1780 414.44190876406366897 -1004.52197265625 -994.28994580305436557 8575.0389059332173929 1964.7040162035737012
1790 398.16575882923018526 -1004.1668701171875 -994.33668004660989936 -8236.0768065904412651 1964.7040162035737012
1800 402.07072704772855332 -1004.59228515625 -994.66568654486707146 9775.3855383936934231 1964.7040162035737012
1810 394.02771500602619881 -1004.62005615234375 -994.8920289533855339 -8606.8683697056421806 1964.7040162035737012
1820 398.43988245300892004 -1004.6680908203125 -994.831132997197642 9246.5482285683119699 1964.7040162035737012
1830 386.57308402125289604 -1004.64044189453125 -995.09645975183752853 -8327.2850764542417892 1964.7040162035737012
1840 388.74622654473228067 -1005.0621337890625 -995.46449960928987366 7855.3422052952182639 1964.7040162035737012
1850 373.53063673200773565 -1004.99114990234375 -995.76916866755266255 -5938.7249898032814599 1964.7040162035737012
1860 373.94928456044630138 -1004.95819091796875 -995.72587381768721571 6078.3630119708641359 1964.7040162035737012
1870 376.40963114456309313 -1004.7215576171875 -995.42849778846925801 -3692.194456600147987 1964.7040162035737012
1880 391.47553720308934544 -1004.807861328125 -995.14284404988552524 4356.8133710756137589 1964.7040162035737012
1890 386.35116851149632566 -1004.65069580078125 -995.11219246080258927 -1064.4556451260634731 1964.7040162035737012
1900 387.43465588695130464 -1004.42535400390625 -994.86010078249353228 2762.6171437377802249 1964.7040162035737012
1910 377.07724118230908061 -1004.08184814453125 -994.7723059000890089 1348.1094189134082626 1964.7040162035737012
1920 363.43826880868681428 -1003.68170166015625 -994.70888774512707187 2272.9013852055222742 1964.7040162035737012
1930 366.77431826014594662 -1003.67889404296875 -994.62371744489746561 4130.7167883194642855 1964.7040162035737012
1940 377.37200093535864198 -1004.036865234375 -994.72004575844471219 -86.285382468500174014 1964.7040162035737012
1950 379.96575323840710325 -1004.20001220703125 -994.81915639053272571 2771.3553051322428473 1964.7040162035737012
1960 365.87574045638893949 -1004.0704345703125 -995.03744267900788145 1161.27616094259497 1964.7040162035737012
1970 378.46884348241258067 -1004.64862060546875 -995.3047215264435863 1721.6606410248446082 1964.7040162035737012
1980 370.32276006098192056 -1004.71978759765625 -995.57700462816023901 -147.358854365359349 1964.7040162035737012
1990 369.29267063593147213 -1004.67138671875 -995.55403530536693779 3448.5338226908288561 1964.7040162035737012
2000 323.20444320925531656 -1003.83184814453125 -995.85235458450154056 1807.4930987221587202 1964.7040162035737012
2010 334.77994785616851914 -1003.854736328125 -995.58945874895562156 3219.841919865707041 1964.7040162035737012
2020 358.60551547053199783 -1004.4385986328125 -995.58509905565608733 1454.5026295166778709 1964.7040162035737012
2030 377.57270473912222997 -1005.03741455078125 -995.71563996132056218 449.82714136718209375 1964.7040162035737012
2040 355.95237831039418097 -1005.00689697265625 -996.21889987025838309 3013.9735379529124657 1964.7040162035737012
2050 358.8804591981008798 -1004.93206787109375 -996.07178029411363696 -3129.460103736815654 1964.7040162035737012
2060 350.00533290717788759 -1004.40264892578125 -995.7614765700513999 6281.5893219180143205 1964.7040162035737012
2070 340.52110985937565601 -1003.927490234375 -995.52047089950212921 -2742.7034740939302537 1964.7040162035737012
2080 346.01676134131656681 -1003.982421875 -995.43972211700884145 8378.2269332158957695 1964.7040162035737012
2090 380.79439404955894588 -1004.80242919921875 -995.40111532852245091 -3630.0128438533329245 1964.7040162035737012
2100 393.50687504479094514 -1005.02484130859375 -995.30967296477751916 4934.433358458119983 1964.7040162035737012
2110 384.09857584469466474 -1004.79229736328125 -995.30940758015731262 1385.448750401872303 1964.7040162035737012
2120 363.326074365607667 -1004.248291015625 -995.27824703416217744 2726.3886015280804713 1964.7040162035737012
2130 339.15912070509386922 -1004.08563232421875 -995.71223871421989315 4713.8366298537875991 1964.7040162035737012
2140 343.08987727802576728 -1003.5980224609375 -995.1275836295044428 398.67028463198073496 1964.7040162035737012
2150 344.20354871057423907 -1003.70831298828125 -995.21037907065510808 7340.1115089401637306 1964.7040162035737012
2160 332.63257418514575647 -1003.4967041015625 -995.28444236032146364 49.832338570738720307 1964.7040162035737012
2170 372.34401017715998705 -1004.2054443359375 -995.01275935356966329 5218.1940611383806754 1964.7040162035737012
2180 408.05008345080238996 -1004.72735595703125 -994.65313488279571175 262.80652888299891856 1964.7040162035737012
2190 427.48484106319392595 -1005.226806640625 -994.67276690526909988 1113.738021329901585 1964.7040162035737012
2200 405.11317105375314895 -1005.06884765625 -995.06713509497274117 2826.4153133296522356 1964.7040162035737012
2210 397.26851634003128311 -1005.0623779296875 -995.2543395987124768 -2464.9899719221184569 1964.7040162035737012
2220 382.59109050867806445 -1004.7486572265625 -995.30298527810430187 5210.682850750506077 1964.7040162035737012
2230 352.26476160652856606 -1004.18707275390625 -995.49011806864905338 -2437.6048205033971499 1964.7040162035737012
2240 356.95363531492546372 -1004.26416015625 -995.45144333236487455 6269.9392978987398237 1964.7040162035737012
2250 363.36718407571089529 -1004.02276611328125 -995.0517071870244763 -2812.021168469422264 1964.7040162035737012
2260 377.95859619467955781 -1004.0777587890625 -994.74645704597139684 6645.9604751763108652 1964.7040162035737012
2270 365.22935274883070633 -1003.8251953125 -994.80816188543712997 -2160.3600177005032492 1964.7040162035737012
2280 380.54693283128091252 -1004.38055419921875 -994.98534982125715942 5268.459792478685813 1964.7040162035737012
2290 382.62938949321465998 -1004.69598388671875 -995.24936638659221444 -2822.4717709912133614 1964.7040162035737012
2300 399.62707795071889905 -1004.925537109375 -995.05926898738425734 3767.7487229418138668 1964.7040162035737012
2310 403.00806637333516846 -1004.59716796875 -994.64742767949292102 -1327.1446723027975167 1964.7040162035737012
2320 417.58889040621528466 -1004.68609619140625 -994.3763744912656648 3631.0778860954378615 1964.7040162035737012
2330 403.42661738045046604 -1004.50616455078125 -994.54609078642499753 -1362.0184272726446579 1964.7040162035737012
2340 393.71497987567869359 -1004.2315673828125 -994.51126120381866258 4005.6674200956008463 1964.7040162035737012
2350 385.36175456458749977 -1003.78497314453125 -994.27089713648888392 821.45116571016137641 1964.7040162035737012
2360 398.32532234817682593 -1003.78662109375 -993.95249160928563015 3287.6737929978626198 1964.7040162035737012
2370 383.2809532865983897 -1003.25970458984375 -993.79700083470902428 2891.0001355798044642 1964.7040162035737012
2380 391.18481753925323119 -1003.37109375 -993.71325395874782771 1339.9783863703207771 1964.7040162035737012
2390 377.10963839186615587 -1002.67120361328125 -993.36086152425014006 6861.4765021984094346 1964.7040162035737012
2400 402.13745145850805329 -1003.650390625 -993.72214467547769345 -1511.0248062480136468 1964.7040162035737012
2410 379.18482421325569476 -1003.337158203125 -993.97558249944040654 6711.0202123590088377 1964.7040162035737012
2420 419.25830792448323336 -1004.49102783203125 -994.14009040414953233 -3439.6281269975884243 1964.7040162035737012
2430 380.79246853141233942 -1003.501220703125 -994.09995437094482895 4881.8507808028325599 1964.7040162035737012
2440 413.20133662494760074 -1004.1439208984375 -993.9425221433475599 -1023.5618755999837504 1964.7040162035737012
2450 387.99575880008842432 -1003.2545166015625 -993.67541048556256555 1857.4877270960071201 1964.7040162035737012
2460 428.52670343755437443 -1004.16888427734375 -993.58912232720604152 594.52678559898879485 1964.7040162035737012
2470 383.36565638886020224 -1003.2564697265625 -993.79167476298925976 1015.8134965285207727 1964.7040162035737012
2480 401.48538135177244612 -1003.855224609375 -993.94307741507316223 3848.4473485789685583 1964.7040162035737012
2490 365.2335512701166067 -1002.67779541015625 -993.6606583271125146 -1727.484409459028484 1964.7040162035737012
2500 398.48911953697916033 -1003.45263671875 -993.61446329664602217 6172.1835234513573596 1964.7040162035737012
2510 350.03863806577288642 -1002.40386962890625 -993.76187501251729373 -562.61430144914140783 1964.7040162035737012
2520 392.43492285284213494 -1003.53314208984375 -993.84443883891856331 3343.7665558363287346 1964.7040162035737012
2530 373.94511082672852353 -1003.017822265625 -993.7856082093517216 1139.8466843547334975 1964.7040162035737012
2540 420.99045517989634391 -1004.30499267578125 -993.91129080526889084 1200.0990933132045484 1964.7040162035737012
2550 413.71534403641089739 -1004.03692626953125 -993.82283734598684077 2478.2918458643493977 1964.7040162035737012
2560 414.93983349478520495 -1004.1143798828125 -993.87005992144440825 -509.79878375220698672 1964.7040162035737012
2570 391.59940075990334662 -1003.34332275390625 -993.67524744699585426 5143.1178743431310068 1964.7040162035737012
2580 411.36124700451159697 -1003.82275390625 -993.66678454912982943 240.77683815360686026 1964.7040162035737012
2590 393.73665973669466212 -1003.79296875 -994.07212732368827801 3956.174711878819835 1964.7040162035737012
2600 412.46869526741352274 -1004.08740234375 -993.90409154232872879 1598.5580276475980099 1964.7040162035737012
2610 399.39679145368012314 -1003.74237060546875 -993.88178795488374817 3504.3759171046854135 1964.7040162035737012
2620 390.84679286543399712 -1003.81573486328125 -994.16624045763421691 1526.7543099865729346 1964.7040162035737012
2630 384.1743712318277062 -1003.830078125 -994.34531705323445294 5405.9703682403169296 1964.7040162035737012
2640 377.73211343929114037 -1003.80963134765625 -994.48392116658123996 308.72903413694126584 1964.7040162035737012
2650 377.21143965948294863 -1003.62579345703125 -994.31293802829691231 7760.5770370629716126 1964.7040162035737012
2660 387.99447730826045699 -1003.7176513671875 -994.13857688953908109 -1615.1708314882960167 1964.7040162035737012
2670 399.04617259421615927 -1004.16839599609375 -994.31646966503012663 7976.0323259066017272 1964.7040162035737012
2680 381.16969820900368404 -1003.872802734375 -994.46222309649556337 -1916.3486452186257338 1964.7040162035737012
2690 362.22457122772777893 -1003.8306884765625 -994.88783916206580216 8525.3032309540849383 1964.7040162035737012
2700 367.67122329826918303 -1003.71826171875 -994.64094171230044594 -1577.1313166473983074 1964.7040162035737012
2710 377.76243938328832428 -1003.849365234375 -994.52290634553958171 10135.146487601117769 1964.7040162035737012
2720 368.96518986184980804 -1003.8101806640625 -994.70091432123695085 -494.36683082342256057 1964.7040162035737012
2730 339.07013328943088482 -1003.57623291015625 -995.20503628267147178 8440.631017055538905 1964.7040162035737012
2740 377.07484040795895908 -1004.06689453125 -994.75741155877597066 148.61132420004477694 1964.7040162035737012
2750 383.72709845915153437 -1004.09393310546875 -994.62021461150220603 8161.3634007628279505 1964.7040162035737012
2760 396.62728562669559551 -1004.20294189453125 -994.41073470837818604 538.24090248233096645 1964.7040162035737012
2770 379.67992271330820131 -1003.6072998046875 -994.23350076875692594 7493.8332307320852124 1964.7040162035737012
2780 396.22961199667321353 -1003.66082763671875 -993.87843849062187473 1090.0141319524002483 1964.7040162035737012
2790 381.09167502034785002 -1003.396240234375 -993.98758688663315297 7852.0904951625798276 1964.7040162035737012
2800 396.37903966745938078 -1003.59051513671875 -993.80443681752478824 2652.5701596725684794 1964.7040162035737012
2810 401.20668287680729236 -1003.6358642578125 -993.73059776312004487 7486.2967896551435842 1964.7040162035737012
2820 422.64498921947625831 -1003.640380859375 -993.20583071467865466 1937.9956257898445529 1964.7040162035737012
2830 421.10172026480381646 -1003.47509765625 -993.0786487968050551 7151.8760626263801896 1964.7040162035737012
2840 411.50869204490766151 -1003.20941162109375 -993.04980203941909167 2118.0723297096678834 1964.7040162035737012
2850 411.27173953553091224 -1003.02392578125 -992.87016624607792892 7697.7083009270636467 1964.7040162035737012
2860 413.47757697275187638 -1003.34393310546875 -993.13571433870311012 -219.31657386850034186 1964.7040162035737012
2870 439.2795069218992694 -1003.6502685546875 -992.80503399747908588 7287.9058478585011471 1964.7040162035737012
2880 443.11847723976001134 -1003.52410888671875 -992.58409519026236012 -2064.2516047100089054 1964.7040162035737012
2890 399.86261919179986535 -1002.7772216796875 -992.90513835355648098 8498.4496846416641347 1964.7040162035737012
2900 388.55532607441352866 -1002.50482177734375 -992.91190067966363131 -1088.3351693080476252 1964.7040162035737012
2910 404.93921851503705511 -1002.7523193359375 -992.75490143456238457 8907.0620928077987628 1964.7040162035737012
2920 431.0386377167250771 -1003.2706298828125 -992.62885157174605411 -605.74569628272342925 1964.7040162035737012
2930 430.01677858802452192 -1003.5078125 -992.89126254983034414 7358.5336790463152283 1964.7040162035737012
2940 429.34641071093676601 -1003.69140625 -993.09140680298844472 -1289.4042653495530431 1964.7040162035737012
2950 418.35516667751778641 -1003.55364990234375 -993.22500984665282431 9059.8715488997004286 1964.7040162035737012
2960 389.11735479087371914 -1002.98779296875 -993.38099611961365554 382.2720427984608591 1964.7040162035737012
2970 386.45481533155026455 -1002.9415283203125 -993.40046607636293174 10526.166417253933105 1964.7040162035737012
2980 392.02176174233949268 -1002.7178955078125 -993.03939266251222762 -202.11413992581643129 1964.7040162035737012
2990 441.03590739392456044 -1003.19573974609375 -992.30714196616418121 10025.896234594438283 1964.7040162035737012
3000 401.94018898237396797 -1002.6617431640625 -992.73836736620739885 1503.4749385783140951 1964.7040162035737012
3010 437.30236159000526186 -1003.255615234375 -992.45919380079340044 8830.840761776882573 1964.7040162035737012
3020 430.82819451128796118 -1003.38616943359375 -992.74958668910380766 262.77591372901548539 1964.7040162035737012
3030 468.50765532354222387 -1004.53094482421875 -992.96410563921915582 5068.3696690684137138 1964.7040162035737012
3040 440.45628084880866027 -1003.85650634765625 -992.98221878647882477 2587.4832120520964054 1964.7040162035737012
3050 483.97551779815211148 -1004.4774169921875 -992.52869658124302532 1164.9152617823290257 1964.7040162035737012
3060 444.17718312905003586 -1003.52545166015625 -992.55929990463835111 4754.3237220127493856 1964.7040162035737012
3070 463.72356730524381874 -1004.2568359375 -992.8081096074895413 -821.05716912628815862 1964.7040162035737012
3080 431.21058855838066393 -1003.69775390625 -993.0517303545550476 6488.6257448049464074 1964.7040162035737012
3090 450.42863707659347483 -1004.32501220703125 -993.20452025736278756 -2259.2528207884802214 1964.7040162035737012
3100 411.43931470388639582 -1003.60711669921875 -993.44921995304969187 7297.4152361236128854 1964.7040162035737012
3110 397.03321112768611556 -1003.50201416015625 -993.6997852060818559 -1530.2555129012457655 1964.7040162035737012
3120 397.42072309431466692 -1003.42022705078125 -993.60843093478467836 8278.1018850911659683 1964.7040162035737012
3130 431.74768781200594958 -1004.6278076171875 -993.96852378975847842 -2052.0754345332534285 1964.7040162035737012
3140 400.89517804477333129 -1004.230712890625 -994.33313704144620715 4913.5116832746743967 1964.7040162035737012
3150 378.36216185422864555 -1004.1732177734375 -994.83195252381335649 417.48273541673654563 1964.7040162035737012
3160 364.30453045147135072 -1003.89837646484375 -994.90417568665372983 4655.8967797370032713 1964.7040162035737012
3170 386.16226883768950984 -1004.750732421875 -995.21689276694860382 704.86579999588639112 1964.7040162035737012
3180 391.14646525299690438 -1004.62744140625 -994.97054848261564075 929.82831320342313575 1964.7040162035737012
3190 411.0765792014882436 -1005.359130859375 -995.21018957674050398 1543.3034277289782494 1964.7040162035737012
3200 377.58504853133410961 -1004.89031982421875 -995.56824048272721939 434.95698625399984394 1964.7040162035737012
3210 400.47451286831034167 -1004.9755859375 -995.08839575948707079 4604.706156064433344 1964.7040162035737012
3220 383.90508602704778696 -1004.562744140625 -995.08463136718114583 -1265.6768005670537605 1964.7040162035737012
3230 386.44457911605985601 -1004.73419189453125 -995.19338236930911989 5001.059117654950569 1964.7040162035737012
3240 380.17653874405499437 -1004.67156982421875 -995.28550999020069412 -179.84579081843597237 1964.7040162035737012
3250 407.27642127400036998 -1005.2069091796875 -995.15178880931648564 3516.1414279794635149 1964.7040162035737012
3260 372.96773447243805322 -1004.546142578125 -995.33805866142324703 1626.9569859236598859 1964.7040162035737012
3270 362.26212218299707502 -1004.537841796875 -995.5940653985710469 2773.7126562440075759 1964.7040162035737012
3280 357.18426118338499009 -1004.22320556640625 -995.40479489248036771 3169.2430420283126296 1964.7040162035737012
3290 366.16972006515868543 -1004.20269775390625 -995.16244789185202535 2653.6596191707076287 1964.7040162035737012
3300 386.57220711132487168 -1004.2569580078125 -994.71299751487413232 3254.6955966257833097 1964.7040162035737012
3310 396.97197965354212101 -1004.59100341796875 -994.79028618863651445 271.17897613338857354 1964.7040162035737012
3320 377.0861564547746525 -1004.1007080078125 -994.79094565699267605 3137.2040850755092833 1964.7040162035737012
3330 393.71558440180263005 -1004.2669677734375 -994.54664666948701779 2290.2517122797266893 1964.7040162035737012
3340 403.98842546077707993 -1004.38275146484375 -994.40880739624788021 -19.378199067178144333 1964.7040162035737012
3350 410.92895194949363713 -1004.445556640625 -994.30026008111030933 3177.9851632865324973 1964.7040162035737012
3360 392.85338863121876329 -1003.60577392578125 -993.90673930394257241 -922.61456462714102145 1964.7040162035737012
3370 364.10099478176658749 -1003.2913818359375 -994.30220608633169377 6810.1426810349721563 1964.7040162035737012
3380 365.2306975451564881 -1002.822021484375 -993.8049548560555877 -819.92898425278769992 1964.7040162035737012
3390 386.0561091738821915 -1003.36065673828125 -993.82943802614045126 7180.4895054227908986 1964.7040162035737012
3400 394.74755383999229252 -1003.5306396484375 -993.7848405733167283 -2736.3743757416996232 1964.7040162035737012
3410 393.39998156061773216 -1003.46484375 -993.75231446603118002 5387.9209538019613319 1964.7040162035737012
3420 410.07808170879133058 -1003.588623046875 -993.46433335700191947 209.39815567676660635 1964.7040162035737012
3430 412.52209383911491614 -1003.50567626953125 -993.32104712744990138 1720.1777530551551081 1964.7040162035737012
3440 424.1366029188657194 -1003.8480224609375 -993.37664633145539028 4621.3201392300670705 1964.7040162035737012
3450 396.95227091435839384 -1003.1697998046875 -993.36956915826192471 -2568.9096211997125465 1964.7040162035737012
3460 425.72321891821616191 -1003.7803955078125 -993.26984791143058828 7672.4228174006893823 1964.7040162035737012
3470 406.62253506764716349 -1003.51666259765625 -993.47768581962191092 -3723.9350169576214284 1964.7040162035737012
3480 399.45962415323117511 -1003.703857421875 -993.84172351439383419 7964.5838602080193596 1964.7040162035737012
3490 392.36153450513995722 -1003.14208984375 -993.45519845482158416 -3508.9225514438994651 1964.7040162035737012
3500 381.81267725791178691 -1002.86981201171875 -993.44335806490630603 8008.1776700080690716 1964.7040162035737012
3510 394.09274433404607407 -1003.00830078125 -993.27866809352121891 1008.6342589350634853 1964.7040162035737012
3520 369.94964636057886764 -1002.85009765625 -993.71652637437796329 2971.3836070497059154 1964.7040162035737012
3530 397.97900339038500306 -1003.73565673828125 -993.9100774144086472 4430.7614451416493466 1964.7040162035737012
3540 375.38392341279882203 -1003.45123291015625 -994.1834964592939059 -750.95050364578696644 1964.7040162035737012
3550 389.23394245654367296 -1003.7894287109375 -994.17975346533432912 7994.2160789025683698 1964.7040162035737012
3560 366.70361232022850118 -1002.8902587890625 -993.83682782786002008 -2301.7738389103010377 1964.7040162035737012
3570 411.1917921884585212 -1003.69921875 -993.54743300991185606 9422.3885029214889073 1964.7040162035737012
3580 371.48873120699471428 -1002.9822998046875 -993.81073053770614933 -3911.0450773906322866 1964.7040162035737012
3590 364.28382397643179047 -1002.980712890625 -993.98702332813047633 9795.7650740216486156 1964.7040162035737012
3600 347.603180500130577 -1002.3428955078125 -993.76102914265607069 -2465.5890593547110257 1964.7040162035737012
3610 383.43567543285109878 -1003.4371337890625 -993.97061014717939997 9292.7106115396454697 1964.7040162035737012
3620 404.47474693338313045 -1003.57489013671875 -993.58893942916631659 -4544.781960276593054 1964.7040162035737012
3630 412.26344136754516967 -1003.84210205078125 -993.66385869879195525 10210.089236353107481 1964.7040162035737012
3640 381.42280817794784298 -1003.0751953125 -993.65836672164471111 -6628.3623644561612309 1964.7040162035737012
3650 400.86935187334285047 -1003.59259033203125 -993.69565209713323384 13322.021546560283241 1964.7040162035737012
3660 395.93229420444953348 -1003.2802734375 -993.50522467752148259 -8517.9411437670023588 1964.7040162035737012
3670 408.96285921450345313 -1004.10870361328125 -994.01194730328006699 11858.120832469705419 1964.7040162035737012
3680 389.00492779765380646 -1003.665283203125 -994.0612620289126653 -7859.9236672097686096 1964.7040162035737012
3690 388.26962038184728954 -1004.06243896484375 -994.47657156578009108 10032.959034410052482 1964.7040162035737012
3700 389.41700784186502915 -1003.9744873046875 -994.36029241495828046 -5165.3153070121179553 1964.7040162035737012
3710 415.43085722085197631 -1004.42254638671875 -994.16610369392697066 5285.3200267223483024 1964.7040162035737012
3720 408.24142605923032079 -1004.01727294921875 -993.93832787708095111 -1082.532564888273555 1964.7040162035737012
3730 417.81822758624815606 -1004.346435546875 -994.03105181271973834 1237.545054577062956 1964.7040162035737012
3740 416.45550240267436948 -1003.89739990234375 -993.61566006465977807 1696.8173658381865607 1964.7040162035737012
3750 411.09989727303980089 -1003.9154052734375 -993.76588829821685067 -1767.3930374030483108 1964.7040162035737012
3760 403.48979843483272134 -1003.90625 -993.94461637832387169 4425.9317961254382681 1964.7040162035737012
3770 398.21691294396794092 -1004.003173828125 -994.1717208295843875 -5043.9094453831712599 1964.7040162035737012
3780 417.82640882970798657 -1004.6278076171875 -994.31222189886739216 5360.5888721644887482 1964.7040162035737012
3790 405.41776903998419357 -1003.94659423828125 -993.93736155244948804 -6921.8146862985458938 1964.7040162035737012
3800 405.03629249164259818 -1004.14349365234375 -994.14367912187685761 6513.1294444828699852 1964.7040162035737012
3810 355.09853538199092782 -1003.0657958984375 -994.29887905743964893 -7135.3051203712475399 1964.7040162035737012
3820 384.89823627528448924 -1003.42242431640625 -993.9197919666494272 7200.7611039345156314 1964.7040162035737012
3830 360.93365481473273348 -1002.56878662109375 -993.65780833875783173 -7234.8331785311956992 1964.7040162035737012
3840 390.06330299795394012 -1003.3134765625 -993.68332549350338923 7496.8171907080768506 1964.7040162035737012
3850 401.22122979221239802 -1003.115966796875 -993.2103411579312251 -7872.7131332847484373 1964.7040162035737012
3860 414.90005861833839163 -1003.652099609375 -993.40876163750965588 5934.431841774267923 1964.7040162035737012
3870 392.30525922904195113 -1002.92864990234375 -993.24314787613195676 -4008.8644269119608907 1964.7040162035737012
3880 411.99933296582815956 -1003.712890625 -993.54116776285832202 2768.6062333382910765 1964.7040162035737012
3890 396.37830790846811624 -1003.2247314453125 -993.43867119228775664 -2549.9859158222743645 1964.7040162035737012
3900 416.59707834968213547 -1003.510498046875 -993.2252628848502809 2178.2285484391004502 1964.7040162035737012
3910 397.38325929145332793 -1003.0115966796875 -993.2007254958195972 -1744.1567738174651367 1964.7040162035737012
3920 408.06212869687027478 -1003.27178955078125 -993.19727109522727915 150.61849402482656046 1964.7040162035737012
3930 401.86788697600474052 -1002.71002197265625 -992.78843121645616066 -465.47486642829773018 1964.7040162035737012
3940 437.31502126258430962 -1003.4423828125 -992.64564882821582614 88.591753186474491599 1964.7040162035737012
3950 444.39721946907042138 -1003.3084716796875 -992.33688751568922726 -1713.3803645938285172 1964.7040162035737012
3960 469.83206814413784969 -1003.92254638671875 -992.32300918721216476 -358.82332098450007152 1964.7040162035737012
3970 457.44144170638929836 -1003.438720703125 -992.14509181008543237 -2663.4758410377316977 1964.7040162035737012
3980 462.63568843290892119 -1003.4659423828125 -992.04407435453106245 2290.842904737554818 1964.7040162035737012
3990 413.60027063261492231 -1002.5672607421875 -992.35601282997140515 -3795.1785620645318886 1964.7040162035737012
4000 401.59563290948437952 -1002.76788330078125 -992.8530141402030722 7275.5488985919300831 1964.7040162035737012
4010 390.14299502369334505 -1002.3636474609375 -992.7315289004055785 -4868.8586971449076373 1964.7040162035737012
4020 405.15902324371688792 -1002.95294189453125 -992.95009730285585192 7897.3710000707333165 1964.7040162035737012
4030 378.46126636509922037 -1002.590576171875 -993.24686416193287641 -4810.6332696053023028 1964.7040162035737012
4040 401.56091795209090378 -1003.52020263671875 -993.60619054288201824 8332.7367762226367631 1964.7040162035737012
4050 387.5235824481230793 -1003.4400634765625 -993.87261477505319363 -6136.8654113013462847 1964.7040162035737012
4060 411.79823967336216128 -1003.71075439453125 -993.54399626188489947 6196.4303543679734503 1964.7040162035737012
4070 415.35165846950883406 -1003.6866455078125 -993.43215812825849298 -3233.1534920685685393 1964.7040162035737012
4080 422.19806467798633776 -1003.7298583984375 -993.30634223416927853 4416.9274043230971074 1964.7040162035737012
4090 395.40194758112284035 -1003.6036376953125 -993.8416824974873407 -834.57038035018831579 1964.7040162035737012
4100 396.68609769376070062 -1003.32470703125 -993.53104785234052088 1668.8281680897464412 1964.7040162035737012
4110 385.50482017723777517 -1003.4688720703125 -993.9512639600395687 1856.1741451727850745 1964.7040162035737012
4120 369.0073606855518733 -1003.2484130859375 -994.13810560081572021 551.98126101024945456 1964.7040162035737012
4130 386.70221868958827827 -1003.6929931640625 -994.14582285587164279 1515.8108257687981677 1964.7040162035737012
4140 389.81459070528819666 -1003.64886474609375 -994.02485405721665757 962.52808563909786699 1964.7040162035737012
4150 395.07234723465370507 -1003.60955810546875 -993.85574030766179021 -13.30207656566732588 1964.7040162035737012
4160 391.95650472350257587 -1003.6636962890625 -993.98680455392013755 1837.1696893200053182 1964.7040162035737012
4170 402.18837907460323322 -1003.63995361328125 -993.71045032775009531 -807.71222662005561688 1964.7040162035737012
4180 427.98239479921875272 -1003.94061279296875 -993.37428910881260435 -347.25222483436016319 1964.7040162035737012
4190 426.26041606246423044 -1003.6751708984375 -993.1513606095305704 409.9156140267155024 1964.7040162035737012
4200 419.69815495861922727 -1003.41143798828125 -993.04964131434019237 -215.16060730044335969 1964.7040162035737012
4210 407.13610910361472861 -1003.2955322265625 -993.24387597954591911 955.87347935982961644 1964.7040162035737012
4220 416.55140632302624226 -1003.1968994140625 -992.91279183444021328 -670.72773914771187265 1964.7040162035737012
4230 439.55986398837774232 -1003.2530517578125 -992.40089555254678544 1565.421817043304145 1964.7040162035737012
4240 442.73056106578025037 -1003.1192626953125 -992.18882614012727572 -210.21318644320422209 1964.7040162035737012
4250 454.9867821473704339 -1003.27276611328125 -992.03973954349180531 -429.42895685123448857 1964.7040162035737012
4260 414.66421000473280856 -1002.7430419921875 -992.50552681308670344 215.77332027466096065 1964.7040162035737012
4270 418.05664212052562334 -1002.7314453125 -992.4101754363659893 1306.1779540831548729 1964.7040162035737012
4280 376.58298092271451196 -1001.98065185546875 -992.68331224821565684 1180.6904175333697822 1964.7040162035737012
4290 384.69788598857934403 -1002.349853515625 -992.85216755152623591 2740.6196281651982645 1964.7040162035737012
4300 366.99692089655377458 -1002.291259765625 -993.2305874005833175 -5.9038815213390494208 1964.7040162035737012
4310 398.86257394415287081 -1002.847900390625 -993.0005068692939858 1640.6047299181070684 1964.7040162035737012
4320 392.8781788010804803 -1002.73895263671875 -993.03930597811847747 -152.17806750369970814 1964.7040162035737012
4330 424.04298364698541945 -1003.00433349609375 -992.53526870357734424 680.66585172196562326 1964.7040162035737012
4340 432.77199776170664336 -1003.11865234375 -992.43407964787002129 -308.56150257952396032 1964.7040162035737012
4350 398.55947977441775265 -1002.81219482421875 -992.97228430018651579 393.73324954878364679 1964.7040162035737012
4360 419.50862500436954861 -1003.34552001953125 -992.98840259143946696 -331.64641712561711984 1964.7040162035737012
4370 409.02738301360153628 -1002.9232177734375 -992.82486845551159149 859.02816374095993979 1964.7040162035737012
4380 432.64841158269388188 -1002.9691162109375 -992.28759469563453877 -194.66605776342737499 1964.7040162035737012
4390 408.49200503685273134 -1002.0556640625 -991.97053252424075254 776.39207336263871184 1964.7040162035737012
4400 437.24677473300494057 -1002.5758056640625 -991.78075659703335987 1961.0740766498415724 1964.7040162035737012
4410 424.39130950555721711 -1002.53485107421875 -992.05718657336399247 -620.44753503746608203 1964.7040162035737012
4420 434.35697397265425934 -1002.86444091796875 -992.14073723941260141 2113.1381499302565317 1964.7040162035737012
4430 386.92746183538554305 -1001.8443603515625 -992.29162908568957846 -2595.4627896123461142 1964.7040162035737012
4440 394.67282324802607718 -1001.89739990234375 -992.15344582746934066 6805.4056645511336683 1964.7040162035737012
4450 377.85748256605648976 -1001.3616943359375 -992.03288895564526229 -4360.7521277153800838 1964.7040162035737012
4460 385.65813041095174185 -1001.984375 -992.462981861246476 9713.6205700727368821 1964.7040162035737012
4470 390.68597602365758803 -1002.13812255859375 -992.49259850972941877 -9834.9242957496207964 1964.7040162035737012
4480 425.60455522605008127 -1002.962646484375 -992.45502853882965155 10584.160503568167769 1964.7040162035737012
4490 407.21445302711333625 -1002.3829345703125 -992.32934411463588731 -10204.112664278556622 1964.7040162035737012
4500 398.16028575339021245 -1002.15655517578125 -992.32650022826385339 12224.731632997056295 1964.7040162035737012
4510 371.87506744534061909 -1001.9322509765625 -992.75114357484744687 -8835.8555015110941895 1964.7040162035737012
4520 379.41167496399680203 -1002.1319580078125 -992.76478165678952337 9302.0111207643913076 1964.7040162035737012
4530 372.43490285144827112 -1002.20550537109375 -993.01057636787663796 -6198.3682843931837851 1964.7040162035737012
4540 390.38029581622095066 -1002.28680419921875 -992.64882699353040607 7088.4115873812661448 1964.7040162035737012
4550 406.08556382013972552 -1002.64117431640625 -992.61545465380277165 -2186.7087341329952324 1964.7040162035737012
4560 416.84678380816609433 -1002.57708740234375 -992.28568734023872366 1502.6596012789696033 1964.7040162035737012
4570 427.06225247566527514 -1003.20477294921875 -992.66116637152379099 351.1459122040482157 1964.7040162035737012
4580 389.6554695863879374 -1002.53765869140625 -992.9175764941393254 -277.26291193548854608 1964.7040162035737012
4590 400.44014767880332784 -1003.16741943359375 -993.2810776870120435 1262.5308723004673084 1964.7040162035737012
4600 390.84182774201116217 -1003.25 -993.60062817673451718 -957.91082064320801237 1964.7040162035737012
4610 409.31090317762664199 -1004.03387451171875 -993.92852545300797829 145.78312068626669884 1964.7040162035737012
4620 405.95057085512610229 -1004.15435791015625 -994.13197104670712179 -534.26968551402922003 1964.7040162035737012
4630 434.04924495871654244 -1004.69390869140625 -993.97780243836996306 -2157.9842736313453315 1964.7040162035737012
4640 406.66296471750666797 -1004.1878662109375 -994.14789127790413659 1683.2589701407048324 1964.7040162035737012
4650 398.4807304161250272 -1004.142578125 -994.30461181928080805 -3486.6527739842458686 1964.7040162035737012
4660 395.5433617586412538 -1003.63812255859375 -993.8726760303042056 4180.1249213422706816 1964.7040162035737012
4670 431.05332596602517015 -1004.08746337890625 -993.44532243423998352 -3496.2365397872827089 1964.7040162035737012
4680 447.42026122485685846 -1004.48486328125 -993.43864418345424383 4715.7232231714551745 1964.7040162035737012
4690 455.98693643298543066 -1004.78643798828125 -993.52871892168741397 -5758.4728966589864285 1964.7040162035737012
4700 433.35403367252553153 -1004.18402099609375 -993.48507859738424486 7397.2146377183962613 1964.7040162035737012
4710 414.39247157577290182 -1003.59716796875 -993.36636165485663241 -4119.5656705412447991 1964.7040162035737012
4720 411.88348497732380338 -1003.364990234375 -993.19612750704163773 9715.6213754985474225 1964.7040162035737012
4730 423.85730259671322528 -1003.58258056640625 -993.1180999953509172 -4174.5316027559192662 1964.7040162035737012
4740 421.23024196679818942 -1003.8323974609375 -993.43277556932991956 9593.471984006348066 1964.7040162035737012
4750 434.66444598943536448 -1004.1270751953125 -993.39578043615915703 -6082.666287403510978 1964.7040162035737012
4760 435.52517264530655439 -1003.853271484375 -993.10072651362406759 10336.030141420258587 1964.7040162035737012
4770 433.73358735869055636 -1004.18682861328125 -993.47851553215059539 -4233.2361047388258157 1964.7040162035737012
4780 411.92900837998371344 -1003.73333740234375 -993.56335076193931855 6076.5093721734037899 1964.7040162035737012
4790 420.46486100955729626 -1003.968994140625 -993.58826850043840295 -3223.318716881094133 1964.7040162035737012
4800 423.48809174157906909 -1004.07366943359375 -993.61830419403440828 4156.7836566998994385 1964.7040162035737012
4810 456.45233690188734954 -1004.68408203125 -993.41487283782635132 -813.90988449955511896 1964.7040162035737012
4820 450.95829119054945977 -1004.69622802734375 -993.56265961266944942 -1097.6977696500416641 1964.7040162035737012
4830 447.4881722072701109 -1004.2066650390625 -993.15876930823083057 1777.1078210680245775 1964.7040162035737012
4840 399.36250490999941576 -1003.12109375 -993.26135758918417196 1519.2844592065757752 1964.7040162035737012
4850 380.49452433187599354 -1003.1099853515625 -993.71607487067524289 3869.563865291599086 1964.7040162035737012
4860 361.63312143229705953 -1002.820556640625 -993.89230944541498047 1852.3962179300895059 1964.7040162035737012
4870 364.27838549945261093 -1002.76055908203125 -993.7670037883964369 2259.0367244161475355 1964.7040162035737012
4880 391.56871534309544813 -1003.17626953125 -993.50895180701195386 3525.569097932607292 1964.7040162035737012
4890 397.583176456193371 -1003.4903564453125 -993.67454956899950957 482.54787101579182718 1964.7040162035737012
4900 402.98223294761629631 -1003.3743896484375 -993.42528715256003125 4407.7562028048942011 1964.7040162035737012
4910 417.05307100216867866 -1003.787353515625 -993.4908604934117875 -1895.1513289333583998 1964.7040162035737012
4920 414.49668365125785385 -1003.97369384765625 -993.74031467437714582 5417.5311569772329676 1964.7040162035737012
4930 424.11275300644712161 -1003.97454833984375 -993.50376103340090594 -4484.232650441491387 1964.7040162035737012
4940 424.89651979844938978 -1003.8944091796875 -993.40427169969120769 5876.6843660598324277 1964.7040162035737012
4950 415.14213633459144148 -1003.55474853515625 -993.30543398215638717 -3256.4335408516944881 1964.7040162035737012
4960 409.35424215766516909 -1003.3245849609375 -993.2181659196835426 4845.3515106474405911 1964.7040162035737012
4970 389.87884238271027471 -1003.4547119140625 -993.82911493558765414 1002.9529642195619772 1964.7040162035737012
4980 386.22403674582562871 -1003.5345458984375 -993.99918127491764608 1759.0730018908443526 1964.7040162035737012
4990 377.45585090665173311 -1003.38421630859375 -994.06532668690897481 2332.7451421999171544 1964.7040162035737012
5000 376.43952042482879961 -1003.14300537109375 -993.84920761526961996 983.30823243201894002 1964.7040162035737012
5010 379.09505219608217885 -1003.3165283203125 -993.95716896992371403 5166.151005485477981 1964.7040162035737012
5020 395.16783560566938149 -1003.27410888671875 -993.51793360634133023 894.82353487004559156 1964.7040162035737012
5030 383.35875608681556059 -1003.109375 -993.64475039582896443 5438.6754060040584591 1964.7040162035737012
5040 384.84555872194482617 -1002.92120361328125 -993.41987180318733408 1325.66049389177374 1964.7040162035737012
5050 362.53539376608512157 -1002.6356201171875 -993.68509700211279778 6617.9306213381260022 1964.7040162035737012
5060 372.89511616688565709 -1002.63763427734375 -993.43134321130878561 3185.3715844261960228 1964.7040162035737012
5070 392.64494731008329609 -1002.58551025390625 -992.89162177474781856 5820.9311088125878086 1964.7040162035737012
5080 431.05814476989297646 -1003.39703369140625 -992.75477377679624169 2255.6695833572630363 1964.7040162035737012
5090 425.7843410817048948 -1003.62017822265625 -993.10812160026864603 3233.7070311180309545 1964.7040162035737012
5100 431.43792565562341679 -1003.7115478515625 -993.05991164527222281 152.52247619479021523 1964.7040162035737012
5110 426.90834357740180849 -1003.581298828125 -993.04149205915280163 6482.6820941837140708 1964.7040162035737012
5120 410.33411194481061557 -1003.361083984375 -993.23047324396441127 -2498.5271146370942006 1964.7040162035737012
5130 408.63399210012698859 -1003.309814453125 -993.22117744060392397 9856.3047122701464104 1964.7040162035737012
5140 398.94252431738601672 -1002.8692626953125 -993.01989530418563845 -3035.7628805065610322 1964.7040162035737012
5150 386.95508444177119145 -1002.98876953125 -993.43535629947473353 12011.004630005110812 1964.7040162035737012
5160 390.56366800503502645 -1003.15179443359375 -993.5092900092038235 -3491.5469251261156387 1964.7040162035737012
5170 429.21974284203156458 -1004.218994140625 -993.62212195706990769 9531.1864248578331171 1964.7040162035737012
5180 409.29805114754037731 -1003.62506103515625 -993.52002927620253558 -3453.5506978312851061 1964.7040162035737012
5190 416.98209156304926637 -1003.86279296875 -993.56805233574198155 9029.0947004371537332 1964.7040162035737012
5200 392.46027223803713468 -1003.4107666015625 -993.72143750758289116 -2010.5327904334205869 1964.7040162035737012
5210 412.77152153796055245 -1003.69781494140625 -993.50702775676552392 6902.8102560941342745 1964.7040162035737012
5220 405.85726054013542807 -1003.710693359375 -993.69061020515130167 -1226.3491100184660354 1964.7040162035737012
5230 441.58052625475579589 -1004.3475341796875 -993.44549047479006276 6473.6034361499505394 1964.7040162035737012
5240 428.64820379338090106 -1004.505126953125 -993.92236531864750759 -2657.7316532265417663 1964.7040162035737012
5250 440.19711347163001847 -1004.6871337890625 -993.81924473032097467 6260.5515416250109411 1964.7040162035737012
5260 411.81390233905631248 -1003.875 -993.70785517669185083 -1629.9802505998341076 1964.7040162035737012
5270 397.14628272174667245 -1003.83929443359375 -994.03427389024636796 7831.9659627113405804 1964.7040162035737012
5280 381.02851703528472171 -1003.5472412109375 -994.14014715096436703 -89.734226017344539628 1964.7040162035737012
5290 384.59867989992864068 -1003.6221923828125 -994.1269556868538757 6486.3380156377097592 1964.7040162035737012
5300 371.56592908140299869 -1003.23236083984375 -994.05888565865052442 837.69744047326844338 1964.7040162035737012
5310 397.76496525039510743 -1003.7015380859375 -993.8812430828579636 7116.1950320241821828 1964.7040162035737012
5320 395.68253556757116485 -1003.75457763671875 -993.98569508972525455 -44.71046819540206485 1964.7040162035737012
5330 412.88978554921158093 -1004.1214599609375 -993.92775299305753833 6608.5654030300584054 1964.7040162035737012
5340 404.54817206633157411 -1003.76849365234375 -993.78073017461497329 -1347.8309263940598157 1964.7040162035737012
5350 407.2319863468480321 -1004.0943603515625 -994.04033702123069816 7553.1299725217750165 1964.7040162035737012
5360 374.3526041061286378 -1003.7247314453125 -994.48245691472629915 -1259.0099856967367487 1964.7040162035737012
5370 412.19648802186600278 -1004.61456298828125 -994.43797262653356483 6343.7348393072088584 1964.7040162035737012
5380 412.15903315222118408 -1004.47821044921875 -994.30254479905045173 -1731.2983901062541463 1964.7040162035737012
5390 430.65529550618464327 -1004.89239501953125 -994.26008092458107512 4108.5499578242624921 1964.7040162035737012
5400 403.87907362299017677 -1004.25732421875 -994.28607990352611523 573.03116886264831464 1964.7040162035737012
5410 407.13092697351981997 -1004.16192626953125 -994.11039796250611289 2732.0651835209423552 1964.7040162035737012
5420 381.29981953225632196 -1003.4718017578125 -994.05800959522071025 4277.9540459458130499 1964.7040162035737012
5430 390.18809733098885317 -1004.13525390625 -994.50202182893895042 -209.77429415897671561 1964.7040162035737012
5440 376.46744880889804108 -1004.35345458984375 -995.05896731886741691 5492.9520574591788318 1964.7040162035737012
5450 382.74596991464085249 -1004.85736083984375 -995.40786512210127057 -5034.7386453753733804 1964.7040162035737012
5460 359.4742815353429819 -1004.11651611328125 -995.24156784207070814 9230.9005353467618988 1964.7040162035737012
5470 353.41796690860235231 -1003.870361328125 -995.14493551731663956 -5612.7109956102785873 1964.7040162035737012
5480 375.07378059710651996 -1004.07391357421875 -994.81383414247386554 10403.002588598676084 1964.7040162035737012
5490 376.30157762106176733 -1004.2174072265625 -994.92701509754033395 -8381.2909975829425093 1964.7040162035737012
5500 369.6244794874351669 -1004.3089599609375 -995.18341662244529289 9136.9038078472258348 1964.7040162035737012
5510 359.91566188770974577 -1003.94775390625 -995.06190853336511282 -7363.1134747043106472 1964.7040162035737012
5520 354.59059433785313331 -1003.7481689453125 -994.99379250212075476 8808.4220098180994682 1964.7040162035737012
5530 377.36946081382359353 -1004.3017578125 -994.98500104883692075 -6495.2692231070641355 1964.7040162035737012
5540 379.31184002681408174 -1004.0595703125 -994.69485875506222783 5730.4391645110281388 1964.7040162035737012
5550 402.94672473647040079 -1004.47174072265625 -994.52351487791440832 -5254.0198389442475673 1964.7040162035737012
5560 394.87757377231378086 -1004.1217041015625 -994.37269500493857777 3216.5401254924363457 1964.7040162035737012
5570 420.51551651688515676 -1004.32763671875 -993.94566046056297637 -3160.3617207088032046 1964.7040162035737012
5580 388.51045433336656743 -1003.843505859375 -994.25169258609594181 1993.2339145903288227 1964.7040162035737012
5590 393.63803171517071178 -1003.99957275390625 -994.28116632401588504 -493.69532339977632773 1964.7040162035737012
5600 390.61770313881652328 -1003.97772216796875 -994.33388368703629112 94.172385664180282561 1964.7040162035737012
5610 390.79876096170318078 -1004.35577392578125 -994.70746536480476152 -505.98687665376644418 1964.7040162035737012
5620 411.8526355289253047 -1004.57904052734375 -994.41093943240741737 -4.2011348266145009944 1964.7040162035737012
5630 419.71964872923626899 -1004.345947265625 -993.98361993869377784 -1647.5627025630649314 1964.7040162035737012
5640 388.33244771732563549 -1003.683349609375 -994.09593108584704169 2459.2897088090335274 1964.7040162035737012
5650 392.72276430487164589 -1003.7808837890625 -994.0850741104223971 -2003.5941910088206441 1964.7040162035737012
5660 401.64064710470898945 -1003.76385498046875 -993.84787447848293596 4667.6741565823313067 1964.7040162035737012
5670 402.54788362169767879 -1003.66290283203125 -993.7245238510118952 -2407.0308997794072638 1964.7040162035737012
5680 414.00466509644172675 -1003.71478271484375 -993.49355083400462263 6158.9052473062056379 1964.7040162035737012
5690 408.96547934643791677 -1003.7584228515625 -993.6616018539423294 -1975.5674406377950163 1964.7040162035737012
5700 427.71899039024020794 -1004.28875732421875 -993.72893674925342111 5996.8510278652438501 1964.7040162035737012
5710 418.33973620539990179 -1003.95050048828125 -993.62224139069746798 -2047.1979909220390255 1964.7040162035737012
5720 408.13901603633127024 -1004.026123046875 -993.94970634380945285 5135.250503248563291 1964.7040162035737012
5730 396.95192269664966034 -1003.73089599609375 -993.93067394670640624 208.94272022537708722 1964.7040162035737012
5740 393.57403240477725603 -1003.69580078125 -993.97897441034660915 4619.9521519598902159 1964.7040162035737012
5750 407.85072145500515717 -1004.2554931640625 -994.18619407587948444 863.48524036289370542 1964.7040162035737012
5760 429.44948689931425179 -1004.39251708984375 -993.78997282700856886 1543.8917327547821969 1964.7040162035737012
5770 433.91797973897257634 -1004.19818115234375 -993.48531566532290071 1688.9798175813120906 1964.7040162035737012
5780 405.95836435417578514 -1003.73321533203125 -993.71063605731796997 2591.192595704883388 1964.7040162035737012
5790 403.51344158905385484 -1003.81988525390625 -993.85766791377943719 1756.2570792934304791 1964.7040162035737012
5800 401.73938205528429535 -1003.57012939453125 -993.65171125618599035 4030.649130022502959 1964.7040162035737012
5810 405.31825517394656799 -1004.01104736328125 -994.00427154420935949 72.407681293250931276 1964.7040162035737012
5820 410.0654290884364741 -1004.0980224609375 -993.97404514765696604 3363.9479583849260962 1964.7040162035737012
5830 407.53033240102405443 -1003.88970947265625 -993.82832036976788004 1844.6095573739355586 1964.7040162035737012
5840 371.21185352440897987 -1003.04364013671875 -993.87890661637254652 874.67987692549434087 1964.7040162035737012
5850 394.54426263739117076 -1003.33416748046875 -993.5933873983601643 5568.001317962104622 1964.7040162035737012
5860 389.80217397486484288 -1003.37774658203125 -993.75404244593380554 -3793.3697836971232391 1964.7040162035737012
5870 398.17523263627560937 -1003.8402099609375 -994.00978599449649664 7730.5030074019514359 1964.7040162035737012
5880 353.68913305247275503 -1003.2880859375 -994.55596539045222926 -6696.5911722639730215 1964.7040162035737012
5890 404.79204426241187775 -1004.062744140625 -994.06895977840974865 9797.1449275029626733 1964.7040162035737012
5900 413.545395692236184 -1003.9208984375 -993.71100531554918689 -9981.2220687450007972 1964.7040162035737012
5910 433.75609576540819035 -1004.4635009765625 -993.75463219240782564 10037.3996103052541 1964.7040162035737012
5920 386.68271980113871678 -1003.61279296875 -994.06610406252650591 -8237.6755117887878441 1964.7040162035737012
5930 382.3209801052192347 -1003.54461669921875 -994.1056134221546472 9965.8126470803235861 1964.7040162035737012
5940 351.34217981514842677 -1002.86676025390625 -994.1925829023695087 -5895.2540332257949558 1964.7040162035737012
5950 361.18209537350605842 -1003.055908203125 -994.13879624942285318 8390.4283764709580282 1964.7040162035737012
5960 376.91639187349494478 -1003.23602294921875 -993.93045186312781425 -3509.7768924659512777 1964.7040162035737012
5970 366.3224497060292606 -1003.34210205078125 -994.29808149432176378 4234.6586497441203392 1964.7040162035737012
5980 357.36894845639432106 -1003.4400634765625 -994.61709311623201302 -1505.0245520637070058 1964.7040162035737012
5990 344.33151616771863246 -1003.238525390625 -994.73743212441434025 2331.4285539992160921 1964.7040162035737012
6000 355.56246024177085019 -1003.42388916015625 -994.64551862318126041 1041.9794522112322284 1964.7040162035737012
6010 378.62991228752338202 -1003.86114501953125 -994.51326936307930282 -1003.7385514395892869 1964.7040162035737012
6020 391.04358649915303658 -1004.30340576171875 -994.64905277950845175 1389.4366492318249584 1964.7040162035737012
6030 380.13301292010720545 -1003.668701171875 -994.28371593333110923 -1250.6483791060552448 1964.7040162035737012
6040 400.10376292530304454 -1003.88043212890625 -994.00239528044915005 4585.0916198587137842 1964.7040162035737012
6050 394.3135327266492709 -1003.57196044921875 -993.83687678581839009 -2739.9883180977949451 1964.7040162035737012
6060 407.42519910658609206 -1004.3314208984375 -994.27262739862180752 5473.6773148360871346 1964.7040162035737012
6070 390.22952407627434468 -1004.08349609375 -994.44924124446242786 -4125.9190039805271226 1964.7040162035737012
6080 391.17327902981213583 -1004.20074462890625 -994.54318970831013758 7140.681065374600621 1964.7040162035737012
6090 386.46676396119920582 -1003.96551513671875 -994.42415789678341298 -2940.5931598718157147 1964.7040162035737012
6100 366.85712960321086484 -1003.86981201171875 -994.8125909102609512 6595.0360792859410139 1964.7040162035737012
6110 365.97409273435357591 -1003.97723388671875 -994.9418138067393329 806.27009870257415969 1964.7040162035737012
6120 369.64785258836388948 -1004.3353271484375 -995.20920675875595407 4299.6655634341814221 1964.7040162035737012
6130 382.27411896087033938 -1004.45599365234375 -995.01814731543754533 1441.000417414300955 1964.7040162035737012
6140 388.45185640880686151 -1004.5 -994.90963343257999441 5318.1818634531718999 1964.7040162035737012
6150 395.78433788256489834 -1004.6712646484375 -994.89986873588247818 1112.0774176629299745 1964.7040162035737012
6160 389.10539531327106033 -1004.76629638671875 -995.1597948013899213 4432.5350422414076093 1964.7040162035737012
6170 388.11494513977822862 -1004.39849853515625 -994.81644986483820503 3161.7796809328679046 1964.7040162035737012
6180 396.03129893730738331 -1004.41229248046875 -994.63479942356036645 4104.8625738244081731 1964.7040162035737012
6190 376.12391109628680397 -1004.2095947265625 -994.92358895088432291 3037.5671774134984844 1964.7040162035737012
6200 366.2223862397899552 -1004.40234375 -995.36079362920816038 2600.9079746936922675 1964.7040162035737012
6210 351.53372400790226493 -1004.3480224609375 -995.66911613464606035 4982.4502555897652201 1964.7040162035737012
6220 390.00062126870113843 -1004.96697998046875 -995.33837644110985821 -51.441584545189442679 1964.7040162035737012
6230 381.10520058238728325 -1005.0513916015625 -995.64240432544363557 5418.5166700045001562 1964.7040162035737012
6240 375.14292556104561527 -1004.87945556640625 -995.61766903624095448 -2491.6576532585613677 1964.7040162035737012
6250 374.38501006160970519 -1004.8782958984375 -995.63522130733701943 8242.4742188061409252 1964.7040162035737012
6260 364.74242820560118616 -1005.24066162109375 -996.23564972200972534 -4896.4378279782922618 1964.7040162035737012
6270 382.40152549973316809 -1005.59228515625 -996.15129331909554367 7616.3437509099167073 1964.7040162035737012
6280 353.0565834584334084 -1004.68267822265625 -995.96617449498728547 -4060.5854371405753227 1964.7040162035737012
6290 363.12111157362244285 -1004.9324951171875 -995.96751139808509379 6531.4784184025202194 1964.7040162035737012
6300 334.60550167641446251 -1004.13177490234375 -995.87080417042591307 148.73924523971109579 1964.7040162035737012
6310 336.08060294073703744 -1004.6002197265625 -996.30283068021140025 3919.2081931578104559 1964.7040162035737012
6320 348.15881502685715532 -1004.27093505859375 -995.67535080613436094 1910.180071016237207 1964.7040162035737012
6330 389.62122917199934591 -1005.3382568359375 -995.71901998956798252 -563.32525160515717744 1964.7040162035737012
6340 364.68484700528625808 -1004.88751220703125 -995.88392191221885241 2947.0632044472763482 1964.7040162035737012
6350 384.14141132800085643 -1005.29815673828125 -995.8142094032876912 -536.86540493484983472 1964.7040162035737012
6360 372.88944503456696111 -1004.7198486328125 -995.51369757959218987 2206.2421850485507093 1964.7040162035737012
6370 388.77768136945314836 -1005.14910888671875 -995.55069812860210732 1495.7479275222199249 1964.7040162035737012
6380 380.14332647685967004 -1004.4671630859375 -995.08192321921183066 51.979813230534681168 1964.7040162035737012
6390 394.81690769907243066 -1004.87384033203125 -995.12632900114317636 5768.5801897765713875 1964.7040162035737012
6400 373.27350100655900178 -1004.3570556640625 -995.14142277289226968 -3672.3270324695108684 1964.7040162035737012
6410 387.85539605204292002 -1004.5703125 -994.9946717560505931 9543.2038531268699444 1964.7040162035737012
6420 376.51051897112728284 -1004.072509765625 -994.77695914886442097 -5045.3297244275381672 1964.7040162035737012
6430 395.28807615126345354 -1004.398681640625 -994.63953777896904285 11011.595617382517958 1964.7040162035737012
6440 387.26297269544187429 -1003.9388427734375 -994.37782818472237523 -4738.3970417871714744 1964.7040162035737012
6450 388.19618093602241515 -1004.1156005859375 -994.53154631041627454 9813.4130905530055315 1964.7040162035737012
6460 390.53011997915507436 -1004.12677001953125 -994.4850938518750354 -4271.4823922203086113 1964.7040162035737012
6470 399.85009410435867494 -1004.32965087890625 -994.45787678074736959 6579.4664678633735093 1964.7040162035737012
6480 396.20569437173378446 -1003.9708251953125 -994.18902654398812047 -495.62580728589557566 1964.7040162035737012
6490 428.67383582054236513 -1004.161865234375 -993.57847077878386699 2607.3571815228083324 1964.7040162035737012
6500 437.97776286491875908 -1004.643798828125 -993.8307026233982242 2497.5256694723252622 1964.7040162035737012
6510 416.10368774331055874 -1004.307373046875 -994.03431905144259417 -825.71005435928407223 1964.7040162035737012
6520 413.2011086346416846 -1004.1903076171875 -993.98891449087909677 5877.6584901801270462 1964.7040162035737012
6530 405.38298108603783021 -1004.11737060546875 -994.10899678856742412 -1964.8661763152126696 1964.7040162035737012
6540 417.37475492327638449 -1004.26739501953125 -993.96296004345333586 6616.3827262622535272 1964.7040162035737012
6550 404.64423301324688964 -1004.02032470703125 -994.03018961058444347 -2544.5395467086168537 1964.7040162035737012
6560 409.14020073387507637 -1003.821044921875 -993.71991028248669409 9015.0103335072144546 1964.7040162035737012
6570 382.93393092454630278 -1003.40277099609375 -993.94863476767886823 -4218.1138143552470865 1964.7040162035737012
6580 368.70491189030326495 -1003.50341796875 -994.40057754747783747 11497.689396849660625 1964.7040162035737012
6590 373.51084317118869649 -1003.30780029296875 -994.08630773521917945 -5054.9947494757016102 1964.7040162035737012
6600 387.37498300950437624 -1003.8594970703125 -994.29571709393496803 12119.340522733535181 1964.7040162035737012
6610 389.32354080257510986 -1004.07476806640625 -994.46288075521988503 -5646.863395402147944 1964.7040162035737012
6620 414.54048943479216405 -1004.83740234375 -994.60294166316191422 9791.8198250896930404 1964.7040162035737012
6630 393.4556070245729984 -1004.5738525390625 -994.85994993538611197 -3473.3267023410071488 1964.7040162035737012
6640 422.14368955662700955 -1004.84429931640625 -994.42212560252767162 5722.288360035155165 1964.7040162035737012
6650 413.47458539329971927 -1004.39630126953125 -994.18815636093643207 1348.5183280610267502 1964.7040162035737012
6660 410.4362709525870514 -1004.80072021484375 -994.66758730259493859 274.95270184369468325 1964.7040162035737012
6670 389.88429371432033577 -1004.1771240234375 -994.5513924587389738 6070.1723644069188595 1964.7040162035737012
6680 383.46021458144133476 -1004.1112060546875 -994.64407657342860603 -2372.4556432216354551 1964.7040162035737012
6690 373.97546544492382736 -1003.74688720703125 -994.51392373506928379 8235.190375964381019 1964.7040162035737012
6700 387.08177312572735218 -1003.88922119140625 -994.33268018227829543 -885.64746792372523032 1964.7040162035737012
6710 350.89894746707329887 -1003.36785888671875 -994.70462436020000041 7032.2391811976613099 1964.7040162035737012
6720 366.83028958729732949 -1003.83099365234375 -994.77443519565656516 2388.3162844263056286 1964.7040162035737012
6730 380.77117945635916385 -1003.90631103515625 -994.50557030230140754 1182.4319201349085233 1964.7040162035737012
6740 408.23354870768770297 -1004.78118896484375 -994.70243837417808663 5051.3186859048200859 1964.7040162035737012
6750 389.65617254557037086 -1004.2529296875 -994.6328301350933998 -2071.9587853988996358 1964.7040162035737012
6760 391.92405850654978394 -1004.647705078125 -994.97161439749993406 6659.7458449657651727 1964.7040162035737012
6770 374.82420956036185089 -1003.885498046875 -994.63158019651393715 -3607.7805056854417671 1964.7040162035737012
6780 402.32278512156153738 -1004.079345703125 -994.14652410867620347 7506.1856756430079258 1964.7040162035737012
6790 401.48890075844121839 -1003.698486328125 -993.78625224429094942 -1931.0869763631117166 1964.7040162035737012
6800 425.78865561642470539 -1004.5194091796875 -994.00724603709966232 4779.9344583597121527 1964.7040162035737012
6810 413.9169083768085784 -1004.412109375 -994.19304409240498899 -1066.8577496131483713 1964.7040162035737012
6820 425.71774453032719521 -1004.58734130859375 -994.07692886766471929 1842.4903685806903013 1964.7040162035737012
6830 415.34489793283972858 -1004.4385986328125 -994.18427816203700331 2033.6239531094245194 1964.7040162035737012
6840 402.99001410486090435 -1004.10504150390625 -994.15574690146763714 -1234.6651708284255164 1964.7040162035737012
6850 377.08869841757882568 -1003.8660888671875 -994.55626375864187594 5006.3578795616949719 1964.7040162035737012
6860 376.19379377332836611 -1003.98516845703125 -994.69743736976431592 -3337.8534334244327511 1964.7040162035737012
6870 389.72452386526271084 -1004.4549560546875 -994.83316899789542731 5399.5032091839557324 1964.7040162035737012
6880 381.5756371896995347 -1004.25555419921875 -994.83495246062159367 -3188.7311284411575798 1964.7040162035737012
6890 393.67257877865228011 -1004.47479248046875 -994.75553312891736368 5801.5301164449483622 1964.7040162035737012
6900 388.44248057876421854 -1004.4781494140625 -994.88801432358229704 -3291.2031864269979451 1964.7040162035737012
6910 385.15250698531036733 -1004.4447021484375 -994.93579218853085422 4498.3792684866502896 1964.7040162035737012
6920 352.46183799049339314 -1003.7353515625 -995.03353131994697378 223.35339990703548096 1964.7040162035737012
6930 364.33121049637355782 -1004.08807373046875 -995.09321425698249186 3378.5392749617344634 1964.7040162035737012
6940 356.74548482630160606 -1004.03350830078125 -995.22593043930328349 966.68380540733244288 1964.7040162035737012
6950 379.26800951741068957 -1004.28167724609375 -994.91804780641405159 2682.0814910723820503 1964.7040162035737012
6960 372.31668950331635415 -1004.38018798828125 -995.18817751749759282 853.03977252523361585 1964.7040162035737012
6970 395.6012127953719073 -1004.5750732421875 -994.80819844771929183 2489.4694985779992749 1964.7040162035737012
6980 371.88117323080484766 -1004.6334228515625 -995.45216470601701531 -335.00742455057917368 1964.7040162035737012
6990 360.35385673098369352 -1004.67596435546875 -995.7793005269487594 2700.6564886620562902 1964.7040162035737012
7000 363.70262153730874388 -1004.8128662109375 -995.8335257739501003 -1020.2877613662758449 1964.7040162035737012
7010 367.09081167179789418 -1004.87744140625 -995.8144510011809416 3286.716477236076571 1964.7040162035737012
7020 389.63308201291067689 -1005.1739501953125 -995.55442071785546432 -1870.3834465566371819 1964.7040162035737012
7030 401.70765419467375068 -1005.21600341796875 -995.29836859886540879 2605.5541689474744089 1964.7040162035737012
7040 425.34478311215144686 -1005.41265869140625 -994.91145417845280008 -1456.2171019541442547 1964.7040162035737012
7050 410.2784552814179051 -1004.913330078125 -994.78409342769509749 2109.2915787477245431 1964.7040162035737012
7060 413.03541611696607561 -1004.95306396484375 -994.75576156935755989 622.62099915030694319 1964.7040162035737012
7070 409.13737246421089822 -1004.19061279296875 -994.0895479798469978 2415.6324495650142126 1964.7040162035737012
7080 425.26392705292266783 -1004.5009765625 -994.00176827954112468 3347.3368566105418722 1964.7040162035737012
7090 414.54166899296217252 -1003.83685302734375 -993.60236322501248196 2113.2504348412035142 1964.7040162035737012
7100 419.90081382908698515 -1004.2718505859375 -993.90505053043477801 4687.3829774879586694 1964.7040162035737012
7110 390.5440360793326704 -1003.2979736328125 -993.65595389490499656 3126.2499539786763307 1964.7040162035737012
7120 407.03525737962661424 -1003.6728515625 -993.62368521220048478 6459.1510208334730123 1964.7040162035737012
7130 382.96711975003950101 -1003.21697998046875 -993.76202436350638436 4080.8244381513941335 1964.7040162035737012
7140 403.12152788726433528 -1004.2220458984375 -994.26950439329755227 3399.7891541313615562 1964.7040162035737012
7150 380.25399703215549607 -1003.75848388671875 -994.37051170921643006 6921.2674363478599844 1964.7040162035737012
7160 395.14048007365516924 -1004.08331298828125 -994.32781308009043642 1085.7167262811233286 1964.7040162035737012
7170 376.91961372910401451 -1003.56927490234375 -994.26362427286585444 8343.8506686395048746 1964.7040162035737012
7180 394.78230016728628016 -1003.87408447265625 -994.12742755631234104 -805.44875785003125657 1964.7040162035737012
7190 392.86513113547641751 -1003.83612060546875 -994.1367960766096985 7287.3523811319355445 1964.7040162035737012
7200 411.47357846079154342 -1004.1995849609375 -994.04084228757494657 -1066.8701100477294403 1964.7040162035737012
7210 400.54192594189049714 -1004.05615234375 -994.1672978254168811 4016.3950404546985737 1964.7040162035737012
7220 394.82759122334584845 -1004.286865234375 -994.53909014129271782 -242.34883834044049422 1964.7040162035737012
7230 390.95585306343531329 -1004.04638671875 -994.39419975993450862 1480.7076514893244621 1964.7040162035737012
7240 400.16484290288474313 -1004.394287109375 -994.51474227642688675 1108.8286250943017421 1964.7040162035737012
7250 388.83204973468627941 -1003.998046875 -994.3982938332935646 162.10988943228718995 1964.7040162035737012
7260 401.56920079114252076 -1004.3472900390625 -994.43307345279924903 -156.51550617412493693 1964.7040162035737012
7270 372.69552004563809078 -1003.69598388671875 -994.49462058698634337 2698.9530242021369304 1964.7040162035737012
7280 389.9692775605159909 -1003.2623291015625 -993.63449939722613635 -2231.9501896201923046 1964.7040162035737012
7290 376.97775181946724388 -1003.36492919921875 -994.05784321658472891 5717.0874856453438042 1964.7040162035737012
7300 365.17991956404921439 -1003.29034423828125 -994.27453125167926373 -5863.2798829077964911 1964.7040162035737012
7310 380.42092752075046747 -1003.72283935546875 -994.33074588326667254 9185.5828169094784243 1964.7040162035737012
7320 380.57653552530996421 -1003.48382568359375 -994.08789045396429174 -7704.6989425023821241 1964.7040162035737012
7330 399.93231239542882349 -1004.53057861328125 -994.65677465341127572 7983.5626120109745898 1964.7040162035737012
7340 359.84806114233032304 -1003.33770751953125 -994.45353112033694742 -6090.1900278009425165 1964.7040162035737012
7350 382.21457405675533892 -1003.79229736328125 -994.3559211119165866 7676.7298397225449662 1964.7040162035737012
7360 350.29945639876660834 -1003.2708740234375 -994.62244014468012665 -3602.4073411713156929 1964.7040162035737012
7370 380.65945055899072713 -1004.0772705078125 -994.67928821481132218 4024.7908100203976574 1964.7040162035737012
7380 367.10737486884272585 -1003.53125 -994.46785067133180291 -1502.4547410577170012 1964.7040162035737012
7390 381.70146411251761265 -1004.24310302734375 -994.81939478714559755 2250.332451570201556 1964.7040162035737012
7400 378.58964561984743113 -1003.8697509765625 -994.52286945129333162 -1526.0788040319180254 1964.7040162035737012
7410 426.33823171834637833 -1004.7484130859375 -994.22268163060471124 863.09562496030025613 1964.7040162035737012
7420 382.38242152855769973 -1003.5068359375 -994.06631575232358955 -3149.9535994210650642 1964.7040162035737012
7430 385.12592067638905746 -1003.85986328125 -994.35160970242134226 3004.6194166205300462 1964.7040162035737012
7440 359.36599487242153828 -1003.0655517578125 -994.19327694220430658 -2743.8369848756433385 1964.7040162035737012
7450 383.5586396868620227 -1003.71063232421875 -994.2410728562707618 4604.9584027591999984 1964.7040162035737012
7460 364.35223174479102681 -1002.96734619140625 -993.97196773088285227 -3772.1912548722680185 1964.7040162035737012
7470 396.06290603331154898 -1003.921142578125 -994.14286918349444022 5033.9247669755877723 1964.7040162035737012
7480 360.35488613026802796 -1002.8834228515625 -993.98673360852501446 -2892.2139355642630107 1964.7040162035737012
7490 383.9458722948482432 -1003.520263671875 -994.04114393900317737 4504.1344241853057611 1964.7040162035737012
7500 364.19498793679395021 -1003.03436279296875 -994.04286647571291269 -1732.0422842302507433 1964.7040162035737012
7510 399.98765165893792073 -1003.4261474609375 -993.55097724727352215 1126.3946510174152991 1964.7040162035737012
7520 383.26171328219851375 -1002.7843017578125 -993.32207301313769676 984.62744476958914674 1964.7040162035737012
7530 393.2133638514818017 -1003.103271484375 -993.39534954674536493 -349.49043600644893104 1964.7040162035737012
7540 383.00450919323998278 -1002.53515625 -993.07927753675130589 3103.1605540631676377 1964.7040162035737012
7550 399.83650969048687784 -1002.7313232421875 -992.8598845253802665 -2971.7257367049965069 1964.7040162035737012
7560 382.0741015398849072 -1002.03326416015625 -992.60035599089030711 5955.8614299176106215 1964.7040162035737012
7570 408.25541607330080751 -1002.75726318359375 -992.67797271636777623 -3464.9062905255154874 1964.7040162035737012
7580 407.81065505897481671 -1002.9254150390625 -992.85710513761807761 3082.7419942456581339 1964.7040162035737012
7590 437.04558568823824771 -1003.98004150390625 -993.18995953037097024 -3909.4528204456282765 1964.7040162035737012
7600 435.39473851869320242 -1003.254150390625 -992.50482566729078826 1115.3346576541473496 1964.7040162035737012
7610 418.37720930616711712 -1003.4375 -993.10831574073438333 117.89353834849102043 1964.7040162035737012
7620 399.31871549167124158 -1002.6876220703125 -992.82896701277002194 -1850.5995617777816733 1964.7040162035737012
7630 426.96133610776922751 -1003.23431396484375 -992.69319887983908757 2348.8367268373826846 1964.7040162035737012
7640 395.38742396566112802 -1002.4134521484375 -992.65185551961872079 -2716.3677615184715251 1964.7040162035737012
7650 418.16337802387062084 -1003.03814697265625 -992.71424192713868706 4427.9007412767623464 1964.7040162035737012
7660 426.5873162023034979 -1002.69140625 -992.15952522563316052 -3623.9465938940757042 1964.7040162035737012
7670 435.82125313957948265 -1002.77581787109375 -992.01596306148712756 4619.183957530824955 1964.7040162035737012
7680 401.25934520400767269 -1002.15301513671875 -992.24644847827676131 -1294.9853048401350861 1964.7040162035737012
7690 401.91399587898121126 -1002.22967529296875 -992.30694616846301415 5318.7202410841127858 1964.7040162035737012
7700 383.8962255837574844 -1001.6192626953125 -992.14136867458580582 -425.41896273721323496 1964.7040162035737012
7710 417.0296601356822066 -1002.0623779296875 -991.76646289104564858 6295.9340195226704964 1964.7040162035737012
7720 417.03647723190874785 -1002.10174560546875 -991.80566226166718025 -522.07680706598796405 1964.7040162035737012
7730 442.9370552883478922 -1002.67279052734375 -991.73725590078674941 6380.5791232842775571 1964.7040162035737012
7740 408.38134760209652541 -1002.04510498046875 -991.96270542905733691 -1448.544075282276026 1964.7040162035737012
7750 426.68782073514256581 -1002.51409912109375 -991.97973677170364226 6741.8550301027125897 1964.7040162035737012
7760 418.86356887372517122 -1002.623046875 -992.28185503626343689 -716.82244022046563714 1964.7040162035737012
7770 433.19762681813290328 -1003.196044921875 -992.50096400314691891 6437.0847661930874892 1964.7040162035737012
7780 436.35043419972754464 -1003.34051513671875 -992.56759554118400501 -2330.6670225805642076 1964.7040162035737012
7790 451.12919195115580351 -1003.4464111328125 -992.30862340263274746 6343.7406678226188887 1964.7040162035737012
7800 432.1542454484551854 -1003.27490234375 -992.60558114180469147 -81.821709086016326751 1964.7040162035737012
7810 429.68728889205789301 -1003.48626708984375 -992.87785180787648187 5623.5955895672004772 1964.7040162035737012
7820 420.85594551045858225 -1003.400634765625 -993.01025376233337738 -1869.9155759774844228 1964.7040162035737012
7830 425.12767885192255335 -1003.7637939453125 -993.26794945163715056 8693.771653538064129 1964.7040162035737012
7840 418.63211372673919186 -1003.39068603515625 -993.05520852025904333 -2455.4941922687548868 1964.7040162035737012
7850 446.42546831183472023 -1003.91009521484375 -992.88843624859873671 9827.0581479476386448 1964.7040162035737012
7860 415.67828567637565129 -1003.45281982421875 -993.19026844756172068 -4706.5832478090997029 1964.7040162035737012
7870 408.47014805031199103 -1003.473876953125 -993.38928503518047819 11251.802812783678746 1964.7040162035737012
7880 377.81825948058553877 -1002.9215087890625 -993.59367177527781223 -2704.6062719634924179 1964.7040162035737012
7890 393.81513251442299861 -1003.08642578125 -993.36364696503642335 8523.8768511316211516 1964.7040162035737012
7900 382.99173100964674177 -1003.0592041015625 -993.6036408648978977 787.30221788906590064 1964.7040162035737012
7910 407.01406229634704914 -1003.67193603515625 -993.62329296364850961 2772.9691349760910271 1964.7040162035737012
7920 415.20742391729271503 -1003.572998046875 -993.32207162913550746 4323.713465516022552 1964.7040162035737012
7930 431.41386202358683022 -1003.93280029296875 -993.28175818617455661 -2312.0623437004787775 1964.7040162035737012
7940 405.08575431823499002 -1003.09393310546875 -993.09289742741236751 8422.5926460724876961 1964.7040162035737012
7950 398.20517257619849261 -1003.03668212890625 -993.20551898463895668 -3028.1046068454475062 1964.7040162035737012
7960 407.88370357608391714 -1002.97308349609375 -992.90297012262385579 8894.2358280109983752 1964.7040162035737012
7970 411.33004679689338445 -1003.01654052734375 -992.8613414624055622 -3068.5708930090290778 1964.7040162035737012
7980 383.81777966857407591 -1002.42059326171875 -992.94463596769298874 7074.7712404192179747 1964.7040162035737012
7990 395.16649487465389257 -1002.7552490234375 -992.99910684394933469 -39.925911503950423764 1964.7040162035737012
8000 385.40750677189009821 -1002.4232177734375 -992.90801220343769273 1971.158320484019896 1964.7040162035737012
8010 401.09162714946171491 -1002.86663818359375 -992.96421226382130953 5084.1824000767337566 1964.7040162035737012
8020 381.75136518879838832 -1002.401611328125 -992.97667109583881029 -74.660896914652340683 1964.7040162035737012
8030 387.39787774597840553 -1003.0072021484375 -993.44285693106121471 4684.0570645018033247 1964.7040162035737012
8040 354.43399768527945071 -1002.53851318359375 -993.78800290625156322 563.18673506796574202 1964.7040162035737012
8050 373.78427918555263432 -1002.935791015625 -993.70754768151221015 4648.2892489464684331 1964.7040162035737012
8060 369.38852292210901851 -1002.524658203125 -993.40494032258368406 2527.3988328340328735 1964.7040162035737012
8070 387.53078443945935305 -1002.6842041015625 -993.11657759233833076 2174.1592421962800472 1964.7040162035737012
8080 362.07980857822161624 -1002.187255859375 -993.24798054472194053 4371.89036927926918 1964.7040162035737012
8090 363.83173941991367428 -1002.2999267578125 -993.31739856974559189 2457.5923798373096361 1964.7040162035737012
8100 377.36273275790193793 -1002.1417236328125 -992.82513297602088187 6556.6914430886927221 1964.7040162035737012
8110 373.20656243318842371 -1002.307861328125 -993.09388106248752592 1099.0431710779428158 1964.7040162035737012
8120 377.0873918326005878 -1002.21270751953125 -992.90291466885412319 7008.2803698195666584 1964.7040162035737012
8130 389.4357752199305196 -1002.68115234375 -993.06649411208491074 1771.3016553503177875 1964.7040162035737012
8140 398.67141507622733343 -1002.97674560546875 -993.13407154572803393 6055.0495276450201345 1964.7040162035737012
8150 398.14638853282747277 -1003.0303955078125 -993.20068366443342711 1094.6494674145164936 1964.7040162035737012
8160 381.56109655333727915 -1002.8778076171875 -993.45756486782045158 5798.0778925413796969 1964.7040162035737012
8170 387.38792479051608098 -1003.2391357421875 -993.67503625022027336 4199.5714704307429201 1964.7040162035737012
8180 408.02437314357894138 -1003.931884765625 -993.85829844513500575 2441.5196724630095559 1964.7040162035737012
8190 416.08531976134861452 -1003.82574462890625 -993.5531441148441445 5220.5558174531879558 1964.7040162035737012
8200 400.16150124474734184 -1003.07159423828125 -993.19213190648736145 35.147520655566509618 1964.7040162035737012
8210 415.98852010003827218 -1003.27288818359375 -993.00267752613865468 11430.139696474472657 1964.7040162035737012
8220 389.0316793777070643 -1002.5382080078125 -992.93352637219493317 -2523.404452317598043 1964.7040162035737012
8230 400.51429295218764537 -1002.9068603515625 -993.01868805548224373 14140.970316964503581 1964.7040162035737012
8240 397.68579919122038291 -1002.50048828125 -992.68214778428148293 -4556.9050638516537219 1964.7040162035737012
8250 429.52441842402390648 -1003.3634033203125 -992.75900909646532 14773.925716781259325 1964.7040162035737012
8260 407.16841973031199586 -1002.5592041015625 -992.50675014757416648 -4189.0287344140306232 1964.7040162035737012
8270 418.19513959835916239 -1003.2418212890625 -992.91713209195165746 13249.547684996272437 1964.7040162035737012
8280 426.87953414877279101 -1002.88714599609375 -992.34805049410761058 -1845.1403416766229384 1964.7040162035737012
8290 449.01476307030634416 -1003.37445068359375 -992.28886542770658252 9552.0874550955650193 1964.7040162035737012
8300 400.22636276058022986 -1002.416748046875 -992.53568436937325714 794.21899743287883666 1964.7040162035737012
8310 435.06207082506529105 -1003.3897705078125 -992.64865891327247027 7382.7343970799338422 1964.7040162035737012
8320 417.37059774957737091 -1003.30596923828125 -993.00163689736643846 1502.5702833176369495 1964.7040162035737012
8330 434.73063508809883615 -1003.578857421875 -992.84592854073594026 5915.4695327396702851 1964.7040162035737012
8340 366.36718424774755931 -1002.2342529296875 -993.18912793609831624 2263.6035210242894209 1964.7040162035737012
8350 381.50679066280281404 -1002.94793701171875 -993.5290350035230631 8046.3375548974217963 1964.7040162035737012
8360 357.57865348810008754 -1002.779541015625 -993.95139331325867715 -1142.8959164324348876 1964.7040162035737012
8370 372.07965229629735404 -1003.236328125 -994.05016979179254122 9569.012465663265175 1964.7040162035737012
8380 343.92884900200124321 -1002.410400390625 -993.91924844831373775 -1857.0065037863098496 1964.7040162035737012
8390 393.37938703015976216 -1003.4295654296875 -993.71754459764929379 10418.040188909841163 1964.7040162035737012
8400 393.10856070550141794 -1003.04058837890625 -993.33525389341718892 -2144.4963344253628748 1964.7040162035737012
8410 403.65682969114556045 -1003.3082275390625 -993.34247013486401556 9335.443552731494492 1964.7040162035737012
8420 373.21494406720171355 -1002.50970458984375 -993.29551739266173627 613.1479374960365476 1964.7040162035737012
8430 428.61188425807745261 -1003.59600830078125 -993.01414334796811545 7035.2241669409368114 1964.7040162035737012
8440 424.20081296505270529 -1003.44244384765625 -992.96948245639691777 1203.8870893900416377 1964.7040162035737012
8450 419.0073331171083737 -1003.53448486328125 -993.18974367403814085 5523.0284200166670416 1964.7040162035737012
8460 375.4755279711428102 -1002.43548583984375 -993.1654877926489462 3820.8497139075789164 1964.7040162035737012
8470 387.98755975603836532 -1002.70440673828125 -993.12550304591923123 6645.2124353744356995 1964.7040162035737012
8480 388.53283514625434236 -1002.6805419921875 -993.0881761660086795 1032.7110177629913323 1964.7040162035737012
8490 395.73945614600540921 -1003.048095703125 -993.27780786174707828 8480.1784523830028775 1964.7040162035737012
8500 370.74371204114521561 -1002.309326171875 -993.1561504504061304 208.75646037737939764 1964.7040162035737012
8510 423.58581632678243523 -1003.4522705078125 -992.99449257648893763 9570.5568741849328944 1964.7040162035737012
8520 401.98120737310688355 -1003.14178466796875 -993.21739617987509519 -4600.936031498090415 1964.7040162035737012
8530 419.1425882252723909 -1003.5198974609375 -993.17181700056971749 11434.81830423601059 1964.7040162035737012
8540 372.62316769475660294 -1002.7603759765625 -993.56079896142500729 -5618.3280411882342378 1964.7040162035737012
8550 410.59380280023538035 -1003.9072265625 -993.77020439566251753 10157.961456496492247 1964.7040162035737012
8560 383.42630586331142695 -1003.62646484375 -994.16017252424319395 -6871.5166623344466643 1964.7040162035737012
8570 401.91525262746523595 -1004.28118896484375 -994.35842881286725969 8158.7615621632558032 1964.7040162035737012
8580 365.04168459390814405 -1003.354248046875 -994.34184790027927647 -5647.8201521422115547 1964.7040162035737012
8590 370.19162079708621604 -1003.5826416015625 -994.44309628839732795 6522.4706042309517215 1964.7040162035737012
8600 350.65935406061601043 -1003.358154296875 -994.70083501714202612 -3127.6383028330628804 1964.7040162035737012
8610 375.87134237913051038 -1003.5433349609375 -994.26356477543868095 3897.7661849409332717 1964.7040162035737012
8620 379.76833699413504064 -1003.4776611328125 -994.1016792643148392 -586.57897771031502998 1964.7040162035737012
8630 388.52075585273001934 -1003.697509765625 -994.10544216135156148 1123.7622060350629454 1964.7040162035737012
8640 400.95214905857847043 -1004.09832763671875 -994.19934524797236008 2585.5751345590297205 1964.7040162035737012
8650 388.54925515028259042 -1003.38519287109375 -993.79242165656353336 -2188.9636047853005039 1964.7040162035737012
8660 375.22635925695749393 -1003.26043701171875 -993.99659061309182562 6810.5250774349415224 1964.7040162035737012
8670 392.33179675393944308 -1003.3006591796875 -993.61450197681131158 -3835.7580325083149546 1964.7040162035737012
8680 377.1256948666573976 -1003.50341796875 -994.1926794664271938 7897.9512515675332907 1964.7040162035737012
8690 372.03614503887240517 -1003.25433349609375 -994.06924929997728668 -3467.3612292339716987 1964.7040162035737012
8700 369.14211418149665178 -1003.207763671875 -994.09412929977600015 9180.7462718923579814 1964.7040162035737012
8710 390.38362548373658001 -1003.5838623046875 -993.94580289387772609 -1739.6420974843824752 1964.7040162035737012
8720 402.30171926051679065 -1003.79779052734375 -993.86548902135928074 5466.4392568444964127 1964.7040162035737012
8730 417.38898790215273493 -1004.0535888671875 -993.74880249753914541 1584.2123340171917789 1964.7040162035737012
8740 385.23329545995528633 -1003.37261962890625 -993.86171510757969827 2375.1016360612970857 1964.7040162035737012
8750 406.92410784813290547 -1003.8359375 -993.78951528577090357 5842.0924697978571203 1964.7040162035737012
8760 408.49904432815418431 -1003.56854248046875 -993.4832371513449516 -13.255870875022374378 1964.7040162035737012
8770 415.59734008274330108 -1004.0162353515625 -993.75568241538690017 5633.920048824416881 1964.7040162035737012
8780 402.7012181707833065 -1003.8924560546875 -993.9502914448729598 -235.08993120436542767 1964.7040162035737012
8790 412.87196239565923861 -1004.029052734375 -993.83578579676679965 5327.9759120315829932 1964.7040162035737012
8800 426.57051805004050493 -1004.38201904296875 -993.85055274293688399 229.848739593660639 1964.7040162035737012
8810 425.85956705479566153 -1004.1553955078125 -993.64148165486869857 2506.4171727639686651 1964.7040162035737012
8820 427.94300029819788733 -1004.18841552734375 -993.62306444172020292 2766.1482320390409768 1964.7040162035737012
8830 407.92708825621213009 -1003.790771484375 -993.7195870000866762 2151.7351371081181242 1964.7040162035737012
8840 415.7812118775590875 -1003.739990234375 -993.47489774488133207 3592.549875484147833 1964.7040162035737012
8850 398.10249448236373837 -1003.48114013671875 -993.65251197984321152 2102.9055542415999298 1964.7040162035737012
8860 402.03356278126238976 -1003.5693359375 -993.64365486308520303 3421.5711905122520875 1964.7040162035737012
8870 390.01243284165281011 -1003.45269775390625 -993.8238026023115026 4844.3851689741213704 1964.7040162035737012
8880 391.89681003185825148 -1003.420166015625 -993.7447480640817048 -612.36966063971408403 1964.7040162035737012
8890 407.81791414489532599 -1003.6905517578125 -993.62206263906284676 7354.8958815538817362 1964.7040162035737012
8900 380.18054634029050476 -1003.18212890625 -993.79597012994008765 -2973.6838087301812266 1964.7040162035737012
8910 389.84446526049720205 -1003.453369140625 -993.82862088818433222 9849.4320957164254651 1964.7040162035737012
8920 382.2045003116013504 -1003.61285400390625 -994.17672646008963966 -4917.2429069684148999 1964.7040162035737012
8930 392.68512696219227109 -1003.80712890625 -994.11224844420905811 8104.5654816661735822 1964.7040162035737012
8940 393.15417270077159628 -1003.98272705078125 -994.27626646498583796 -3102.8198075721261375 1964.7040162035737012
8950 407.42711898219550903 -1004.58074951171875 -994.52190861269366451 5182.9462949259641391 1964.7040162035737012
8960 394.29801737782941018 -1004.46942138671875 -994.7347207769198576 -1883.6322846837877023 1964.7040162035737012
8970 392.40120787773594202 -1004.51165771484375 -994.82378684240950406 1403.8835326410785456 1964.7040162035737012
8980 364.07412504461223079 -1003.78668212890625 -994.79816975784945043 2819.8033399408241166 1964.7040162035737012
8990 372.01924314466305077 -1003.92193603515625 -994.73726912462734617 -624.47680546007120483 1964.7040162035737012
9000 385.1720233271424263 -1004.14837646484375 -994.63898467206865917 4083.0100236294879323 1964.7040162035737012
9010 399.59619573542704529 -1004.28521728515625 -994.41971160453419998 -3510.5333491640431021 1964.7040162035737012
9020 386.36157469449523205 -1003.71533203125 -994.17657177626915654 3297.2174506434967043 1964.7040162035737012
9030 373.13401749597466051 -1003.5609130859375 -994.34872385959874919 497.78825110540117294 1964.7040162035737012
9040 376.68577097751034444 -1003.29339599609375 -993.99351863727974887 -162.63439932969458823 1964.7040162035737012
9050 366.78616692982603809 -1003.4217529296875 -994.36628380351089618 3040.8321926224875824 1964.7040162035737012
9060 351.25677387507084859 -1003.1075439453125 -994.43547515435761852 -4267.6032265632320559 1964.7040162035737012
9070 372.40198198014439868 -1003.5640869140625 -994.36997068395567112 6789.4815552302688957 1964.7040162035737012
9080 364.50607113307182772 -1003.3912353515625 -994.39205879842666036 -5307.3112632193387981 1964.7040162035737012
9090 385.78539807026032804 -1003.84405517578125 -994.31951996553334538 6263.2169317395446342 1964.7040162035737012
9100 351.73190095339890604 -1003.51617431640625 -994.83237526139907914 -6223.1034112404695406 1964.7040162035737012
9110 383.26397772299503686 -1004.03375244140625 -994.57146779065976716 7035.9976385053168997 1964.7040162035737012
9120 380.31014315935101422 -1003.93072509765625 -994.54136674595429213 -6851.2021028817471233 1964.7040162035737012
9130 406.59268908132088427 -1004.41021728515625 -994.3719773653572247 4271.169077438498789 1964.7040162035737012
9140 389.95290836855156158 -1003.9862060546875 -994.35878048421932363 -5075.1960223393125489 1964.7040162035737012
9150 394.60055825102335803 -1003.93487548828125 -994.19270554134902795 3832.8279459638874869 1964.7040162035737012
9160 391.58206110384116982 -1003.65435791015625 -993.98671069659906152 -1430.0282036566147781 1964.7040162035737012
9170 386.24292419067359106 -1003.5986328125 -994.06280188275286491 1018.4117265154717415 1964.7040162035737012
9180 387.46613315305967262 -1004.227783203125 -994.6617528493197824 1905.6164452886441723 1964.7040162035737012
9190 403.52107746404078625 -1004.73040771484375 -994.7680018549841634 -3236.665424804462873 1964.7040162035737012
9200 401.99823419987950501 -1004.5982666015625 -994.67345774346017606 5070.667083169545549 1964.7040162035737012
9210 391.55972073460083038 -1004.1290283203125 -994.46193266115449205 -4875.9253417530662773 1964.7040162035737012
9220 382.02160126419818198 -1003.740234375 -994.30862236864436454 8586.9384369255876663 1964.7040162035737012
9230 374.04082984682673896 -1003.58087158203125 -994.34629434876433152 -4368.1622676442239026 1964.7040162035737012
9240 370.14222099590170956 -1003.78607177734375 -994.64774608044228899 10304.444628774926969 1964.7040162035737012
9250 384.87902069703608277 -1004.0438232421875 -994.54166529984092904 -5428.4260817988406416 1964.7040162035737012
9260 412.07676792694337564 -1004.41729736328125 -994.24366273356793045 9616.8018467366891855 1964.7040162035737012
9270 390.25980820647993141 -1004.0997314453125 -994.4647289205921652 -4230.2376429104142517 1964.7040162035737012
9280 370.17022889856127676 -1004.0655517578125 -994.92653458254926591 9402.9202530449529149 1964.7040162035737012
9290 364.62254341747097897 -1004.19000244140625 -995.18795034041568215 -2639.7799953840558373 1964.7040162035737012
9300 382.42171481672068012 -1004.22845458984375 -994.78696430494733249 5679.8843528112838612 1964.7040162035737012
9310 381.08109466315636382 -1004.34716796875 -994.938775836142554 947.12928803286195034 1964.7040162035737012
9320 382.15277477027882469 -1004.17559814453125 -994.74074763645012354 2866.5612355887601552 1964.7040162035737012
9330 382.3484416004077957 -1004.5777587890625 -995.13807752372008508 1895.8557662443015488 1964.7040162035737012
9340 391.2448305317516315 -1004.498779296875 -994.83945786359333852 1349.1246119968541279 1964.7040162035737012
9350 404.47583443945762838 -1004.9835205078125 -994.99754295116224512 3526.2428744306548651 1964.7040162035737012
9360 401.33830162527982566 -1004.722900390625 -994.81438440175679716 -767.2731527905953044 1964.7040162035737012
9370 401.41626279321604898 -1004.7093505859375 -994.79890983814175343 4555.1942603635952764 1964.7040162035737012
9380 379.20846131521818734 -1004.5006103515625 -995.13845107884958452 -1179.9714590653486539 1964.7040162035737012
9390 391.11324297182756027 -1004.69549560546875 -995.03942289635870111 4449.5538050991799537 1964.7040162035737012
9400 386.29768889204899551 -1004.40045166015625 -994.8632686618001344 -820.84042899223220502 1964.7040162035737012
9410 371.735213743094846 -1004.33465576171875 -995.15700116438142686 2599.1285338501170372 1964.7040162035737012
9420 368.81353378532821807 -1004.2537841796875 -995.14826202637220831 1089.0744168832904961 1964.7040162035737012
9430 390.77835130191482449 -1004.2135009765625 -994.5656963033025022 -140.60832795027877751 1964.7040162035737012
9440 396.83236738027727597 -1004.3458251953125 -994.5485548097933588 2273.2363249398040352 1964.7040162035737012
9450 363.50445412862973171 -1003.8427734375 -994.8683254937767515 -1812.0495371469703514 1964.7040162035737012
9460 381.22256536296828244 -1004.1553955078125 -994.74351064927941479 2946.3724133186569816 1964.7040162035737012
9470 381.52003197006598612 -1004.2906494140625 -994.87142049536714694 -2528.1585550717281876 1964.7040162035737012
9480 404.14669952299647093 -1004.68878173828125 -994.71093009079299918 -125.56169058718649012 1964.7040162035737012
9490 404.37566393808879184 -1004.5543212890625 -994.5708168106367566 -1569.4674304435454815 1964.7040162035737012
9500 374.60270690808687277 -1003.86297607421875 -994.61452683366337624 -1062.9463934455575327 1964.7040162035737012
9510 375.01764579339811689 -1003.75909423828125 -994.50040070117393043 1745.9266408670873716 1964.7040162035737012
9520 359.13595913213225685 -1003.4542236328125 -994.58762809775498681 -2864.7285357675432351 1964.7040162035737012
9530 379.99331227647769538 -1003.56280517578125 -994.18126896279864013 2857.0417253507330315 1964.7040162035737012
9540 374.21142692884103553 -1003.54046630859375 -994.30167725724732009 -3850.5825948441811306 1964.7040162035737012
9550 365.42921900811069236 -1003.564697265625 -994.54272940290604765 2875.4546058633436587 1964.7040162035737012
9560 372.89485641064919719 -1004.11932373046875 -994.91303907747430912 -3347.6948791618729047 1964.7040162035737012
9570 388.9573546269220401 -1004.29632568359375 -994.69347902853633059 -1407.9628801460296472 1964.7040162035737012
9580 370.57632440511525829 -1004.31317138671875 -995.16412824631981948 -767.57127276311643982 1964.7040162035737012
9590 378.52385777185844518 -1004.09149169921875 -994.74623438958269617 -3538.7846538012368001 1964.7040162035737012
9600 377.17452362049971271 -1004.3197021484375 -995.00775812826054789 1715.1874070454921366 1964.7040162035737012
9610 351.24303293671346182 -1004.16351318359375 -995.49178363837461347 -4384.389582005864213 1964.7040162035737012
9620 360.37207726360901461 -1004.12530517578125 -995.22819150622160578 1683.6432108997116757 1964.7040162035737012
9630 353.62689880214173854 -1003.99249267578125 -995.26190861070381288 -2113.0505417453050541 1964.7040162035737012
9640 353.48833567471916695 -1004.2779541015625 -995.55079097826398993 230.80219838699571255 1964.7040162035737012
9650 347.39384361516840727 -1004.218994140625 -995.64229602844443434 601.16497034537758282 1964.7040162035737012
9660 374.97833998336568584 -1004.85186767578125 -995.59414454754244161 -4542.1429379821747716 1964.7040162035737012
9670 390.91384625556798937 -1005.10943603515625 -995.45828616930123189 3951.4157461021536619 1964.7040162035737012
9680 376.77348851497032456 -1004.5682373046875 -995.26619431498568247 -6872.720496169841681 1964.7040162035737012
9690 344.11556682953363406 -1003.96429443359375 -995.46853267315145786 7309.3310048356497646 1964.7040162035737012
9700 328.0323556064714694 -1003.67388916015625 -995.5752007787328921 -6029.2118957057491571 1964.7040162035737012
9710 364.86240624017528944 -1004.524658203125 -995.51668420381508895 6133.3149074045313682 1964.7040162035737012
9720 383.11415634339374492 -1004.6612548828125 -995.20266912531701564 -5907.9700710071974754 1964.7040162035737012
9730 408.60268291687049214 -1005.0341796875 -994.94631565762631453 2528.5313313844585537 1964.7040162035737012
9740 392.10932904482535832 -1004.58990478515625 -994.90924001807252353 -1751.4471217874629474 1964.7040162035737012
9750 383.26261683389373047 -1004.3818359375 -994.91958488531952298 1404.6028274903972033 1964.7040162035737012
9760 364.51676187715958122 -1003.606201171875 -994.60676067829717795 3747.6209366936000151 1964.7040162035737012
9770 358.32077521986980173 -1003.53045654296875 -994.68398682893507612 -699.33269435515251189 1964.7040162035737012
9780 357.02167517142652287 -1003.49853515625 -994.68413851759692079 5679.8302521136529322 1964.7040162035737012
9790 355.64918456514436684 -1003.44439697265625 -994.66388532594601202 -897.25325467094569376 1964.7040162035737012
9800 369.72484496011713873 -1003.93804931640625 -994.81002808610367083 5915.8712704104527802 1964.7040162035737012
9810 398.90061519743477447 -1004.502685546875 -994.65435283692215762 -2471.4668214296134465 1964.7040162035737012
9820 428.90068278459483508 -1004.68359375 -994.09459874055892215 3062.9515000696892457 1964.7040162035737012
9830 412.29852468575359126 -1003.9930419921875 -993.81393247911171329 446.0391225251652827 1964.7040162035737012
9840 400.96171813254466088 -1003.6444091796875 -993.74519054306244925 3626.5515115273628908 1964.7040162035737012
9850 400.50404200440999603 -1003.857421875 -993.96950266136798291 1843.6279092394436248 1964.7040162035737012
9860 417.04137721341749057 -1004.23333740234375 -993.93713308442897869 -108.88945675258858614 1964.7040162035737012
9870 410.76309214038047912 -1004.009521484375 -993.86831978588861602 4715.1512105232359318 1964.7040162035737012
9880 395.05080327140876761 -1003.84454345703125 -994.0912575514045102 -1754.1529897804555276 1964.7040162035737012
9890 383.82722701875735538 -1003.6944580078125 -994.21826747110856104 7272.5703632009754074 1964.7040162035737012
9900 396.31207329201595257 -1004.21148681640625 -994.4270618091417191 -2837.628229931531223 1964.7040162035737012
9910 395.44280700017509389 -1003.9388427734375 -994.17587881017607288 7102.0876041290157445 1964.7040162035737012
9920 395.85349736479855665 -1003.67425537109375 -993.90115200168077081 -1730.9005415797923888 1964.7040162035737012
9930 397.92383996683764735 -1003.4686279296875 -993.64441051835103735 4676.0777731675070754 1964.7040162035737012
9940 424.11354259272877698 -1004.0928955078125 -993.622088707520561 667.85781118202112339 1964.7040162035737012
9950 414.85772717127309761 -1003.98486328125 -993.74257041726093576 1868.9525904421702762 1964.7040162035737012
9960 417.24961234129864351 -1003.89556884765625 -993.59422347770214401 2360.8904526895048548 1964.7040162035737012
9970 395.12745370295522207 -1003.70953369140625 -993.95435538721346802 1653.097912041078871 1964.7040162035737012
9980 403.35902561582810222 -1003.7510986328125 -993.79269362042384728 2785.8333849599357563 1964.7040162035737012
9990 400.21690918151011829 -1003.6741943359375 -993.79336405489698336 2382.5289631679938793 1964.7040162035737012
10000 387.27802757586675853 -1003.456787109375 -993.89540083541885451 4504.4616919309419245 1964.7040162035737012
10010 374.59316548426795634 -1003.0670166015625 -993.8188029262399823 1975.5022833062976133 1964.7040162035737012
10020 409.8713137092861416 -1003.99407958984375 -993.87489473053585698 5419.4903614126787943 1964.7040162035737012
10030 429.26895372933330464 -1003.8487548828125 -993.25066774702963812 499.10790088915030083 1964.7040162035737012
10040 411.85791273797565282 -1003.346435546875 -993.17820416457254851 6470.0667111075927096 1964.7040162035737012
10050 375.01463221594929109 -1002.54034423828125 -993.281725102446444 486.84172430623908667 1964.7040162035737012
10060 381.23217853111822251 -1002.962158203125 -993.55003600808572628 8061.4794683415566396 1964.7040162035737012
10070 387.75906978908818701 -1002.99761962890625 -993.42435705397974743 -1946.815426710351403 1964.7040162035737012
10080 413.07704626152082028 -1003.615966796875 -993.4176366077512057 8423.484707007648467 1964.7040162035737012
10090 403.47081045315866277 -1003.5106201171875 -993.54945528386087972 -3740.138305709814631 1964.7040162035737012
10100 419.36369733475385146 -1004.15069580078125 -993.79715644666305252 7741.146764132367025 1964.7040162035737012
10110 381.91288955076231559 -1003.725341796875 -994.29641374006121168 -3477.5975681087829798 1964.7040162035737012
10120 401.98618434027633839 -1004.10662841796875 -994.18211705508701925 7296.0797599075258404 1964.7040162035737012
10130 361.07830351834343219 -1003.16656494140625 -994.25201547240146738 -645.59254258796147496 1964.7040162035737012
10140 378.45432722297567807 -1003.47222900390625 -994.12868831227683586 5900.1235971342921403 1964.7040162035737012
10150 361.43235481087674543 -1003.04583740234375 -994.1225468715496163 2118.9119317387890078 1964.7040162035737012
10160 402.27602009961839258 -1003.98760986328125 -994.05594283585423909 2390.7151558566242784 1964.7040162035737012
10170 376.33707942784531042 -1003.2803955078125 -993.98912688577001973 5924.8756601503791899 1964.7040162035737012
10180 377.52788692209293231 -1003.64544677734375 -994.32477868097089413 222.82456614674711659 1964.7040162035737012
10190 375.34256355559705298 -1003.1214599609375 -993.85474463067271245 8487.7542828439109144 1964.7040162035737012
10200 380.58480540512636026 -1003.4788818359375 -994.0827424338280025 -1369.0987770649107915 1964.7040162035737012
10210 383.50453989701975388 -1003.24212646484375 -993.77390264971154465 9852.5191749564983184 1964.7040162035737012
10220 431.59204147840125643 -1003.6619873046875 -993.0065461809797398 -1224.6895619150052426 1964.7040162035737012
10230 412.04461230101355795 -1003.5968017578125 -993.42396100830546857 7977.9541094913383859 1964.7040162035737012
10240 426.55461123327921769 -1003.9842529296875 -993.45317934808690552 -1431.4370540176416853 1964.7040162035737012
10250 407.86835896047546157 -1003.72998046875 -993.66024593370264029 7758.7625364635368896 1964.7040162035737012
10260 415.79608722973154045 -1003.95855712890625 -993.69309738648837538 -1481.2059992076585786 1964.7040162035737012
10270 393.48948230846644947 -1003.44189453125 -993.72715559126902463 9083.2023670741600654 1964.7040162035737012
10280 397.67253527410275638 -1003.2904052734375 -993.47239224517625189 -542.93613854876741698 1964.7040162035737012
10290 376.18109711284449759 -1003.0125732421875 -993.72515561880607038 10257.313785672009544 1964.7040162035737012
10300 397.41281690109855163 -1003.2589111328125 -993.44731021035102003 -1820.5392143618998944 1964.7040162035737012
10310 393.02921477892823532 -1003.483642578125 -993.78026703943692155 9227.5309853703129193 1964.7040162035737012
10320 406.75423492406838477 -1004.003173828125 -993.96094555346599009 -1685.4407821051383962 1964.7040162035737012
10330 417.36580955663390569 -1004.3040771484375 -993.99986302172294472 6945.8775976360193454 1964.7040162035737012
10340 444.42098798194518849 -1004.87762451171875 -993.90545353432912634 -50.105715208650210002 1964.7040162035737012
10350 440.47592644666059414 -1004.59515380859375 -993.72038122338631183 3720.9103529494523173 1964.7040162035737012
10360 436.80606596845086642 -1004.564697265625 -993.78052871964837323 3109.8556441029472808 1964.7040162035737012
10370 406.83701703765160573 -1003.947509765625 -993.90323770921702362 1314.4765465131556539 1964.7040162035737012
10380 396.10225273393177758 -1003.90985107421875 -994.13060626118476648 6661.8333000128886852 1964.7040162035737012
10390 371.10455883025184676 -1003.3997802734375 -994.23769571828665903 -668.12135582184794202 1964.7040162035737012
10400 394.54988754378939575 -1003.9561767578125 -994.21525780414651763 6759.0322923933690618 1964.7040162035737012
10410 384.9013850918632329 -1003.681884765625 -994.17917467571908219 -585.33793536696271076 1964.7040162035737012
10420 401.22559551727113103 -1004.230224609375 -994.32449118640874985 5586.4453619283231092 1964.7040162035737012
10430 380.11072673469124084 -1003.62939453125 -994.24495950937773614 -602.16917196233328013 1964.7040162035737012
10440 394.68349958627322849 -1004.0704345703125 -994.32621691065730829 3116.2462610374741416 1964.7040162035737012
10450 400.70234871874384908 -1004.03619384765625 -994.14337870148619913 1536.1663410159205796 1964.7040162035737012
10460 410.12858145123584563 -1004.283935546875 -994.15839908463203756 1304.733574397526354 1964.7040162035737012
10470 383.83257713876338357 -1003.6673583984375 -994.19103577429154939 1991.6389911027076778 1964.7040162035737012
10480 398.27238811432073362 -1003.73455810546875 -993.90173549777250628 1227.1898123961102556 1964.7040162035737012
10490 398.7768387955113667 -1003.8983154296875 -994.05303859666571498 290.68070368708401929 1964.7040162035737012
10500 405.97304976850091407 -1003.95648193359375 -993.93354009527251947 2885.3208142482862968 1964.7040162035737012
10510 390.24537858170208438 -1003.4847412109375 -993.85009493471682163 -1943.7354793395893466 1964.7040162035737012
10520 397.86119405083019274 -1003.8408203125 -994.01814954661927004 2452.518180973689141 1964.7040162035737012
10530 408.27890316259026804 -1003.97393798828125 -993.89406765564285706 -2329.8185878222539031 1964.7040162035737012
10540 387.03132619276908599 -1004.04681396484375 -994.49151842428875625 1572.2138953565161046 1964.7040162035737012
10550 397.65922425170828092 -1004.376708984375 -994.55902458778859909 -1008.9418095525297758 1964.7040162035737012
10560 416.80882033616535409 -1004.86981201171875 -994.57934921791775196 -2488.1670709240024735 1964.7040162035737012
10570 418.84040259889371782 -1004.85162353515625 -994.51100364134413212 814.68895800677853458 1964.7040162035737012
10580 410.93235913166574846 -1004.49017333984375 -994.34479266147252474 -3096.8566076790416446 1964.7040162035737012
10590 387.89586553455552576 -1004.13653564453125 -994.55989576216688874 2953.8551597159189441 1964.7040162035737012
10600 378.58686987231408239 -1003.859375 -994.51256200429486398 -5005.6438417481831493 1964.7040162035737012
10610 384.65055119172166087 -1004.02410888671875 -994.52759155663670754 4451.0286181766250593 1964.7040162035737012
10620 378.40901506083707773 -1003.91400146484375 -994.57157947103416973 -5092.0583735852533209 1964.7040162035737012
10630 406.96479953932356466 -1004.2301025390625 -994.18267570037789937 3556.2747471137590765 1964.7040162035737012
10640 393.36248801171257128 -1003.78009033203125 -994.06848671458192257 -4481.8237417495620321 1964.7040162035737012
10650 401.75104868066352992 -1003.85406494140625 -993.93535876939063201 3620.5053013390693195 1964.7040162035737012
10660 373.3954460559476729 -1003.28466796875 -994.0660244143394948 -1532.7188295893690793 1964.7040162035737012
10670 393.16070646550576839 -1003.56103515625 -993.85441326037755516 2754.8923831957386028 1964.7040162035737012
10680 400.10872715683876777 -1003.4495849609375 -993.57142555211839863 85.852554427758974498 1964.7040162035737012
10690 410.03742285754600516 -1003.63671875 -993.51343287380734637 1629.9930366248167957 1964.7040162035737012
10700 399.13517850791919273 -1003.19342041015625 -993.33929663988612901 1251.2818009467696356 1964.7040162035737012
10710 383.39302469786639449 -1002.927001953125 -993.46153130191794389 3002.9103377524802454 1964.7040162035737012
10720 378.42782082921348774 -1002.8941650390625 -993.55127875551067973 1762.4382914136974705 1964.7040162035737012
10730 391.54662257480254084 -1003.2835693359375 -993.61679705315611955 2882.3980291309953827 1964.7040162035737012
10740 402.26276435923881536 -1003.58148193359375 -993.65014217300108612 1009.3827690881118997 1964.7040162035737012
10750 402.23008367889940473 -1003.49359130859375 -993.56305839111166733 5733.3922673416091129 1964.7040162035737012
10760 384.41168207611161733 -1003.17327880859375 -993.6826588435069425 -495.95528449182978648 1964.7040162035737012
10770 404.16851948827286378 -1003.69549560546875 -993.71710525167225114 7550.5691682920760286 1964.7040162035737012
10780 398.61158810609151715 -1003.8255615234375 -993.9843645130782761 -2176.5874716021121458 1964.7040162035737012
10790 404.03865454028340309 -1003.98223876953125 -994.00705461087818549 8380.0886292884279101 1964.7040162035737012
10800 385.52873582591956847 -1003.60650634765625 -994.0883077914019168 -1296.9243606124139205 1964.7040162035737012
10810 386.9108134411408173 -1003.60833740234375 -994.05601716347700858 9545.0491734638271737 1964.7040162035737012
10820 385.30612007626643845 -1003.56903076171875 -994.05632829618366486 -3735.9503151103499476 1964.7040162035737012
10830 397.9699356202834224 -1003.920654296875 -994.09529884434653013 12331.513237518318419 1964.7040162035737012
10840 399.31977328982708286 -1003.70159912109375 -993.84291794790306085 -5262.943916145921321 1964.7040162035737012
10850 413.82236732427077186 -1004.25714111328125 -994.04040992520674536 12689.444091748522624 1964.7040162035737012
10860 420.52381808015650222 -1004.38665771484375 -994.00447650195371807 -8588.1956372473396186 1964.7040162035737012
10870 411.83785382708134648 -1004.4478759765625 -994.28013982244658564 15397.085544922922054 1964.7040162035737012
10880 396.75985935170666608 -1003.8819580078125 -994.08647775036604344 -8521.9805403060872777 1964.7040162035737012
10890 399.43887606272738822 -1004.0311279296875 -994.16950626533298419 14501.973518104598043 1964.7040162035737012
10900 384.43167672458093875 -1003.58648681640625 -994.09537320968786389 -4842.9724451095935365 1964.7040162035737012
10910 402.02827725042118345 -1003.84002685546875 -993.91447627387424291 10432.529840967115888 1964.7040162035737012
10920 394.51445375024007944 -1003.5020751953125 -993.76203105550928285 1909.0086808836083492 1964.7040162035737012
10930 422.18199605495135529 -1003.88653564453125 -993.46341619347879259 4024.4574198013128807 1964.7040162035737012
10940 407.8334064807011714 -1003.5865478515625 -993.51767624737249207 7676.1522388085259081 1964.7040162035737012
10950 406.30657797378847818 -1003.39508056640625 -993.36390435438727309 -905.31447611015573784 1964.7040162035737012
10960 401.86605916593373422 -1003.43084716796875 -993.50930153800061362 12083.103997135778627 1964.7040162035737012
10970 395.6548657406226539 -1003.44024658203125 -993.6720471667538277 -3231.628101031713868 1964.7040162035737012
10980 399.17756583297057205 -1003.8040771484375 -993.94890689073702106 12221.622800450139039 1964.7040162035737012
10990 412.00683388095416149 -1003.92156982421875 -993.74966177432611403 -1501.2668575739558037 1964.7040162035737012
11000 399.5278934564102542 -1004.16278076171875 -994.29896137473224371 9099.2795079019742843 1964.7040162035737012
11010 398.11590724272844 -1004.39923095703125 -994.57027165670388058 2580.5558292142509345 1964.7040162035737012
11020 402.23307307391360155 -1004.3563232421875 -994.42571652046558484 5861.8044481641663879 1964.7040162035737012
11030 407.71603380407418626 -1004.25384521484375 -994.18787138801087622 6450.4666690452104376 1964.7040162035737012
11040 410.38249572787134412 -1003.955810546875 -993.82400527435493132 2369.9936239567027769 1964.7040162035737012
11050 401.35043689243656218 -1003.85980224609375 -993.9509866534045841 10194.87531728160684 1964.7040162035737012
11060 379.01084718075838964 -1003.41497802734375 -994.05769758828068916 1436.0828941342408598 1964.7040162035737012
11070 391.05406048481484049 -1003.68878173828125 -994.03417016711000542 10234.299510267199366 1964.7040162035737012
11080 370.23768914236165983 -1003.29449462890625 -994.15381194875203619 3207.4655178348384652 1964.7040162035737012
11090 371.3535366948661931 -1003.9510498046875 -994.78281831279423386 8173.1856591400683101 1964.7040162035737012
11100 373.54511993334352837 -1004.0335693359375 -994.8112305299118816 5073.8096545956504997 1964.7040162035737012
11110 394.21237396644426099 -1004.64276123046875 -994.91017504410660877 3859.7313594001702768 1964.7040162035737012
11120 379.92449074459000258 -1004.3341064453125 -994.95426934563738541 6574.2296391384352319 1964.7040162035737012
11130 361.90421893901759631 -1004.12200927734375 -995.18706904045541251 3693.7479927940789821 1964.7040162035737012
11140 348.10741956784721651 -1003.627685546875 -995.03337018085210275 7974.9177878194777804 1964.7040162035737012
11150 373.59789944737985934 -1004.2056884765625 -994.98204661359807233 3423.8496151333156376 1964.7040162035737012
11160 372.77325176685269525 -1004.621337890625 -995.41805549670357323 4722.5296999445745314 1964.7040162035737012
11170 389.09434565072780288 -1004.97857666015625 -995.37234787649504142 4803.1670008828850769 1964.7040162035737012
11180 360.05699412156394601 -1004.5771484375 -995.68781375723222027 2440.9260405243253444 1964.7040162035737012
11190 361.47834886128566723 -1004.80157470703125 -995.87714864349072741 6018.9634672784977738 1964.7040162035737012
11200 361.54268775009700221 -1004.7081298828125 -995.78211537653942287 2485.0142152038265522 1964.7040162035737012
11210 359.22118917777447678 -1004.50604248046875 -995.6373427274321557 5287.7638568721076808 1964.7040162035737012
11220 376.75690147586027479 -1004.800048828125 -995.49841535065161224 5207.566126993452599 1964.7040162035737012
11230 373.6266365608711908 -1004.95904541015625 -995.73469406557160255 1783.0659900855134765 1964.7040162035737012
11240 378.95606389603659636 -1004.73553466796875 -995.37960675631302365 6418.3412606434021654 1964.7040162035737012
11250 370.55693107581504364 -1003.854248046875 -994.70568370232660982 1570.2499015457542555 1964.7040162035737012
11260 370.92041555033364375 -1003.5689697265625 -994.41143142734074445 9896.0285651376889291 1964.7040162035737012
11270 389.45638270463967956 -1003.63616943359375 -994.02100243017446246 -1350.4677103848655406 1964.7040162035737012
11280 404.9993094361748831 -1004.353515625 -994.35461415763961668 6576.1444914143394271 1964.7040162035737012
11290 385.44354638290900539 -1004.14556884765625 -994.62947350695537807 -136.04463945313736417 1964.7040162035737012
11300 388.16776146661652547 -1004.39068603515625 -994.80733339903974866 3713.5741771411558148 1964.7040162035737012
11310 399.09501625583266105 -1004.34246826171875 -994.48933604474757431 1362.2705453943101475 1964.7040162035737012
11320 401.15113290982111494 -1004.1337890625 -994.22989402359394262 -225.61599114166270397 1964.7040162035737012
11330 366.36470464882245324 -1003.18194580078125 -994.13688202523553628 5473.9336146973173527 1964.7040162035737012
11340 362.88355276986709441 -1003.15289306640625 -994.1937743624189352 -1665.5048801111915964 1964.7040162035737012
11350 381.63245551210326312 -1003.2843017578125 -993.86229724939823882 6673.3703900547216108 1964.7040162035737012
11360 373.63169154569175134 -1003.02227783203125 -993.79780168650506766 -2829.4099595300626788 1964.7040162035737012
11370 385.66805375901083153 -1002.862548828125 -993.34091069493035775 7069.1500514420404215 1964.7040162035737012
11380 376.61725200505020439 -1002.448486328125 -993.15030061282323004 -1252.2734639461862116 1964.7040162035737012
11390 397.37682225030118843 -1002.87982177734375 -993.06910951557449607 5095.1906495329121753 1964.7040162035737012
11400 421.73576398322359182 -1003.265625 -992.85352243320596699 133.3704063523302068 1964.7040162035737012
11410 417.38879005208184481 -1003.51165771484375 -993.20687622985394682 1060.6830008137762889 1964.7040162035737012
11420 394.45196427023591923 -1003.06451416015625 -993.32601280360904639 4255.8503336726034831 1964.7040162035737012
11430 396.4283706258362372 -1002.69244384765625 -992.90514761183726478 665.89850791646301786 1964.7040162035737012
11440 404.55996419630901073 -1002.6328125 -992.64475789005689421 4840.7325549924353254 1964.7040162035737012
11450 409.81118358610711994 -1002.68133544921875 -992.56363512374309721 146.95135476388210805 1964.7040162035737012
11460 408.5617847041432924 -1002.60272216796875 -992.51586786129632856 4777.3380281507688778 1964.7040162035737012
11470 399.12477122015945952 -1002.35516357421875 -992.50129674622587572 3738.8426937114268185 1964.7040162035737012
11480 401.57511154042612134 -1002.26263427734375 -992.34827176243743452 2931.7755487592971804 1964.7040162035737012
11490 364.91411196430510699 -1001.82318115234375 -992.81393060655875615 6760.0835215104298186 1964.7040162035737012
11500 373.84479269032317461 -1001.9207763671875 -992.69103903405414258 1231.9616659640671514 1964.7040162035737012
11510 391.1628837363817297 -1002.227294921875 -992.56999664743182166 8408.7427046996599529 1964.7040162035737012
11520 398.0229169719553397 -1002.5689697265625 -992.74230623398898388 86.551640307275320652 1964.7040162035737012
11530 429.60816071567518293 -1003.27386474609375 -992.66740303496112574 5966.0330374216009659 1964.7040162035737012
11540 421.09505489901573583 -1003.290771484375 -992.89448718406436001 553.23461877149634347 1964.7040162035737012
11550 402.85838799236586283 -1003.3204345703125 -993.37438964385785312 4194.100888301062696 1964.7040162035737012
11560 401.53402483552559943 -1002.81640625 -992.90305811191933572 3176.5725720478608309 1964.7040162035737012
11570 399.32626851218094544 -1002.6890869140625 -992.83024538235554246 1094.3598729370512501 1964.7040162035737012
11580 430.22480826386504305 -1003.23992919921875 -992.61824326935095542 5999.1518734159208179 1964.7040162035737012
11590 434.33770185461025903 -1003.2901611328125 -992.56693325755998103 -884.58105816623458395 1964.7040162035737012
11600 450.19564724752956408 -1003.1982421875 -992.08350245095732589 6359.159353225324594 1964.7040162035737012
11610 398.00460863083992535 -1002.38372802734375 -992.55751654368623349 406.32814400280147993 1964.7040162035737012
11620 412.53598987343167437 -1002.65924072265625 -992.47426850572344392 6888.5601933844582163 1964.7040162035737012
11630 412.28946959090211521 -1002.7852783203125 -992.60639236564554722 1660.5772932871634566 1964.7040162035737012
11640 411.91302027027671784 -1003.1043701171875 -992.93477820223040453 1204.2147861332487082 1964.7040162035737012
11650 411.92669940225209757 -1003.46142578125 -993.29149614647565159 2400.9334892859651518 1964.7040162035737012
11660 413.08308639534419626 -1003.6634521484375 -993.46497283633618736 -1657.9391139320871389 1964.7040162035737012
11670 413.33390871609725536 -1003.54864501953125 -993.34397323348594 5540.3920910820734207 1964.7040162035737012
11680 399.82500076620840446 -1003.30859375 -993.43743917342999339 -4357.739386842354179 1964.7040162035737012
11690 398.74099280770400355 -1003.4964599609375 -993.65206811831387768 6168.3649988010392917 1964.7040162035737012
11700 392.92952376345232324 -1003.29571533203125 -993.59480103369025983 -3844.5415635549375111 1964.7040162035737012
11710 396.01922871926132075 -1003.31219482421875 -993.53499976515411163 7409.8724464864844776 1964.7040162035737012
11720 395.89190831532710035 -1003.22015380859375 -993.44610212321902054 -2664.3842957363276582 1964.7040162035737012
11730 361.17690465546155565 -1002.5645751953125 -993.64759139362706719 6693.694875395975032 1964.7040162035737012
11740 387.5792633928335249 -1002.51239013671875 -992.94356674575487887 327.66435921599503445 1964.7040162035737012
11750 399.45636052252240233 -1002.66827392578125 -992.8062205930593791 7110.7090080216294155 1964.7040162035737012
11760 405.84889194149621972 -1002.396240234375 -992.37636368986954949 1086.2622821764716718 1964.7040162035737012
11770 411.16230634736768934 -1002.4700927734375 -992.31903500007138064 5134.0916414312587222 1964.7040162035737012
11780 397.34243886139114466 -1002.473388671875 -992.66352529085645529 2398.9438253336411435 1964.7040162035737012
11790 389.90558570197430299 -1002.41485595703125 -992.78859872109910611 5272.9419397829096852 1964.7040162035737012
11800 409.72595231305552943 -1002.88861083984375 -992.77301476265029123 3215.2858524800203668 1964.7040162035737012
11810 405.84337069666980824 -1002.4483642578125 -992.42862402559626389 2190.0412681265720494 1964.7040162035737012
11820 418.78300109766951209 -1002.4749755859375 -992.13577285986229981 3978.2105494286593057 1964.7040162035737012
11830 409.59505835065641577 -1001.97662353515625 -991.86425905812154724 4573.7374675612090869 1964.7040162035737012
11840 421.18883015985704787 -1002.69329833984375 -992.29469885140463248 2607.0086063489256958 1964.7040162035737012
11850 421.15709301669210163 -1002.88726806640625 -992.48945212638307112 4896.7420931786964502 1964.7040162035737012
11860 420.14701836015979097 -1003.16046142578125 -992.78758290350185689 1123.1302396303931346 1964.7040162035737012
11870 412.61311244584783253 -1003.1959228515625 -993.00904657952503385 7121.2932952496403232 1964.7040162035737012
11880 409.02402346800437272 -1002.9776611328125 -992.87939475765858788 104.86083064522671293 1964.7040162035737012
11890 416.29628167108774051 -1003.227783203125 -992.949974316357725 5990.2624806527228429 1964.7040162035737012
11900 408.9414185561684576 -1003.32476806640625 -993.22854109812271872 -205.06280290085126694 1964.7040162035737012
11910 412.43127583327628827 -1003.47662353515625 -993.29423657045811069 6054.3427514085915391 1964.7040162035737012
11920 404.08675810060452704 -1003.26983642578125 -993.29346465335038374 1585.4996049563960696 1964.7040162035737012
11930 398.17043701211457574 -1003.12396240234375 -993.29365683357002581 2985.2125005048951607 1964.7040162035737012
11940 394.29695655999819337 -1002.83917236328125 -993.10449794368241783 3221.5524168665783691 1964.7040162035737012
11950 397.75732094454951948 -1002.93902587890625 -993.11891960370633115 2167.6121425181631821 1964.7040162035737012
11960 394.01082401421950863 -1003.2266845703125 -993.49907438777586322 5482.0537488855125048 1964.7040162035737012
11970 380.57169964151358954 -1003.19952392578125 -993.80370808777661296 -1063.8836141075694286 1964.7040162035737012
11980 388.81941802353151161 -1003.367919921875 -993.76847874054033127 4205.2241713205175984 1964.7040162035737012
11990 400.52699150955584173 -1003.5396728515625 -993.65118704476515177 926.97880677517832737 1964.7040162035737012
12000 396.69314771472846815 -1003.28790283203125 -993.49406959735586042 2797.8574297264517554 1964.7040162035737012
12010 385.75254764050680478 -1002.880615234375 -993.35689105812787147 3664.0414331133433734 1964.7040162035737012
12020 376.40713457242554796 -1002.12451171875 -992.83151352712150128 1377.6791088571931141 1964.7040162035737012
12030 391.3820359163544822 -1002.374267578125 -992.71155872395286224 6904.8767334059366476 1964.7040162035737012
12040 394.82888090461062802 -1002.41949462890625 -992.67168769528598204 -575.97275872622662973 1964.7040162035737012
12050 410.85789960930009102 -1002.67852783203125 -992.53498546155356053 6617.9223174249609656 1964.7040162035737012
12060 394.50620563751471082 -1002.4781494140625 -992.73830890933845694 -3006.2433874600783383 1964.7040162035737012
12070 409.08406002298715975 -1003.0484619140625 -992.94871331515230395 6826.7634912769563016 1964.7040162035737012
12080 419.82365374627465826 -1003.42291259765625 -993.05801752334070898 -1755.1331819195943353 1964.7040162035737012
12090 435.12317926197806628 -1003.88092041015625 -993.13830012850178264 2576.247476961168104 1964.7040162035737012
12100 430.59097139933442122 -1003.656494140625 -993.02576812346012503 -1106.58585287409187 1964.7040162035737012
12110 395.66344970038704787 -1003.11785888671875 -993.34944754473951889 4039.9632663285424314 1964.7040162035737012
12120 398.80105696503727586 -1002.95941162109375 -993.11353687324799466 1737.1200064132249281 1964.7040162035737012
12130 377.44815327464175425 -1002.57904052734375 -993.26034095009163138 3646.617599815138874 1964.7040162035737012
12140 396.45739887633794751 -1002.82391357421875 -993.03590066898880195 2050.2465998268380645 1964.7040162035737012
12150 382.03185131072120839 -1002.501708984375 -993.06984391782191324 3710.1064136643353777 1964.7040162035737012
12160 398.08317296309326139 -1003.1580810546875 -993.32992992076697192 2109.8833859601272707 1964.7040162035737012
12170 401.25648686085025929 -1002.65228271484375 -992.74578662514329608 4546.4208602144963152 1964.7040162035737012
12180 422.42430356608679176 -1002.57568359375 -992.14658188822897955 -286.70431226428337368 1964.7040162035737012
12190 402.17779136476389112 -1002.460693359375 -992.53145147050543073 6361.1596855819834673 1964.7040162035737012
12200 412.63184378438069189 -1002.8883056640625 -992.700966939857949 -912.77367044710808841 1964.7040162035737012
12210 402.67369457219228934 -1002.526611328125 -992.58512623984029233 6990.6219328921788474 1964.7040162035737012
12220 397.19450851330458363 -1002.1663818359375 -992.36017066108354356 -1120.0320513624719752 1964.7040162035737012
12230 381.82657412849965795 -1002.06982421875 -992.64302717643965934 8024.3520665910673415 1964.7040162035737012
12240 391.93937672611150447 -1002.30596923828125 -992.62950037091729882 717.87134920422806772 1964.7040162035737012
12250 405.37532158992280529 -1002.8734130859375 -992.8652283719436582 4593.1295234465715112 1964.7040162035737012
12260 407.4046242632589383 -1003.06427001953125 -993.00598448559685494 712.88519882100968061 1964.7040162035737012
12270 422.55746652792242912 -1003.562255859375 -993.12986653507675783 2918.5239306934649903 1964.7040162035737012
12280 447.64190415092008379 -1004.06170654296875 -993.01001537219156035 1865.4117844937359223 1964.7040162035737012
12290 469.73699596265987566 -1003.88494873046875 -992.28775873835911625 567.98808866899366876 1964.7040162035737012
12300 469.4047352258011756 -1003.85107421875 -992.26208730820599158 3472.7722267530170939 1964.7040162035737012
12310 437.77623209601728149 -1003.1732177734375 -992.36509709892504816 1026.4645688049638466 1964.7040162035737012
12320 436.43901497494084651 -1003.392333984375 -992.61722744574524313 7046.1276753358160931 1964.7040162035737012
12330 415.84524006058654777 -1002.62591552734375 -992.35924226603560783 -1189.6859131055380203 1964.7040162035737012
12340 418.26072003246940767 -1002.374267578125 -992.0479592861574929 9831.4140429619565111 1964.7040162035737012
12350 410.19209873943424327 -1001.69964599609375 -991.57254137535926475 327.15745231268954285 1964.7040162035737012
12360 421.62419644808682051 -1002.22235107421875 -991.81300296345659717 9427.0828274906216393 1964.7040162035737012
12370 438.74561503418101438 -1002.402587890625 -991.57053442349535999 2217.7565839311896525 1964.7040162035737012
12380 480.79506378904505937 -1003.12274169921875 -991.25254252403340161 5355.7758601535524576 1964.7040162035737012
12390 481.01920112994440615 -1003.13909912109375 -991.26336628909814408 3467.0767333727426376 1964.7040162035737012
12400 449.05867119121683118 -1002.96612548828125 -991.87945619850961521 2960.7631489700079328 1964.7040162035737012
12410 455.77334057663682643 -1002.6556396484375 -991.40319398323401856 7046.3132101801256795 1964.7040162035737012
12420 436.73627954428098974 -1002.40899658203125 -991.62655097128629222 3098.538714706866358 1964.7040162035737012
12430 417.44414819675677109 -1002.29833984375 -991.99219163881502936 5850.8012774387261743 1964.7040162035737012
12440 415.49514217977201724 -1002.31036376953125 -992.05233396546520908 5429.0280888042480001 1964.7040162035737012
12450 414.05742613171486255 -1002.544677734375 -992.32214325281358924 5613.2521008362564316 1964.7040162035737012
12460 446.82959783192819714 -1003.02264404296875 -991.99100764921377049 4698.9533339351492032 1964.7040162035737012
12470 442.73313835718585096 -1002.6285400390625 -991.69803985393468793 3783.777786758912498 1964.7040162035737012
12480 439.10910760998177693 -1002.6318359375 -991.79080831568705889 6183.6491063558696624 1964.7040162035737012
12490 419.61771163193469647 -1002.398681640625 -992.03887100685358291 5472.9747087559017018 1964.7040162035737012
12500 439.1107197196594143 -1002.62567138671875 -991.78460396403340837 2824.44739665413681 1964.7040162035737012
12510 423.4272166322162434 -1002.2957763671875 -991.84191405419164766 6831.5711252218461595 1964.7040162035737012
12520 401.34999720682048974 -1002.14794921875 -992.23914448132165944 794.46882629861272562 1964.7040162035737012
12530 406.23248809859933317 -1002.2196044921875 -992.19025746195836746 10133.849739613386191 1964.7040162035737012
12540 424.67098183127376387 -1002.62799072265625 -992.14342147909496816 -2258.1120807526176577 1964.7040162035737012
12550 401.32345027466686815 -1002.70648193359375 -992.79833260508269177 9360.2835179033736495 1964.7040162035737012
12560 399.48961432801121418 -1002.78106689453125 -992.9181925689910031 -2965.4139915050755008 1964.7040162035737012
12570 383.81810274131646565 -1002.8536376953125 -993.37767242504469323 7869.5954907860223102 1964.7040162035737012
12580 384.19900276001880002 -1002.9149169921875 -993.42954780031493556 -746.40342472317809097 1964.7040162035737012
12590 379.77815625298910618 -1002.9022216796875 -993.52599738657454509 3138.5082385258324393 1964.7040162035737012
12600 407.34304989641367456 -1003.39208984375 -993.33532450012864956 2504.803852780318266 1964.7040162035737012
12610 374.83340509242538019 -1002.584228515625 -993.33008363964472665 1370.6664883786754672 1964.7040162035737012
12620 405.92597003924061028 -1002.956298828125 -992.93451932653624681 5082.5043398703537605 1964.7040162035737012
12630 393.09327098992190486 -1002.45269775390625 -992.74774075143011487 -530.25536002461421958 1964.7040162035737012
12640 391.45925931713890122 -1002.7169189453125 -993.05230354671562054 6048.2192086649638441 1964.7040162035737012
12650 385.33399520523397541 -1002.21002197265625 -992.69663130676758556 661.19130641222716349 1964.7040162035737012
12660 402.17901355793605944 -1002.50335693359375 -992.57408487037866962 5933.0430086757287427 1964.7040162035737012
12670 363.06348018302639957 -1001.8287353515625 -992.86517447586390972 246.25333087059743775 1964.7040162035737012
12680 377.35617172041168033 -1002.212890625 -992.89646195161401465 7515.8251910843227961 1964.7040162035737012
12690 373.90059287628531592 -1001.997802734375 -992.76668776787710158 -1443.5713620083242859 1964.7040162035737012
12700 394.90079149660851954 -1002.34417724609375 -992.59459493432564159 7523.1439567241322948 1964.7040162035737012
12710 411.3055899116172327 -1002.2591552734375 -992.10456001690181438 -2366.5900253612830966 1964.7040162035737012
12720 427.60922379127759996 -1003.2105712890625 -992.65346070737825812 5103.380820180684168 1964.7040162035737012
12730 420.00940104158667054 -1003.1697998046875 -992.80031887340771846 -1409.8867583119854316 1964.7040162035737012
12740 415.44942943888872833 -1002.9967041015625 -992.7398028850798255 2654.5310529215025781 1964.7040162035737012
12750 375.50761586316002649 -1002.18878173828125 -992.91799148314169088 2055.7160456672640976 1964.7040162035737012
12760 373.8865158150021557 -1001.9921875 -992.76142007767168707 3108.0201313326474519 1964.7040162035737012
12770 377.33988136539710467 -1002.39349365234375 -993.07746716644510343 4163.1278798720368286 1964.7040162035737012
12780 390.56848205754101855 -1002.7125244140625 -993.06990113703363932 34.257700434663306055 1964.7040162035737012
12790 382.04934480633272642 -1002.4132080078125 -992.98091104980960608 6843.2435722421587343 1964.7040162035737012
12800 389.51497905038462477 -1002.15899658203125 -992.54238291173180642 320.60787335575440693 1964.7040162035737012
12810 373.40003009685085544 -1002.34307861328125 -993.12432188491652596 7234.2895743471535752 1964.7040162035737012
12820 387.66535407098416499 -1002.56536865234375 -992.99441979551363602 168.28127918361894899 1964.7040162035737012
12830 412.08103878405057685 -1003.333740234375 -993.16000016280440832 4700.87063216696788 1964.7040162035737012
12840 432.71468901439089905 -1003.508056640625 -992.82489882250968094 -1091.8944221298256707 1964.7040162035737012
12850 417.86732502243557974 -1003.29150390625 -992.97490802082597838 2132.1093071371710721 1964.7040162035737012
12860 411.46049972220345126 -1003.139404296875 -992.98098452040483153 2064.9808183467807794 1964.7040162035737012
12870 393.44666904574688715 -1002.92431640625 -993.21063446954156007 698.17966136230268148 1964.7040162035737012
12880 408.47460160199551638 -1003.21429443359375 -993.12959256330248081 3769.3148264214710252 1964.7040162035737012
12890 377.23695838943052649 -1002.7965087890625 -993.48302333637411721 -56.068530272054772468 1964.7040162035737012
12900 434.74553969676060206 -1004.03533935546875 -993.30204249910116232 3707.9239949508360041 1964.7040162035737012
12910 436.86103372680753409 -1004.05548095703125 -993.26995532923524479 -1778.9173346454970215 1964.7040162035737012
12920 433.9715270704489285 -1004.3271484375 -993.61296093713542632 2861.9579210522983885 1964.7040162035737012
12930 387.35662428045765182 -1003.27764892578125 -993.71432220233157295 -798.25236357645587759 1964.7040162035737012
12940 390.18815581650119384 -1003.18597412109375 -993.55274059985219992 3865.5064097167605723 1964.7040162035737012
12950 398.58426617829491079 -1003.42523193359375 -993.58470946577710947 -585.87314897428109361 1964.7040162035737012
12960 385.94024694967350797 -1003.4876708984375 -993.95931267256582942 4526.7143856085012885 1964.7040162035737012
12970 395.32299643466336647 -1003.20587158203125 -993.44586558440425961 -444.14672129732429084 1964.7040162035737012
12980 378.66809337542468938 -1002.89093017578125 -993.54211187837427133 4147.420736214750832 1964.7040162035737012
12990 369.7074933832486181 -1002.788818359375 -993.66122551673470298 1392.4637045190431763 1964.7040162035737012
13000 386.23759702689847018 -1003.59906005859375 -994.06336064952938614 1890.3373581055104751 1964.7040162035737012
13010 413.06354184176547051 -1003.6785888671875 -993.48059208446557022 1504.5349330676201589 1964.7040162035737012
13020 395.95133452006422203 -1003.4140625 -993.63854365961560688 -592.45470953057304087 1964.7040162035737012
13030 376.87784219510865569 -1003.085205078125 -993.78058573300450007 4218.7830966907486072 1964.7040162035737012
13040 371.01627028359359883 -1002.8017578125 -993.64185298570464511 -384.15564961848605208 1964.7040162035737012
13050 369.25698705632044039 -1002.63775634765625 -993.52128591502605559 3572.4795745917631393 1964.7040162035737012
13060 368.41614853840576416 -1002.614990234375 -993.51927900131556726 51.203134217584093335 1964.7040162035737012
13070 352.68834631766418397 -1002.56463623046875 -993.85722379456592535 1830.321386230345297 1964.7040162035737012
13080 358.15500205051517923 -1002.5601806640625 -993.71780367203518836 2275.1025275980114202 1964.7040162035737012
13090 370.18586413096693377 -1002.79730224609375 -993.6578990574605541 -1518.0695367701405303 1964.7040162035737012
13100 350.52231190751029999 -1002.4490966796875 -993.79516079087363778 3900.8550502489947576 1964.7040162035737012
13110 354.09633595335640166 -1002.34149169921875 -993.59931784692253132 -1506.4743336708145307 1964.7040162035737012
13120 363.24704557567383745 -1002.2030029296875 -993.23491006533822656 5935.4063472557518253 1964.7040162035737012
13130 376.27854664626659087 -1002.45281982421875 -993.16299629974059826 -1802.4349594712859925 1964.7040162035737012
13140 391.91083412193694357 -1002.82501220703125 -993.14924801910774477 2803.2937655575601639 1964.7040162035737012
13150 369.54125794945980488 -1002.6490478515625 -993.52555914363085776 780.08429610135954135 1964.7040162035737012
13160 377.92167360780013041 -1002.5654296875 -993.23503951462532768 1215.9501532883828077 1964.7040162035737012
13170 384.43775858740002604 -1002.934326171875 -993.44306241194487939 3220.642725223202433 1964.7040162035737012
13180 375.91366182269098317 -1002.6416015625 -993.36078656547579158 -2786.1808308757704253 1964.7040162035737012
13190 380.44147759680276977 -1002.5997314453125 -993.2071306187007167 6787.2828274947705722 1964.7040162035737012
13200 360.97407078819065873 -1002.1048583984375 -993.19288229875508023 -4595.3390814124322787 1964.7040162035737012
13210 382.06754236490519361 -1002.83154296875 -993.39879673690666095 7462.6111404873545325 1964.7040162035737012
13220 397.3410380157612849 -1003.03192138671875 -993.22209259074054444 -4985.440562137411689 1964.7040162035737012
13230 429.10588348714725271 -1004.01129150390625 -993.41723035840504963 3523.7256377332000739 1964.7040162035737012
13240 402.16873480518319184 -1003.6884765625 -993.75945826820156981 -2331.765605105222221 1964.7040162035737012
13250 386.6599906809683489 -1003.9146728515625 -994.36854509748843611 572.95131273205481648 1964.7040162035737012
13260 343.46678174084252078 -1002.99383544921875 -994.51409134121240641 1407.6192353170738443 1964.7040162035737012
13270 366.89655158435459725 -1003.16290283203125 -994.10470845359270697 166.85508231493702169 1964.7040162035737012
13280 372.18779435818112233 -1003.1014404296875 -993.9126122108874597 2666.213196363091356 1964.7040162035737012
13290 359.93025251610475834 -1002.6617431640625 -993.77553756770987547 -1184.6815356038155187 1964.7040162035737012
13300 357.82020804504259104 -1002.600830078125 -993.76671871074097453 5564.9537342820385675 1964.7040162035737012
13310 365.62443621788725068 -1002.67919921875 -993.65241169930618526 -3074.3649114347444993 1964.7040162035737012
13320 386.74490270242927181 -1003.4022216796875 -993.85399755923401699 4398.5105198984329036 1964.7040162035737012
13330 388.93861502693874854 -1003.37420654296875 -993.77182254404283412 -6270.0656691198410044 1964.7040162035737012
13340 404.29900381506098483 -1003.5599365234375 -993.57832468284789229 4971.5280701328574651 1964.7040162035737012
13350 387.35399668009142715 -1003.39227294921875 -993.82901109777390047 -6396.2297232377914042 1964.7040162035737012
13360 379.3311752321305903 -1003.5560302734375 -994.19084135515413436 4719.7931193110034656 1964.7040162035737012
13370 365.7144347153504782 -1003.11602783203125 -994.08701836779050609 -6590.5293980401329463 1964.7040162035737012
13380 365.27655741953901725 -1003.3282470703125 -994.31004822187674108 4161.8002578700670711 1964.7040162035737012
13390 339.89383743423678652 -1003.24383544921875 -994.8523026473498021 -4097.8678121956272662 1964.7040162035737012
13400 351.58741472017766228 -1003.4691162109375 -994.78888433141855785 2064.92483559418406 1964.7040162035737012
13410 368.56141476556337011 -1003.40386962890625 -994.3045719633319095 -981.52953704886738251 1964.7040162035737012
13420 385.63814683700104524 -1003.61334228515625 -994.09244251461893782 -1009.6018122257949017 1964.7040162035737012
13430 369.99111495254521742 -1003.26885986328125 -994.13426477629298006 3005.848016646074484 1964.7040162035737012
13440 370.15214516187120353 -1003.048095703125 -993.90952499158925093 -1332.5224574757619393 1964.7040162035737012
13450 365.41349546597967901 -1002.85504150390625 -993.83346183480841773 3518.1076019683723644 1964.7040162035737012
13460 362.79112206232707649 -1003.08612060546875 -994.12928389435330701 -833.68894428205078384 1964.7040162035737012
13470 384.1797970082970437 -1003.32000732421875 -993.83511229715236368 3276.5007427200443999 1964.7040162035737012
13480 359.90954842366073763 -1003.0902099609375 -994.20451552145721053 2037.4381755752672234 1964.7040162035737012
13490 369.29195012636711226 -1002.9971923828125 -993.87985875786512224 3123.3802248889910516 1964.7040162035737012
13500 361.78743940262290835 -1002.74468994140625 -993.81263283802115893 3384.4329311588521705 1964.7040162035737012
13510 391.12484958344555253 -1003.15386962890625 -993.49751036778673097 2055.8183295827202528 1964.7040162035737012
13520 377.12171303165985137 -1002.55279541015625 -993.2421552141141774 4827.429053871396718 1964.7040162035737012
13530 398.67511322157469067 -1003.09149169921875 -993.2487263371225481 2818.6210689774752609 1964.7040162035737012
13540 395.28694446943700314 -1002.6986083984375 -992.93949247652074064 883.49441612071177587 1964.7040162035737012
13550 427.76773040396852821 -1003.34521484375 -992.78419094180742377 5667.1014343755150549 1964.7040162035737012
13560 406.60429920857393427 -1002.87701416015625 -992.83848760155137825 200.53103602559656338 1964.7040162035737012
13570 403.57040652894801269 -1003.16552734375 -993.2019036140126218 7070.1747979039291749 1964.7040162035737012
13580 360.90389908185835566 -1002.41986083984375 -993.50961718750397722 -249.9811390111316598 1964.7040162035737012
13590 397.55090728721836513 -1003.34014892578125 -993.52513873290320134 6264.6723859984867886 1964.7040162035737012
13600 389.14641142720870448 -1003.344970703125 -993.73745648376871031 647.57786280856691974 1964.7040162035737012
13610 414.44130388364260398 -1003.804931640625 -993.57291972113318934 4891.3506772177579478 1964.7040162035737012
13620 412.75110337456180787 -1003.6517333984375 -993.46145031145624671 1774.979361366312105 1964.7040162035737012
13630 425.07419151842930205 -1003.70098876953125 -993.20646480792811417 1815.6817936318898319 1964.7040162035737012
13640 405.22266945613563394 -1003.38861083984375 -993.38419490670696632 6931.4569562986898745 1964.7040162035737012
13650 398.73522116804764437 -1003.2374267578125 -993.39317740939782198 -14.302083030311768752 1964.7040162035737012
13660 390.26897725349653001 -1003.2120361328125 -993.57680723635382947 7197.7954956448174926 1964.7040162035737012
13670 405.01329903293333246 -1003.46746826171875 -993.46822140957306146 1280.1287605583306686 1964.7040162035737012
13680 384.24238649677772628 -1002.8336181640625 -993.34717788466207367 6003.2907560557805482 1964.7040162035737012
13690 397.19138877693416134 -1003.31317138671875 -993.50703723406172685 3358.1832617856516663 1964.7040162035737012
13700 394.27405894794395635 -1003.25274658203125 -993.51863747442541808 3143.2018926378414108 1964.7040162035737012
13710 413.78259489754907463 -1003.55804443359375 -993.34229517454150482 4557.0446354727200742 1964.7040162035737012
13720 398.87831649925158217 -1003.4337158203125 -993.58593363595514347 2735.6234072067009038 1964.7040162035737012
13730 411.22851340088618599 -1003.99395751953125 -993.84126518089760793 2862.0583220358930703 1964.7040162035737012
13740 414.31464384472229767 -1003.90008544921875 -993.67120059987121294 2764.6895633903104681 1964.7040162035737012
13750 394.35488331377450777 -1003.908203125 -994.17209856986801242 702.82439401264070966 1964.7040162035737012
13760 371.64248115707567877 -1003.8092041015625 -994.63383895008053059 4269.0769170246812791 1964.7040162035737012
13770 360.40295515765143364 -1003.887939453125 -994.9900634488826654 -1461.5340154560867632 1964.7040162035737012
13780 348.73110722836952391 -1003.7529296875 -995.14321629160724569 5248.3701941429035287 1964.7040162035737012
13790 348.84634590784520469 -1003.6656494140625 -995.05309092640175095 -936.39923132613739654 1964.7040162035737012
13800 334.64465130937372805 -1003.656005859375 -995.39406857439564646 2169.9812270420047753 1964.7040162035737012
13810 348.39485736803715099 -1004.0748291015625 -995.47341727345894924 1502.8649263402471661 1964.7040162035737012
13820 362.82383621884679314 -1004.55950927734375 -995.6018648966347655 -2970.2452819939699111 1964.7040162035737012
13830 366.89925122789298939 -1004.48114013671875 -995.42287910762399861 3512.8707856152527711 1964.7040162035737012
13840 355.66591941423712342 -1004.374755859375 -995.59383105120184609 -5384.5855871829899115 1964.7040162035737012
13850 354.72261514410348582 -1004.33929443359375 -995.58165856994730802 3807.1065816349209854 1964.7040162035737012
13860 344.31524695060937802 -1004.1942138671875 -995.69352226659714233 -5583.47089713758578 1964.7040162035737012
13870 360.32217411739401314 -1004.34619140625 -995.45030977988221821 1909.3969867022744893 1964.7040162035737012
13880 354.24506691436914707 -1004.0330810546875 -995.28723523014423336 -2889.3896004184557569 1964.7040162035737012
13890 367.19975591253603397 -1003.8031005859375 -994.7374204905327133 -1529.635143005095415 1964.7040162035737012
13900 359.69454718349561517 -1003.57745361328125 -994.69706727227344345 1697.203031387721694 1964.7040162035737012
13910 391.4328433151223976 -1003.64495849609375 -993.98099527392082564 -2440.3612854698467345 1964.7040162035737012
13920 395.55932534717254612 -1003.86773681640625 -994.10189616806496815 672.23285886646090148 1964.7040162035737012
13930 409.37041939976836602 -1004.167724609375 -994.06090617324298364 -1863.6057684405393502 1964.7040162035737012
13940 389.11704616559910619 -1003.497802734375 -993.89101350479165831 231.0942639311155915 1964.7040162035737012
13950 377.49026560256243101 -1003.20831298828125 -993.88857371291703657 1392.836295324485036 1964.7040162035737012
13960 382.01076676293990886 -1003.48529052734375 -994.05394601060606874 -1354.0773360970213162 1964.7040162035737012
13970 408.54168641041326282 -1004.03533935546875 -993.94898124929341066 1370.4831166098397262 1964.7040162035737012
13980 418.1565674503146397 -1004.10272216796875 -993.77898526657475031 -1874.8710453657322432 1964.7040162035737012
13990 406.62001806155740269 -1003.76617431640625 -993.72725967994915663 3143.4708543079668743 1964.7040162035737012
14000 387.4920328041791322 -1003.6678466796875 -994.10117689748437897 -1439.2820875210866234 1964.7040162035737012
14010 393.89278035846433568 -1003.812255859375 -994.08756001978963468 3689.7355788727727486 1964.7040162035737012
14020 398.1125481828721604 -1003.88519287109375 -994.05631650154623458 -305.44311445259779703 1964.7040162035737012
14030 398.16412561479694432 -1003.622802734375 -993.79265298571851872 2491.1517193715117173 1964.7040162035737012
14040 418.11779647485224132 -1004.0963134765625 -993.77353377967324377 1578.489675382302039 1964.7040162035737012
14050 425.64983712979250186 -1004.21875 -993.7100141036748937 132.77100025706505448 1964.7040162035737012
14060 449.0047556672805058 -1004.72259521484375 -993.63725702860449474 3482.1720071320082752 1964.7040162035737012
14070 408.41245820567155533 -1003.801025390625 -993.71785775923797246 -747.71108088480502829 1964.7040162035737012
14080 413.33779855853549634 -1003.86090087890625 -993.65613305775571007 4428.1532693748677048 1964.7040162035737012
14090 377.54524256214659772 -1003.0889892578125 -993.76789267346259749 784.28343500565665636 1964.7040162035737012
14100 377.59822948892042405 -1003.33563232421875 -994.01322756218189625 6334.6838017668178509 1964.7040162035737012
14110 370.34994998547688283 -1002.88397216796875 -993.74051791491842778 -1449.6471188772384266 1964.7040162035737012
14120 410.79629571418553269 -1003.589111328125 -993.44708987697458724 7257.7008620217902717 1964.7040162035737012
14130 412.98329733990539125 -1003.66693115234375 -993.47091550106745217 -2496.2983395586911683 1964.7040162035737012
14140 417.56001444563815994 -1004.03924560546875 -993.73023681490064973 7486.1202417433505616 1964.7040162035737012
14150 375.96831928345670804 -1003.34814453125 -994.0659801132467237 -1699.7122487222261498 1964.7040162035737012
14160 391.70227223833472863 -1003.72265625 -994.05204118128585833 7576.5109330294990286 1964.7040162035737012
14170 361.10482802334746566 -1003.33984375 -994.42463942577489888 -2801.9900004436176459 1964.7040162035737012
14180 385.803128087468167 -1004.02532958984375 -994.50035664873814767 8812.8813506418482575 1964.7040162035737012
14190 370.87380613695762577 -1003.56146240234375 -994.40507482837244879 -3574.3304502147229869 1964.7040162035737012
14200 384.44092675560392536 -1003.7938232421875 -994.30248126434207734 8757.7214653078081028 1964.7040162035737012
14210 366.93111438824956849 -1003.2100830078125 -994.1510353191026752 -2783.9871285574959074 1964.7040162035737012
14220 383.79167252345962424 -1003.7320556640625 -994.25674292118912945 7096.0084145835235176 1964.7040162035737012
14230 367.66978371254288049 -1003.3277587890625 -994.25047432409530757 -1787.7587379783940378 1964.7040162035737012
14240 409.33474100765704407 -1004.3953857421875 -994.28944815873569496 5518.325276639601725 1964.7040162035737012
14250 408.90877665202538083 -1004.32281494140625 -994.22739385889985897 -4662.6818645158655272 1964.7040162035737012
14260 406.87878866211127615 -1004.55206298828125 -994.50675964528250006 5667.3560277202723228 1964.7040162035737012
14270 390.99464889717825145 -1004.2137451171875 -994.5606003401488806 -4958.0686093362883184 1964.7040162035737012
14280 414.67702780248669114 -1004.6204833984375 -994.38265176473112206 5450.5132432531208906 1964.7040162035737012
14290 391.30995917730058409 -1004.36004638671875 -994.69911701264720705 -6589.3737059802078875 1964.7040162035737012
14300 392.31000703508470906 -1004.212890625 -994.52727138168756937 5952.0477818044792002 1964.7040162035737012
14310 352.63802683092097823 -1003.430908203125 -994.72473808931533767 -5587.3099785495542164 1964.7040162035737012
14320 337.87827912294693533 -1003.7586669921875 -995.41689567999696919 6038.7083980883517143 1964.7040162035737012
14330 341.73982672821506412 -1003.70184326171875 -995.26473540668246187 -5469.0609996671182671 1964.7040162035737012
14340 397.0364686915522725 -1004.46221923828125 -994.65990985922985601 3683.0948810126265016 1964.7040162035737012
14350 371.93128778158012437 -1003.768798828125 -994.58630342008643765 -3132.5805566217222804 1964.7040162035737012
14360 365.64838172751495904 -1003.72198486328125 -994.69460616062849567 3520.0581969170025332 1964.7040162035737012
14370 330.19729924125090292 -1002.94921875 -994.79708075130031375 -867.39637466891190343 1964.7040162035737012
14380 372.70152995904595628 -1003.91949462890625 -994.71798295229871201 1027.6581412040932264 1964.7040162035737012
14390 367.53877140437043636 -1003.5814208984375 -994.5073709554310426 -673.14737610733845941 1964.7040162035737012
14400 377.10949474617126498 -1003.7803955078125 -994.47005696520500351 -374.93511728769334468 1964.7040162035737012
14410 368.98322517461446068 -1003.5740966796875 -994.46438506865763429 -1012.7154909118730757 1964.7040162035737012
14420 415.65452931231493494 -1004.38787841796875 -994.12591355476479293 -2346.6545672494271457 1964.7040162035737012
14430 404.20841054410192328 -1004.0257568359375 -994.0463816243218389 911.89330224005414038 1964.7040162035737012
14440 397.37202610807469227 -1004.06927490234375 -994.25868105103211292 -3276.7992268175598838 1964.7040162035737012
14450 370.61902674822505332 -1003.53021240234375 -994.38011499713195462 1405.8532701712549624 1964.7040162035737012
14460 378.45969001766815154 -1003.78033447265625 -994.43666138066350868 -3337.6795166411347964 1964.7040162035737012
14470 365.57721460359255161 -1003.380126953125 -994.35450527336888626 1381.4874680077939502 1964.7040162035737012
14480 388.51494240257039792 -1003.9681396484375 -994.37621557061947897 -1180.1903250508846668 1964.7040162035737012
14490 387.49931715659170095 -1003.83441162109375 -994.26756199778890277 -821.03967062553363121 1964.7040162035737012
14500 393.94992712097092635 -1003.884765625 -994.15865890684233364 349.22512642133341387 1964.7040162035737012
14510 400.75962592425543107 -1003.55047607421875 -993.65624682900977405 -1159.9419711625191667 1964.7040162035737012
14520 414.39350994169387832 -1003.9588623046875 -993.72803035490210277 1264.6100120366002102 1964.7040162035737012
14530 411.27641322978678318 -1003.84002685546875 -993.68615193291873311 -2409.4306956080172313 1964.7040162035737012
14540 423.06844175258862606 -1004.0709228515625 -993.62591821952253213 1884.0066724097473525 1964.7040162035737012
14550 410.71473177398405596 -1003.7235107421875 -993.58350299768392233 -2765.6866187966884354 1964.7040162035737012
14560 377.39972184261455368 -1003.5791015625 -994.26159769374783082 3884.1153781660573259 1964.7040162035737012
14570 359.30369709882387497 -1003.04730224609375 -994.17656548076206491 -692.61556530423433742 1964.7040162035737012
14580 382.76517300037556879 -1003.5400390625 -994.09006924577113296 4127.1166463439903964 1964.7040162035737012
14590 391.26551435684427815 -1003.8162841796875 -994.15645208990781612 -1801.382675877282054 1964.7040162035737012
14600 389.21797863080070101 -1003.76806640625 -994.15878528655503032 3817.8330523092949988 1964.7040162035737012
14610 375.25851896512421035 -1003.337158203125 -994.07251782350681424 -568.23765647649986477 1964.7040162035737012
14620 389.18624877091156122 -1003.41265869140625 -993.80416094031261309 3226.382555845088973 1964.7040162035737012
14630 367.96333222215446312 -1003.00311279296875 -993.91858100052445479 -1216.7795909521883004 1964.7040162035737012
14640 371.63957020402045828 -1003.559814453125 -994.38452116925395785 4572.8807049951346926 1964.7040162035737012
14650 381.91275844293284081 -1003.75347900390625 -994.32455418397273661 -2185.0523575804650136 1964.7040162035737012
14660 403.52184033046904688 -1004.12628173828125 -994.16385704425067615 3249.0001041748387252 1964.7040162035737012
14670 385.82239659997532044 -1003.74078369140625 -994.21533503601301618 -2979.3371724711751085 1964.7040162035737012
14680 396.1797869378752921 -1003.92803955078125 -994.14688052000042262 3316.7507569156418867 1964.7040162035737012
14690 389.39420314224554431 -1003.732666015625 -994.11903414400273959 -2487.3363092730987773 1964.7040162035737012
14700 371.87056457186236003 -1003.6939697265625 -994.51297349488447708 3198.1401287467961083 1964.7040162035737012
14710 361.5887416181918752 -1003.15618896484375 -994.22903744900418133 -1593.2608986639002069 1964.7040162035737012
14720 363.62661804775115115 -1003.37567138671875 -994.39820737614877544 990.87801037353256106 1964.7040162035737012
14730 363.83615062250402161 -1003.5947265625 -994.6120894676299713 388.55305665512685209 1964.7040162035737012
14740 391.19536162005960023 -1004.02880859375 -994.37070848297980774 -2069.148442733956017 1964.7040162035737012
14750 402.28845346023541651 -1004.4859619140625 -994.55398792327821411 1535.7959083289140381 1964.7040162035737012
14760 386.64146078490284708 -1004.00567626953125 -994.46000599427418365 -4787.3812242006270026 1964.7040162035737012
14770 384.99579889596526527 -1003.75341796875 -994.24837692592052463 5369.170196751376352 1964.7040162035737012
14780 359.0526836704312359 -1003.08953857421875 -994.22499900102786796 -5099.2161043574860742 1964.7040162035737012
14790 353.63337041913047187 -1002.9385986328125 -994.20785479200435475 5566.8058540124693536 1964.7040162035737012
14800 344.03862045940280723 -1002.81951904296875 -994.32565698742791938 -4049.7378989768376414 1964.7040162035737012
14810 368.68022724976935933 -1003.56231689453125 -994.46008590464009558 4783.7941854474665888 1964.7040162035737012
14820 379.52432620162829835 -1003.840576171875 -994.47061860962764968 -6246.3191986670490223 1964.7040162035737012
14830 359.97063539709199631 -1003.65625 -994.76904740331053745 4472.0023094312364265 1964.7040162035737012
14840 343.7535697654606679 -1003.30810546875 -994.82128094076915659 -5568.7708637848108992 1964.7040162035737012
14850 367.08570575006768877 -1003.70782470703125 -994.6449603604692129 5474.076583085463426 1964.7040162035737012
14860 364.50990628869294596 -1003.86016845703125 -994.86089721893597471 -7950.1885868420549741 1964.7040162035737012
14870 392.6863801923151982 -1004.21038818359375 -994.51547678094561888 4798.8874177673478698 1964.7040162035737012
14880 402.35663432726511246 -1004.07745361328125 -994.14379632636405404 -7919.0033594568330955 1964.7040162035737012
14890 394.74810929694433526 -1004.1805419921875 -994.43472920356350642 5952.6547171532674838 1964.7040162035737012
14900 404.98731365311522268 -1003.99371337890625 -993.99510807168746851 -6984.449063683674467 1964.7040162035737012
14910 406.68056247845140661 -1003.72967529296875 -993.68926589431134744 5465.9150034909871465 1964.7040162035737012
14920 420.1733849083387895 -1003.6710205078125 -993.29749103005951838 -4707.8366582994385681 1964.7040162035737012
14930 424.39208534584975041 -1003.8846435546875 -993.40695989935397847 5846.3826103522178528 1964.7040162035737012
14940 409.32943676833423297 -1003.486328125 -993.38052149625639231 -418.06998250925704497 1964.7040162035737012
14950 400.94700826197322385 -1003.2879638671875 -993.38910839796301389 3896.9695433725300973 1964.7040162035737012
14960 398.88925530926456986 -1003.48028564453125 -993.6322333953096404 2842.504148634327521 1964.7040162035737012
14970 406.29228563327967549 -1003.8636474609375 -993.83282410804974916 873.52693980699837084 1964.7040162035737012
14980 399.38318442729462276 -1004.03485107421875 -994.17460436325870887 4477.2848281811247944 1964.7040162035737012
14990 411.50912680554966983 -1003.83544921875 -993.67582890340565882 -1719.4605980730270858 1964.7040162035737012
15000 416.35503603148157481 -1003.91656494140625 -993.63730548658452335 7359.8743243294293279 1964.7040162035737012
15010 421.28066620166458733 -1003.79815673828125 -993.39728993848677874 -4876.4843501517416371 1964.7040162035737012
15020 418.71741122102997679 -1004.15869140625 -993.82110800815507901 8278.3224868516099377 1964.7040162035737012
15030 398.3782567616350434 -1003.61260986328125 -993.77717349761473997 -6084.3713272468385185 1964.7040162035737012
15040 411.42321200378762569 -1003.7935791015625 -993.63607990992716168 8255.4191699120929115 1964.7040162035737012
15050 374.21512651373501512 -1002.9327392578125 -993.69385886857003243 -3046.3883756176633142 1964.7040162035737012
15060 386.76241682826315582 -1003.35821533203125 -993.809558810794897 5736.5541845015077342 1964.7040162035737012
15070 392.62684521895431544 -1002.826904296875 -993.13346273459114855 -3067.3474820006690607 1964.7040162035737012
15080 421.06641095181561241 -1003.62811279296875 -993.23253567412484699 3864.6269323586002429 1964.7040162035737012
15090 397.63547416395022083 -1003.26849365234375 -993.45139561425673946 -1995.4068988481944871 1964.7040162035737012
15100 402.27503787905936861 -1003.574951171875 -993.64330839418460073 874.66854395337725236 1964.7040162035737012
15110 363.86964202246082323 -1002.97674560546875 -993.99328165188478579 1077.1064624709890722 1964.7040162035737012
15120 361.29659163582738302 -1003.238037109375 -994.31809839321010713 -2046.156363733082344 1964.7040162035737012
15130 367.49036831795899616 -1003.272216796875 -994.19936186255233679 2651.3657976399354084 1964.7040162035737012
15140 386.14824413168997808 -1003.44482421875 -993.91133081541011052 -2370.8329075206656853 1964.7040162035737012
15150 360.04598648309291775 -1002.93902587890625 -994.04996296278693535 3219.952591279990429 1964.7040162035737012
15160 367.83388386287282401 -1003.2552490234375 -994.17391314110818712 -2083.7980846828650101 1964.7040162035737012
15170 348.71588863580325324 -1002.98284912109375 -994.37351145228001315 2767.0336591582672554 1964.7040162035737012
15180 390.80302180027433678 -1003.58929443359375 -993.94088067810446319 -875.82480077743434776 1964.7040162035737012
15190 396.20907106352211713 -1003.05682373046875 -993.2749417130553411 1319.9768982442465131 1964.7040162035737012
15200 401.88893404841900292 -1003.06219482421875 -993.14008444342084658 531.5979635275647297 1964.7040162035737012
15210 382.34368531208622244 -1002.3720703125 -992.93250647367449346 2061.1316676882856882 1964.7040162035737012
15220 398.25894745975296019 -1003.34625244140625 -993.51376166583304439 -1323.8998531236900362 1964.7040162035737012
15230 405.78834183478664954 -1003.631591796875 -993.61321015504404386 24.372174224256898611 1964.7040162035737012
15240 406.16710394936080775 -1003.88037109375 -993.85263831236159149 -3503.4039229501872796 1964.7040162035737012
15250 370.5120328393594491 -1003.3570556640625 -994.20959979805195417 -166.6447601647622605 1964.7040162035737012
15260 360.12891160216969411 -1003.31378173828125 -994.42267150979500911 -2188.4275710246342896 1964.7040162035737012
15270 381.8664702645976945 -1003.5836181640625 -994.1558361385078797 -1112.6683646994849823 1964.7040162035737012
15280 417.59174590263222626 -1004.285400390625 -993.97560819202510629 -2245.3468849411365227 1964.7040162035737012
15290 418.7827370129590463 -1004.095703125 -993.75650691882970023 -3165.1047374346644574 1964.7040162035737012
15300 413.45787168996963601 -1004.07025146484375 -993.86251919565074786 66.234079591783341812 1964.7040162035737012
15310 398.27424835796762181 -1003.39990234375 -993.56703380907924839 -2745.989654343350594 1964.7040162035737012
15320 397.52735458875838503 -1003.3411865234375 -993.52675781577613634 1188.008190840598445 1964.7040162035737012
15330 358.79000166228973967 -1002.72222900390625 -993.86417470477749703 749.08850912810748923 1964.7040162035737012
15340 376.98975606928183879 -1002.88006591796875 -993.57268356615998073 307.01750769143205844 1964.7040162035737012
15350 386.78912156778062581 -1002.652099609375 -993.10278378316468206 3029.2929963960423265 1964.7040162035737012
15360 417.40013943001616781 -1002.99493408203125 -992.68987239579416837 -2805.3029737243068666 1964.7040162035737012
15370 417.63760825152127154 -1002.63720703125 -992.32628255144140894 6940.128856996563627 1964.7040162035737012
15380 421.26549791247896337 -1002.697021484375 -992.29652916973509491 -4080.7854647333347202 1964.7040162035737012
15390 420.20239033985336619 -1002.7275390625 -992.35329347870685979 9304.9376154958517873 1964.7040162035737012
15400 413.6525740085093048 -1002.7010498046875 -992.48851059075855119 -5823.4691011139566399 1964.7040162035737012
15410 390.16659908880757257 -1002.65447998046875 -993.02177866654494665 10030.505730972547099 1964.7040162035737012
15420 399.15775507704040592 -1002.815673828125 -992.96099267199065252 -5710.795284392144822 1964.7040162035737012
15430 436.58656553206071749 -1003.33392333984375 -992.55517397159007942 8949.2848005385403667 1964.7040162035737012
15440 428.43261255905434837 -1003.2777099609375 -992.70027099111405278 -4702.4245772755211874 1964.7040162035737012
15450 421.28252014536752768 -1003.43035888671875 -993.02944631548723464 8287.5626001985128823 1964.7040162035737012
15460 407.51961704472989823 -1002.95367431640625 -992.89254976160293609 -2184.2272315508093925 1964.7040162035737012
15470 397.13661191387495819 -1002.8292236328125 -993.02444184902037705 7622.1611742083969148 1964.7040162035737012
15480 406.47949485456854291 -1002.41522216796875 -992.37977686508293118 986.59483722122195104 1964.7040162035737012
15490 408.43890737380331757 -1002.44964599609375 -992.36582536945491029 7051.7772583025489439 1964.7040162035737012
15500 394.25934192702027303 -1002.878173828125 -993.14442806445254064 2002.2690007563662675 1964.7040162035737012
15510 405.28441749048494103 -1003.4031982421875 -993.3972578311148709 5396.0880532982355362 1964.7040162035737012
15520 405.28517250563510288 -1003.4119873046875 -993.40602825328164727 2506.1499211278141956 1964.7040162035737012
15530 379.4792008924126776 -1002.9427490234375 -993.57390554585651898 6140.8029215304250101 1964.7040162035737012
15540 395.32530583679346137 -1003.09161376953125 -993.33155075579634286 2316.1494733967883803 1964.7040162035737012
15550 402.03902867699758872 -1003.48785400390625 -993.56203798369870128 6214.3533478157332866 1964.7040162035737012
15560 428.13356758429983984 -1003.65350341796875 -993.08344747613375603 2788.4169037917768037 1964.7040162035737012
15570 417.41422684585455727 -1003.6400146484375 -993.33460516239028948 6396.8290290241866387 1964.7040162035737012
15580 380.2292138742253087 -1003.12506103515625 -993.73770072130014341 1311.6500463745999241 1964.7040162035737012
15590 390.42994279135120905 -1003.54547119140625 -993.90626826705386065 8124.0088111710019803 1964.7040162035737012
15600 371.77394256151131913 -1003.3848876953125 -994.20627693427252325 225.93179094303337706 1964.7040162035737012
15610 421.21202815194703817 -1004.42291259765625 -994.02374038123525679 7647.7481160191919116 1964.7040162035737012
15620 402.7305211227669588 -1004.2064208984375 -994.26353283719288356 605.29067622920968006 1964.7040162035737012
15630 426.68369620270050291 -1004.5089111328125 -993.97465061271577724 4742.3999746641193269 1964.7040162035737012
15640 385.92622670801006279 -1003.82904052734375 -994.30102844283987906 4940.6762658027182624 1964.7040162035737012
15650 395.90206306356583354 -1003.92108154296875 -994.1467791501861484 332.33269786218386344 1964.7040162035737012
15660 405.62010305535966381 -1003.826904296875 -993.81267624972747399 9102.1516456149747683 1964.7040162035737012
15670 397.18141230248784268 -1003.45562744140625 -993.64973959481108068 -2666.468727008611495 1964.7040162035737012
15680 370.2648046366709309 -1003.250244140625 -994.10889201450004293 11482.170842279143471 1964.7040162035737012
15690 367.81953116076908827 -1003.4052734375 -994.32429190455047774 -2674.471794456511816 1964.7040162035737012
15700 387.91739351198123131 -1004.086181640625 -994.50901026074927813 9686.1919088465492678 1964.7040162035737012
15710 407.15526021468997442 -1003.91461181640625 -993.86248275358934734 -1757.3449322976641724 1964.7040162035737012
15720 386.01226880434018085 -1003.54901123046875 -994.01887487952001266 6464.13938371018412 1964.7040162035737012
15730 383.77933540394110423 -1003.3857421875 -993.91073403191739999 1970.813516365346004 1964.7040162035737012
15740 418.20498618682591996 -1004.0235595703125 -993.69862727385418566 4595.8110602490396559 1964.7040162035737012
15750 413.19039781992449889 -1004.22113037109375 -994.02000168074482644 1658.7763677534653652 1964.7040162035737012
15760 411.64027639185309226 -1004.0738525390625 -993.91099431254053798 2640.4068293384757453 1964.7040162035737012
15770 386.96919062475842566 -1003.891357421875 -994.33759592695344054 3333.4710432531696824 1964.7040162035737012
15780 409.96320172067424892 -1004.1053466796875 -993.98389322596347029 3274.1262307172119108 1964.7040162035737012
15790 387.70382771978933079 -1003.86688232421875 -994.29498360348873121 2081.1907744549585004 1964.7040162035737012
15800 404.3661224909038765 -1003.9154052734375 -993.93213636082145968 5071.0942024495880105 1964.7040162035737012
15810 383.32363838318349281 -1003.12896728515625 -993.66520969100270122 141.45369856526156127 1964.7040162035737012
15820 401.29551894384201205 -1003.3035888671875 -993.39612912658003552 6527.5131025767977917 1964.7040162035737012
15830 384.15959641755790699 -1002.8048095703125 -993.32041326932221637 778.69884057785930054 1964.7040162035737012
15840 423.44495396399315723 -1003.58612060546875 -993.13182038102809202 5799.2137789181924745 1964.7040162035737012
15850 413.78057101536393247 -1003.721435546875 -993.50573625481786166 -640.92634156207623164 1964.7040162035737012
15860 414.30305936960729696 -1003.94537353515625 -993.71677469129701876 3087.5547461036021559 1964.7040162035737012
15870 386.91267737449510378 -1003.2298583984375 -993.67749214150228454 1857.2995104896367593 1964.7040162035737012
15880 397.56633928439396186 -1003.05718994140625 -993.24179875276945495 2850.6141024311500587 1964.7040162035737012
15890 405.26527420906205634 -1002.84112548828125 -992.83565769970516612 3191.9190750826555814 1964.7040162035737012
15900 426.09800932911514337 -1003.48858642578125 -992.96878574599350031 463.26967449331817761 1964.7040162035737012
15910 431.61426955019084062 -1003.5186767578125 -992.86268685218226437 3595.4142298427977948 1964.7040162035737012
15920 433.09806714917107229 -1003.602294921875 -992.90967200072100241 -958.80384919203095251 1964.7040162035737012
15930 411.14477781947181256 -1002.94476318359375 -992.79413816657859115 5338.6103180459931536 1964.7040162035737012
15940 427.49859418809222689 -1002.82147216796875 -992.26709288600739001 276.46265383180764275 1964.7040162035737012
15950 419.77092855102210933 -1002.69793701171875 -992.33434365328241711 4569.1414165162486825 1964.7040162035737012
15960 420.98799037767378195 -1003.08935546875 -992.69571445096994466 595.33115374221210914 1964.7040162035737012
15970 433.23646493401543012 -1003.02313232421875 -992.32709254337703442 4095.3052879438027958 1964.7040162035737012
15980 433.68796500277500172 -1002.8726806640625 -992.16549393902892007 1492.3591516403907917 1964.7040162035737012
15990 419.76302711249712729 -1002.61383056640625 -992.25043228411800555 1424.8754403749646826 1964.7040162035737012
16000 417.50383792840375463 -1002.39227294921875 -992.08465108314044301 3687.9914475522778048 1964.7040162035737012
16010 419.8066840901489627 -1002.34552001953125 -991.98104390375601724 -154.24405256251756668 1964.7040162035737012
16020 412.33718632360847778 -1002.2757568359375 -992.09569281775895888 4914.1148246441325682 1964.7040162035737012
16030 419.83258807021900338 -1002.515625 -992.15050934895077717 -1898.02958307106951 1964.7040162035737012
16040 409.48534862327278461 -1002.17596435546875 -992.06630846763061982 3484.5529206931892077 1964.7040162035737012
16050 428.90093200048573863 -1002.2794189453125 -991.69041778305802382 508.14903403935710458 1964.7040162035737012
16060 406.20053448799313855 -1002.0814208984375 -992.05286276092135722 316.69866611331161721 1964.7040162035737012
16070 422.95883305380448292 -1002.480712890625 -992.03841435351796463 4438.0246471843829568 1964.7040162035737012
16080 390.90876264186107392 -1001.8062744140625 -992.15525005595873154 -4300.5097171168235946 1964.7040162035737012
16090 408.30772224410173976 -1002.263427734375 -992.18284589643360505 9738.4126002811553917 1964.7040162035737012
16100 386.15317494263740628 -1002.10009765625 -992.5664825176585282 -5370.9042423459350175 1964.7040162035737012
16110 422.36957868990964471 -1002.7091064453125 -992.28135582516858904 9645.2003822815840977 1964.7040162035737012
16120 397.02259467286853578 -1002.0513916015625 -992.24942475382545126 -2553.0994343013776415 1964.7040162035737012
16130 399.30308129348446755 -1002.7501220703125 -992.89185300060648842 6613.2104213295287991 1964.7040162035737012
16140 399.62509616273820257 -1002.79339599609375 -992.92717680184750861 1659.887154690602074 1964.7040162035737012
16150 412.50438815238851475 -1003.05084228515625 -992.86665027324488619 1417.7429294036010106 1964.7040162035737012
16160 424.73841424405941325 -1003.2257080078125 -992.73947394647132114 5097.3899635380203108 1964.7040162035737012
16170 427.13815536898334813 -1003.39495849609375 -992.84947797557049398 -1761.6277391292001084 1964.7040162035737012
16180 428.79242789739049613 -1003.4034423828125 -992.81712004447297204 8237.541176067370543 1964.7040162035737012
16190 407.79222093646933445 -1002.435791015625 -992.3679362284740364 -2882.1541860689485475 1964.7040162035737012
16200 425.1047699069488317 -1002.38958740234375 -991.8943085004563045 11230.587364510234693 1964.7040162035737012
16210 404.34682141402265643 -1001.87945556640625 -991.89666317204955703 -2556.7816838295830166 1964.7040162035737012
16220 438.88198103829790853 -1002.92718505859375 -992.09176489377625785 9782.946602170864935 1964.7040162035737012
16230 447.44406202183813548 -1003.06982421875 -992.02301751051061274 -2047.7437929907393936 1964.7040162035737012
16240 448.91181509286417395 -1003.415771484375 -992.33272787895168676 5898.9643062343147903 1964.7040162035737012
16250 403.43221066869995184 -1002.1710205078125 -992.21080865250951319 1187.2792686497041359 1964.7040162035737012
16260 425.82395886058441192 -1002.8944091796875 -992.38137444633002815 4646.9578494038196368 1964.7040162035737012
16270 421.20141182258566914 -1002.8740234375 -992.47511332431906794 952.89621249162757977 1964.7040162035737012
16280 423.33575957297057357 -1003.18243408203125 -992.73082972380859701 4583.93083462244158 1964.7040162035737012
16290 373.86416893706314113 -1002.2174072265625 -992.98719151932459681 -398.00248031116205993 1964.7040162035737012
16300 413.37293455573109213 -1002.920654296875 -992.715019014062932 7375.9430077298811739 1964.7040162035737012
16310 438.23279170778613434 -1002.771240234375 -991.95184770219350412 -3253.6555435398163354 1964.7040162035737012
16320 459.83720743390011876 -1003.6107177734375 -992.25794056856102543 7454.3887015675381917 1964.7040162035737012
16330 428.13991270729820826 -1002.3880615234375 -991.8178489288424089 -3358.3869332497497453 1964.7040162035737012
16340 449.79722620877612371 -1002.790771484375 -991.68586824042927219 6055.6633830335667881 1964.7040162035737012
16350 392.77300596382264075 -1001.466552734375 -991.76950265510777172 1693.6243031625670028 1964.7040162035737012
16360 419.79927662085589191 -1001.98968505859375 -991.62539182351451927 2961.7584423961184257 1964.7040162035737012
16370 402.40226708935318811 -1001.5115966796875 -991.57681277975848388 5179.0175033073028317 1964.7040162035737012
16380 453.00503171021210846 -1002.804931640625 -991.6208318884680466 -1701.0099770318272476 1964.7040162035737012
16390 430.93328216326375468 -1002.27716064453125 -991.63798342382108331 6652.7588037157920553 1964.7040162035737012
16400 449.26998397227379201 -1002.71502685546875 -991.62314053043962758 -1716.1995563212526577 1964.7040162035737012
16410 410.50463593500620618 -1002 -991.86517924605095686 5038.2018716743559708 1964.7040162035737012
16420 428.08442642735758454 -1002.5211181640625 -991.95227545290424587 -1004.8970682555972189 1964.7040162035737012
16430 403.88313430058286713 -1001.975341796875 -992.00399722885015308 4248.2409344262187005 1964.7040162035737012
16440 420.17923049561460402 -1002.70208740234375 -992.32841360471206826 1254.6092979294485303 1964.7040162035737012
16450 402.50212220821316578 -1002.216796875 -992.27954768322672408 1448.1216277397663816 1964.7040162035737012
16460 428.88735654716435874 -1002.71490478515625 -992.12623878302918001 2166.5413939892123381 1964.7040162035737012
16470 392.1355742764644674 -1001.7410888671875 -992.05977613977643159 3028.2453188951076299 1964.7040162035737012
16480 402.8660776830961936 -1002.13250732421875 -992.1862725493912194 2568.6937961738749436 1964.7040162035737012
16490 373.16908226579892016 -1001.12054443359375 -991.90748950410363705 4952.6900073695769606 1964.7040162035737012
16500 431.83556162593174577 -1001.846435546875 -991.18498223029746441 -216.01399870809493109 1964.7040162035737012
16510 405.39189749275112717 -1001.3468017578125 -991.33820780653047677 6639.0609825245383036 1964.7040162035737012
16520 449.03577057096174485 -1002.33514404296875 -991.24904013945865699 -2643.3609494603765597 1964.7040162035737012
16530 423.2337003247646976 -1001.92822265625 -991.47913800693265785 6930.6096206134243403 1964.7040162035737012
16540 438.11492472242537133 -1002.718505859375 -991.90202330838462785 -2819.1008906270885745 1964.7040162035737012
16550 408.81027732299054378 -1002.2718505859375 -992.17886132260389331 3504.5191420388864572 1964.7040162035737012
16560 435.12911693566059057 -1002.8564453125 -992.1136784374743911 -1475.3020452421717437 1964.7040162035737012
16570 403.52552031601112503 -1002.10205078125 -992.13953523320560635 1286.5629167061451881 1964.7040162035737012
16580 432.51927695575619737 -1002.958984375 -992.28065102417212984 1264.2802554799645804 1964.7040162035737012
16590 421.43214647472314027 -1002.70489501953125 -992.30028837058330282 -2825.0960337903238724 1964.7040162035737012
16600 437.71586126883971701 -1003.26031494140625 -992.45368474339193199 3764.5249422489237077 1964.7040162035737012
16610 385.24569447711076009 -1002.6273193359375 -993.11610869914875366 -3003.6124429993296872 1964.7040162035737012
16620 381.07214260303271658 -1002.68048095703125 -993.2723098390404175 5584.1486044366138231 1964.7040162035737012
16630 386.61480523226396144 -1002.6981201171875 -993.15310793254491273 -2169.7012039388928315 1964.7040162035737012
16640 408.05002602966993663 -1003.173095703125 -993.09887604654181814 5387.3922947588962415 1964.7040162035737012
16650 388.37871487081531541 -1002.81488037109375 -993.22631957226269606 -1714.9067907952667156 1964.7040162035737012
16660 417.94429615237328335 -1003.53411865234375 -993.21562245073118902 5637.0839577151100457 1964.7040162035737012
16670 403.10903136997103502 -1003.26654052734375 -993.31430754481652912 -2950.7038362873481674 1964.7040162035737012
16680 411.81792581478987358 -1003.65521240234375 -993.48796824469968669 8265.5935039160467568 1964.7040162035737012
16690 417.66025895200749574 -1003.446533203125 -993.13504950724609444 -5776.7046723857720281 1964.7040162035737012
16700 421.84330585811750325 -1003.823974609375 -993.40921697481758201 9729.4154779883301671 1964.7040162035737012
16710 390.95510686003234468 -1002.9122314453125 -993.26006290927978171 -4501.9798118026265001 1964.7040162035737012
16720 409.75994178824157643 -1003.68939208984375 -993.5729568571124446 12534.328383207337538 1964.7040162035737012
16730 386.01509698390651693 -1003.339599609375 -993.80939343438421929 -6309.0707687634285321 1964.7040162035737012
16740 401.93940997012589378 -1003.59124755859375 -993.66789099352877201 12648.932826790936815 1964.7040162035737012
16750 384.93432399130853128 -1003.20562744140625 -993.70210413329891708 -3837.3792920689347739 1964.7040162035737012
16760 404.6418647905236412 -1003.4046630859375 -993.41458645780187453 12562.81815412843207 1964.7040162035737012
16770 400.07056195622215 -1003.44537353515625 -993.56815637505587802 -2240.715825905186648 1964.7040162035737012
16780 419.42704667763007365 -1003.58575439453125 -993.23065102827104056 8605.1953848603061488 1964.7040162035737012
16790 392.82448181989587965 -1003.134521484375 -993.43620053377333079 -33.799538234030357842 1964.7040162035737012
16800 382.73729871929822366 -1003.0509033203125 -993.60162168300382746 7186.8237598941132092 1964.7040162035737012
16810 399.38338908567470753 -1003.15087890625 -993.29062714254314415 -332.91182197801356324 1964.7040162035737012
16820 400.81028191495784085 -1003.51519775390625 -993.61971787876291273 4636.987602321484701 1964.7040162035737012
16830 397.7641391665545143 -1003.76409912109375 -993.9438245129401821 -566.17170786213705469 1964.7040162035737012
16840 401.01347849425826553 -1004.1064453125 -994.20594878046961185 3203.4820337556930099 1964.7040162035737012
16850 391.04399202232548305 -1003.73162841796875 -994.07726542392344982 -495.83343912763251637 1964.7040162035737012
16860 378.63595531424448382 -1003.191162109375 -993.84313725852359767 4190.6048584335530904 1964.7040162035737012
16870 352.42990640076533282 -1002.80322265625 -994.10219076274347572 -419.49502985224881968 1964.7040162035737012
16880 354.9016494189680202 -1002.623779296875 -993.86172331192972251 5978.1855003341343036 1964.7040162035737012
16890 409.83266310358612827 -1003.7802734375 -993.66204281092541351 -1405.7460332034054318 1964.7040162035737012
16900 405.86853935915871716 -1003.821044921875 -993.80068330841095303 3331.4198205442803555 1964.7040162035737012
16910 400.32908716452107001 -1003.75927734375 -993.87567753552070826 -993.41909784942845363 1964.7040162035737012
16920 376.11698171634787968 -1003.288818359375 -994.00298366099400482 3958.4270074899741303 1964.7040162035737012
16930 373.48128015468165586 -1003.45111083984375 -994.2303481541759993 921.16668098886668758 1964.7040162035737012
16940 358.20262600140404174 -1003.5350341796875 -994.69148141480991399 2017.5015867330025685 1964.7040162035737012
16950 369.07209700291429044 -1003.38897705078125 -994.27707131093757198 385.75916091794641716 1964.7040162035737012
16960 363.38023922666496901 -1003.25 -994.27861875919847989 3821.5714648760713317 1964.7040162035737012
16970 360.96078301801065891 -1003.1810302734375 -994.26938223136312445 -98.522806838813195895 1964.7040162035737012
16980 365.86794071226188407 -1003.41485595703125 -994.38205663117344102 5766.2232763040947248 1964.7040162035737012
16990 385.91669550730892979 -1003.2808837890625 -993.75310701739613251 -3473.880727218834636 1964.7040162035737012
17000 398.25571079515566453 -1003.16009521484375 -993.3276843482718732 8663.3134255410732294 1964.7040162035737012
17010 390.17635361815905526 -1002.8414306640625 -993.20848852360984438 -3170.9429804053493172 1964.7040162035737012
17020 398.99953185273909639 -1002.80828857421875 -992.95751374185522309 7020.9163631832707324 1964.7040162035737012
17030 414.35931733791142051 -1003.0875244140625 -992.85753663479340503 -1571.1643902340510977 1964.7040162035737012
17040 417.07686101555833602 -1003.48773193359375 -993.19065156716965248 2807.0840179872488989 1964.7040162035737012
17050 419.11016797749550733 -1003.82196044921875 -993.47468040222338459 1234.5183456383792873 1964.7040162035737012
17060 414.0068183948082492 -1003.74432373046875 -993.52303868751869231 -1990.3147420715388307 1964.7040162035737012
17070 411.12841819333641524 -1003.4412841796875 -993.29106306037283503 4307.0588910911064886 1964.7040162035737012
17080 392.02259103809007001 -1003.032958984375 -993.35443566485093925 -5686.0251486364577431 1964.7040162035737012
17090 385.37622964463014341 -1003.001953125 -993.48751974622712169 8190.1855751876091745 1964.7040162035737012
17100 378.60586568720952982 -1002.9561767578125 -993.60889478036585842 -7258.224083480077752 1964.7040162035737012
17110 405.51816039951421544 -1002.95599365234375 -992.94428243558922986 7861.3893545796772742 1964.7040162035737012
17120 374.90219984105260664 -1002.50213623046875 -993.24629290242455681 -6630.6808413213275344 1964.7040162035737012
17130 369.72488226769047515 -1002.4622802734375 -993.33425812205985039 7720.8798837302201719 1964.7040162035737012
17140 360.09736475151134982 -1002.27801513671875 -993.38768375857614501 -2716.293014744591801 1964.7040162035737012
17150 409.15860658004555717 -1002.96307373046875 -992.86148467489260838 3746.7663874619679518 1964.7040162035737012
17160 408.06933938319144772 -1002.97052001953125 -992.89582354159472288 -1058.0498389408280673 1964.7040162035737012
17170 410.25010325178311632 -1003.03741455078125 -992.90887787475651294 -491.91426464077039782 1964.7040162035737012
17180 399.92677641824320744 -1002.881103515625 -993.00743623176686015 2077.5377895889700994 1964.7040162035737012
17190 415.14368801571663425 -1003.056396484375 -992.80704362240442151 -786.21169640433220138 1964.7040162035737012
17200 387.03620812136654195 -1002.9656982421875 -993.41028217322207183 1093.542296410358631 1964.7040162035737012
17210 389.33948029788609801 -1003.035888671875 -993.42360783546689618 1001.8131188197053234 1964.7040162035737012
17220 391.65421011496204073 -1002.933837890625 -993.26440941266480422 632.82539993870932449 1964.7040162035737012
17230 426.30071009990450648 -1003.75177001953125 -993.22696492371801469 3489.0738309042912988 1964.7040162035737012
17240 436.27498607043946777 -1003.87139892578125 -993.10034204554767712 -4253.7400840992677331 1964.7040162035737012
17250 432.74757531594866578 -1003.8636474609375 -993.17967772319354935 5496.2962893392805199 1964.7040162035737012
17260 415.1747683470223933 -1003.04339599609375 -992.79327580153017152 -3742.0982930850796038 1964.7040162035737012
17270 402.5461785663242722 -1003.03521728515625 -993.09688039971661055 7617.018838571919332 1964.7040162035737012
17280 401.76438760839675979 -1002.68389892578125 -992.76486343314456917 -2541.460410291019798 1964.7040162035737012
17290 415.20526527415717055 -1002.858642578125 -992.60776945445172714 5874.645043440255904 1964.7040162035737012
17300 394.81188561491353539 -1002.8089599609375 -993.0615726187168093 972.12923249713423957 1964.7040162035737012
17310 384.29581853278415338 -1002.970458984375 -993.48269953812473432 2654.4983371359921875 1964.7040162035737012
17320 389.0097158151329495 -1003.054931640625 -993.45079225654444599 3708.7315475806744871 1964.7040162035737012
17330 401.15349673279814624 -1003.13385009765625 -993.22989669906303334 1320.1267980523098231 1964.7040162035737012
17340 413.69673785152019718 -1003.3323974609375 -993.1187678996810746 2570.753802497504239 1964.7040162035737012
17350 392.46284970500056488 -1002.78936767578125 -993.09997494752474267 3069.8246443795833329 1964.7040162035737012
17360 365.20021612575635572 -1002.486328125 -993.47001404292473126 2563.2631885908472213 1964.7040162035737012
17370 391.36949783671940395 -1002.74371337890625 -993.08131407346650121 3141.2541751316493901 1964.7040162035737012
17380 386.92890971727399574 -1002.802001953125 -993.24923494094832677 -2030.6761691943395363 1964.7040162035737012
17390 383.40204857665412419 -1002.6402587890625 -993.17456535013025132 7426.3806667818153073 1964.7040162035737012
17400 383.25003884556156208 -1002.4058837890625 -992.94394327090776642 -3744.0294791598043957 1964.7040162035737012
17410 413.44786466843623884 -1003.16290283203125 -992.95541762306754663 7720.7207425719680032 1964.7040162035737012
17420 401.98463451496212429 -1003.34661865234375 -993.42214555261512032 -6416.6306938758070828 1964.7040162035737012
17430 436.83405882705363865 -1003.356201171875 -992.57134151895456853 6983.2439125724868063 1964.7040162035737012
17440 432.14456987012954414 -1003.0404052734375 -992.37132294882371752 -5071.2163789787309724 1964.7040162035737012
17450 412.52936538682297396 -1002.3553466796875 -992.17053801263568857 5527.3475682104026419 1964.7040162035737012
17460 400.53035436990307971 -1001.939208984375 -992.05064015296875368 -2014.7199353374726343 1964.7040162035737012
17470 409.18822675957738966 -1002.1248779296875 -992.02255759074944308 2712.2879869386310929 1964.7040162035737012
17480 395.68617981329947497 -1002.07177734375 -992.30280482511182072 -469.60540912191351026 1964.7040162035737012
17490 394.66071614101048226 -1002.22650146484375 -992.4828462985533406 1735.4618157945321855 1964.7040162035737012
17500 363.64012958595515101 -1001.6090087890625 -992.6312111963454754 1365.2279502701858291 1964.7040162035737012
17510 409.55221995761041853 -1002.5511474609375 -992.43984060761010824 -38.159411295876424219 1964.7040162035737012
17520 406.46877778375767321 -1002.45989990234375 -992.42471918987223489 -280.47613586544315467 1964.7040162035737012
17530 417.95958337145566475 -1002.6427001953125 -992.32382657232233214 911.11605953850494188 1964.7040162035737012
17540 393.34546882209252772 -1002.04571533203125 -992.33453189603926603 161.01254499059868408 1964.7040162035737012
17550 407.90709999223082605 -1002.40496826171875 -992.33427726143747805 822.40650651595717591 1964.7040162035737012
17560 390.78445746154818607 -1001.71270751953125 -992.06475209320308295 6.4225284877313804088 1964.7040162035737012
17570 388.09846678074427473 -1001.91534423828125 -992.333702397023103 275.88552902342564721 1964.7040162035737012
17580 380.07300478173920055 -1001.60308837890625 -992.21958466254966424 449.29554614050215378 1964.7040162035737012
17590 411.02858805221825378 -1002.45660400390625 -992.30884755976819633 473.33837377228940113 1964.7040162035737012
17600 389.62314347166676498 -1002.12481689453125 -992.50553278661504919 -2699.5118415150086548 1964.7040162035737012
17610 415.00725777270656636 -1002.59552001953125 -992.34953544122254243 1902.5207011698273618 1964.7040162035737012
17620 391.90892346677742353 -1002.3004150390625 -992.62469802270754826 -3923.724354869925719 1964.7040162035737012
17630 390.15121739474454898 -1002.363037109375 -992.7307155492920856 3666.398187139478523 1964.7040162035737012
17640 375.66608713050965207 -1002.235107421875 -992.96040471910714587 -4461.2352762601594804 1964.7040162035737012
17650 394.76549485883697344 -1002.38995361328125 -992.64371159794927735 2488.7675383689511364 1964.7040162035737012
17660 380.7849976381576198 -1002.18731689453125 -992.78623500890148534 -4092.4739602532563367 1964.7040162035737012
17670 374.32337941076553989 -1002.22845458984375 -992.98690157863438799 2380.6125481874855723 1964.7040162035737012
17680 392.77036686336185767 -1002.42236328125 -992.72537835790990357 -3735.659111026125629 1964.7040162035737012
17690 398.32715432435855973 -1002.8626708984375 -993.02849618488539818 -1518.3195698257061395 1964.7040162035737012
17700 416.24378574867938596 -1003.21588134765625 -992.93936851632258822 -2264.6203905107604442 1964.7040162035737012
17710 416.77990522651504079 -1003.380615234375 -993.09086631668583323 -2693.5228564503522648 1964.7040162035737012
17720 399.6021002473805197 -1003.19683837890625 -993.33118692363257196 -1697.2806314054121231 1964.7040162035737012
17730 380.08164367291601593 -1003.077880859375 -993.6941638601321074 -2307.1250713853296475 1964.7040162035737012
17740 365.93111198820383834 -1002.63720703125 -993.60284808948915725 -2059.0607486469739342 1964.7040162035737012
17750 362.14276456761598411 -1002.53253173828125 -993.59170212286744572 777.83067562645351245 1964.7040162035737012
17760 371.23883160723613628 -1002.72210693359375 -993.55670735978594621 -4255.0843893487326568 1964.7040162035737012
17770 389.96195551606462004 -1003.2237548828125 -993.59610595014487444 2320.9466761103722092 1964.7040162035737012
17780 386.81607269813565608 -1002.83197021484375 -993.28198900059305743 -6001.9307083598978352 1964.7040162035737012
17790 384.38781186483709007 -1003.0673828125 -993.57735217160461616 4291.6039315463858657 1964.7040162035737012
17800 360.98963767340512732 -1002.51739501953125 -993.60503459388132796 -5234.2600432067047223 1964.7040162035737012
17810 381.42533154683752628 -1002.97955322265625 -993.56266233313453995 3265.4173168471529607 1964.7040162035737012
17820 357.96953456011152639 -1002.45050048828125 -993.61270244520210326 -4215.2355018236312389 1964.7040162035737012
17830 365.41666014070585788 -1002.81463623046875 -993.79297842970493093 2073.0189792549467711 1964.7040162035737012
17840 356.4000364086641639 -1002.65777587890625 -993.85872668552610776 -2124.4123088297201321 1964.7040162035737012
17850 387.80684953385815561 -1003.60302734375 -994.02858514962667869 -2556.6571060830569877 1964.7040162035737012
17860 394.29150021079880162 -1003.64453125 -993.90999154050257403 -392.42782301467951811 1964.7040162035737012
17870 387.26697380180121399 -1003.92449951171875 -994.36338614093835986 -5831.2207204277274286 1964.7040162035737012
17880 391.56697478483391706 -1003.9464111328125 -994.27913638067377633 2887.3336523466000472 1964.7040162035737012
17890 386.30193436343876101 -1003.89959716796875 -994.36230935449543722 -9529.5693471557951852 1964.7040162035737012
17900 347.42395371953591621 -1003.429931640625 -994.85249014948124113 5669.1181923909753095 1964.7040162035737012
17910 344.36799514506407149 -1003.19696044921875 -994.6949665649290182 -9069.7500181792038347 1964.7040162035737012
17920 353.65012300086993946 -1003.35589599609375 -994.62473855602695494 6836.1628811256459812 1964.7040162035737012
17930 396.11302015500916696 -1004.04730224609375 -994.26779159956345211 -9263.3131324750029307 1964.7040162035737012
17940 380.94480405932057465 -1003.84149169921875 -994.43646440276518206 4272.473253007184212 1964.7040162035737012
17950 382.01122230033854521 -1003.4940185546875 -994.06266279132921682 -4052.6457781160661398 1964.7040162035737012
17960 345.1390793390150975 -1002.842041015625 -994.3210100744842066 3071.1189329948647355 1964.7040162035737012
17970 369.93191133670120507 -1003.56817626953125 -994.43504284212497168 -1099.7939970038887623 1964.7040162035737012
17980 370.2523505401279067 -1003.51593017578125 -994.37488552495631211 -1653.6159232390318721 1964.7040162035737012
17990 391.13537090528183171 -1003.655517578125 -993.99889855937647098 2297.5361846430860169 1964.7040162035737012
18000 361.11806220447607529 -1002.73016357421875 -993.81463251542891157 -2449.4142593586179828 1964.7040162035737012
18010 378.32080387176353042 -1003.28692626953125 -993.94668209421990923 3833.6057943929399698 1964.7040162035737012
18020 369.21099055467072958 -1002.8123779296875 -993.69704309032158562 -3910.4203602134543871 1964.7040162035737012
18030 380.48519370509222881 -1003.1611328125 -993.76745269254342929 5311.9961819747113623 1964.7040162035737012
18040 374.68249915441793974 -1002.7926025390625 -993.54218333265691854 -3815.2486810400951072 1964.7040162035737012
18050 380.51290432516083229 -1003.39056396484375 -993.9961997060424892 2711.4526027608917502 1964.7040162035737012
18060 372.17681104427083483 -1002.968994140625 -993.78043708543191315 -1795.0714623817198117 1964.7040162035737012
18070 384.6924356686555484 -1003.6402587890625 -994.14270738621019063 2211.380807043614368 1964.7040162035737012
18080 393.97208790151393032 -1003.5673828125 -993.84072897375244793 -748.23048567911894224 1964.7040162035737012
18090 399.06468670954444633 -1003.7813720703125 -993.92898865003758146 612.65733332373497433 1964.7040162035737012
18100 374.48448196299835899 -1003.2891845703125 -994.04365414850417437 -558.85195426124880669 1964.7040162035737012
18110 394.08768562257051826 -1003.81488037109375 -994.08537257631280681 1950.1144357862945071 1964.7040162035737012
18120 397.57579535517061231 -1003.66448974609375 -993.84886509947875766 -3421.314218150857414 1964.7040162035737012
18130 407.08042526037701236 -1003.97967529296875 -993.92939380696748231 2156.1316781039008674 1964.7040162035737012
18140 391.93475828220937274 -1003.46978759765625 -993.79343275361145515 -3509.2537841764215045 1964.7040162035737012
18150 397.85104856956945696 -1003.5634765625 -993.74105627523761086 2181.3779466424457496 1964.7040162035737012
18160 386.8318647593259243 -1002.9034423828125 -993.35307128329498028 -2446.6132195363097708 1964.7040162035737012
18170 399.67047086297992564 -1003.13690185546875 -993.26956241941900316 2591.5205169015462161 1964.7040162035737012
18180 417.14395685628488764 -1003.221435546875 -992.92269867219363277 -2109.1193088681270638 1964.7040162035737012
18190 439.67526149247231615 -1004.15740966796875 -993.30240444976368508 1503.4175187909768283 1964.7040162035737012
18200 413.14118675959059601 -1003.62579345703125 -993.42587972318199263 -3094.9356557445835278 1964.7040162035737012
18210 410.05830034618816171 -1003.47503662109375 -993.35123530710416162 3796.0645994013020754 1964.7040162035737012
18220 399.2310717526032704 -1003.28582763671875 -993.42933638807858188 -2899.8475501187749614 1964.7040162035737012
18230 414.63038313463414397 -1003.85546875 -993.61878871193084706 3158.7748943495216736 1964.7040162035737012
18240 399.40282363320875447 -1003.1612548828125 -993.30052330563103169 -2438.8615777616396372 1964.7040162035737012
18250 386.17082729556869936 -1002.98712158203125 -993.45307063001121151 3822.3552357735529768 1964.7040162035737012
18260 393.95334068801196281 -1003.13818359375 -993.41199259910172259 -1320.1136873999910222 1964.7040162035737012
18270 394.65245090897229829 -1003.03045654296875 -993.28700543441084392 2158.7301263012768686 1964.7040162035737012
18280 382.77095621194604291 -1002.95611572265625 -993.50600312602296071 -430.24699704218392071 1964.7040162035737012
18290 404.99881989785080805 -1003.53973388671875 -993.54084450541711249 1090.4016612707514469 1964.7040162035737012
18300 414.81692263994523273 -1003.819580078125 -993.57829462446636626 -1915.0291793909486842 1964.7040162035737012
18310 399.89154735525755768 -1003.4189453125 -993.54614778797576946 -678.68238924194452011 1964.7040162035737012
18320 358.29862423807975347 -1002.41790771484375 -993.57198487948164711 1989.2389560994449766 1964.7040162035737012
18330 381.73354688455623318 -1002.3594970703125 -992.93499674857503123 -483.29764823320476808 1964.7040162035737012
18340 405.56243894348199319 -1002.83184814453125 -992.81904374863313478 2051.1601210033281859 1964.7040162035737012
18350 395.08309068504041761 -1002.85546875 -993.10138571050163137 -2571.2781251278825039 1964.7040162035737012
18360 396.35989107292789413 -1002.83984375 -993.05423818447627582 5451.385616835302244 1964.7040162035737012
18370 381.83027429922987039 -1002.63238525390625 -993.20549685923640482 -5268.2037982487045156 1964.7040162035737012
18380 391.62071530247834517 -1002.55718994140625 -992.88858840641080405 8895.0323622190135211 1964.7040162035737012
18390 367.09621412382477956 -1002.037841796875 -992.97471801235508337 -3281.5417442237153409 1964.7040162035737012
18400 379.03980920595341786 -1002.0103759765625 -992.65238050310438211 8227.8849300405126996 1964.7040162035737012
18410 401.42046038151511311 -1002.39208984375 -992.48154546300770562 -1759.824402146610737 1964.7040162035737012
18420 399.57891412618567983 -1002.5340576171875 -992.66897859681887439 4716.2527668902039295 1964.7040162035737012
18430 409.38562774330307548 -1002.77349853515625 -992.66630462498028464 2750.8411772913964342 1964.7040162035737012
18440 419.29728990520919751 -1002.90625 -992.55435015817045041 982.28954780369576838 1964.7040162035737012
18450 417.83215244050677484 -1002.78875732421875 -992.47302980368544922 2634.0986655607775901 1964.7040162035737012
18460 407.3119810623303465 -1002.514404296875 -992.45840600199539949 1638.1365412195930276 1964.7040162035737012
18470 410.03733835397321172 -1002.1893310546875 -992.06604726477723943 3415.9481912471560463 1964.7040162035737012
18480 399.21995866082482962 -1002.13006591796875 -992.27384903698089147 3104.2773963764607288 1964.7040162035737012
18490 397.19878951790286692 -1002.14892578125 -992.34260891401049776 2137.7177935629451895 1964.7040162035737012
18500 430.8092867259557579 -1002.80340576171875 -992.16728982563586214 3757.1537967093345287 1964.7040162035737012
18510 449.03229502219483038 -1003.25433349609375 -992.16831539932172745 51.126535699216610453 1964.7040162035737012
18520 480.1813818452679925 -1003.495361328125 -991.64031315479360273 2123.8496674383168283 1964.7040162035737012
18530 469.18172966822709213 -1002.8653564453125 -991.28187524933377972 1638.3764159379152261 1964.7040162035737012
18540 428.35285745731528095 -1002.3310546875 -991.75558476647552197 2876.5424682533348459 1964.7040162035737012
18550 412.60481229189923624 -1001.9794921875 -991.79282083537123071 5453.0905775844194068 1964.7040162035737012
18560 414.94926078656425261 -1001.62744140625 -991.38288869741938925 1502.053247475914759 1964.7040162035737012
18570 408.98830549446972782 -1001.70672607421875 -991.60934152895856641 8578.4224585599877173 1964.7040162035737012
18580 411.05338019386812221 -1001.75640869140625 -991.6080401618257838 -894.44580229678933847 1964.7040162035737012
18590 410.30501452562737086 -1001.66046142578125 -991.5305690624655881 11876.237881653980367 1964.7040162035737012
18600 422.3531212988332868 -1001.701904296875 -991.27455998811967675 -757.02968786784879285 1964.7040162035737012
18610 424.8004754556776561 -1001.831298828125 -991.34353255691223694 10791.365253907053557 1964.7040162035737012
18620 415.88441949190007563 -1001.683349609375 -991.41570905932314872 -133.32759722313835482 1964.7040162035737012
18630 422.75667463689927672 -1001.72216796875 -991.28486045766283041 9917.5803934370105708 1964.7040162035737012
18640 414.94209107604376641 -1001.18060302734375 -990.93622732925700802 3347.5149076262973722 1964.7040162035737012
18650 411.2135841879697864 -1001.35107421875 -991.19875046279162234 7764.3380517794812476 1964.7040162035737012
18660 421.03583719889132908 -1001.23876953125 -990.84394723824368612 5822.8008991475626317 1964.7040162035737012
18670 456.65087689253249437 -1001.80755615234375 -990.53344526709611273 5255.7345213491162212 1964.7040162035737012
18680 451.21734787978078884 -1001.4493408203125 -990.30937663594238529 6738.1862458880750637 1964.7040162035737012
18690 451.73338117755929488 -1001.56219482421875 -990.40949045491959168 4566.9727252259581292 1964.7040162035737012
18700 444.95398018340574708 -1001.3349609375 -990.34963108210467908 6910.2467093343157103 1964.7040162035737012
18710 455.06846213239367671 -1001.80499267578125 -990.5699495343505987 4580.1909196026790596 1964.7040162035737012
18720 439.58138311060332626 -1001.8056640625 -990.95297657834612437 4632.7477908633454717 1964.7040162035737012
18730 452.09894997432627406 -1001.8743896484375 -990.71265986528396752 5340.4250556059359951 1964.7040162035737012
18740 438.95393743459572988 -1001.4013671875 -990.56417051368669036 5224.5502165055895603 1964.7040162035737012
18750 390.72471728246108569 -1000.716064453125 -991.06958393342119962 7232.1280300883308882 1964.7040162035737012
18760 384.49785424256901933 -1000.61700439453125 -991.12425695173885742 6930.1129319611854953 1964.7040162035737012
18770 384.94311054896860469 -1000.611328125 -991.10758788831469701 7346.0686385158069243 1964.7040162035737012
18780 410.48472782641778167 -1001.33404541015625 -991.19971616128270853 4574.6557951843278715 1964.7040162035737012
18790 408.75030751601889278 -1001.8204345703125 -991.72892588281433746 5849.786585237278814 1964.7040162035737012
18800 438.33506269030851854 -1002.71868896484375 -991.89677149631449993 1934.3977572495289223 1964.7040162035737012
18810 440.49638775209535879 -1003.02154541015625 -992.14626766216917986 5794.6971064746103366 1964.7040162035737012
18820 432.98663350424186547 -1002.95599365234375 -992.26612188164813233 1494.1841357798828085 1964.7040162035737012
18830 425.45806240366903239 -1002.64532470703125 -992.1413234770272993 3019.5000161413090609 1964.7040162035737012
18840 418.06174304767870353 -1002.42626953125 -992.10487371991848704 3793.962456250809737 1964.7040162035737012
18850 397.49195541067160775 -1002.0543212890625 -992.24076654065356706 456.57467824501605946 1964.7040162035737012
18860 411.65157339292505867 -1002.166015625 -992.00287849034668852 6509.563764543859179 1964.7040162035737012
18870 438.54753991245831912 -1002.6649169921875 -991.83775373987828061 -4641.3104650165605563 1964.7040162035737012
18880 471.43239412192411919 -1003.311279296875 -991.67223214909267881 7554.8936374202512525 1964.7040162035737012
18890 448.68830899520958155 -1002.982177734375 -991.9046522011946081 -5076.4481132421487928 1964.7040162035737012
18900 432.55626296817547427 -1002.50299072265625 -991.82374423571866373 8051.940236509096394 1964.7040162035737012
18910 425.56390853099333071 -1002.54925537109375 -992.04264093910853717 -2351.8549754783985009 1964.7040162035737012
18920 425.70291482329179189 -1002.56640625 -992.05635993507655712 4968.4103696391221092 1964.7040162035737012
18930 405.9297732084027075 -1002.36376953125 -992.34189613440560152 2406.7439781620569192 1964.7040162035737012
18940 389.32266616007984794 -1001.67352294921875 -992.0616572318077715 2870.1815170357858733 1964.7040162035737012
18950 397.22500502991312032 -1001.94720458984375 -992.14024049601539446 6930.5912390562225482 1964.7040162035737012
18960 407.08051225329393219 -1001.9117431640625 -991.8614595303203032 -1153.1329882636516686 1964.7040162035737012
18970 437.80450411000424538 -1002.191162109375 -991.38234343593876474 9800.3503140625762171 1964.7040162035737012
18980 417.64820104875639117 -1001.5157470703125 -991.20456106824121889 -3040.5070390997725553 1964.7040162035737012
18990 416.19564945225926067 -1001.5260009765625 -991.25067656721796538 9870.5485472612635931 1964.7040162035737012
19000 423.6842702459297243 -1001.35943603515625 -990.89922740577048899 -2602.3681451394681972 1964.7040162035737012
19010 437.59210981118371819 -1001.96612548828125 -991.16255055135684415 6554.4149940068036813 1964.7040162035737012
19020 430.63348308342534665 -1002.18505859375 -991.55328301889323939 -631.20189953534020333 1964.7040162035737012
19030 430.80284282979738464 -1001.814208984375 -991.17825213963192255 4690.6567663296045794 1964.7040162035737012
19040 410.2473891179724319 -1001.408447265625 -991.27997759800223321 4057.9224931084963828 1964.7040162035737012
19050 420.12437574946767427 -1001.6212158203125 -991.24889631437702064 1074.4952494872861735 1964.7040162035737012
19060 422.8685518850287508 -1001.52783203125 -991.08776241772363846 8301.6121190280864539 1964.7040162035737012
19070 401.76712586776267244 -1001.1466064453125 -991.22750334864554134 -912.87603750747496179 1964.7040162035737012
19080 395.77131584258415842 -1000.77264404296875 -991.00156962749201739 10061.384247037336536 1964.7040162035737012
19090 404.9416110286238677 -1001.56146240234375 -991.56398543294790215 -448.40574932624144822 1964.7040162035737012
19100 407.971423756062336 -1001.9991455078125 -991.92686643821457437 5536.1359474286200566 1964.7040162035737012
19110 425.6006148313341555 -1002.3402099609375 -991.83268929856672003 3464.7668573548144195 1964.7040162035737012
19120 426.13990980759774629 -1002.1722412109375 -991.6514060633222698 206.51556364240644825 1964.7040162035737012
19130 417.62935580470519881 -1002.40289306640625 -992.09217232867979419 8640.3529362559474976 1964.7040162035737012
19140 434.6707632886014494 -1002.4161376953125 -991.68468697033290482 -4270.0918886221943467 1964.7040162035737012
19150 449.64826385767673855 -1002.5672607421875 -991.46603518320637249 13325.830620393693607 1964.7040162035737012
19160 427.44181341857216694 -1001.870361328125 -991.31738388884946289 -7276.365632966796511 1964.7040162035737012
19170 435.32870758841585257 -1001.66033935546875 -990.91264484915041066 15619.161204253347023 1964.7040162035737012
19180 421.7737737453399518 -1001.2982177734375 -990.88517679549715922 -4040.5340749329729988 1964.7040162035737012
19190 440.51497242283454625 -1001.80914306640625 -990.93340648728735687 14922.308870514387309 1964.7040162035737012
19200 441.74217636542852006 -1001.88397216796875 -990.97793753397309047 -1900.7322725988226466 1964.7040162035737012
19210 443.44381402940990711 -1002.33135986328125 -991.38331402842948137 10315.488960514367136 1964.7040162035737012
19220 446.20482135263068812 -1002.5911865234375 -991.57497504105913322 1902.7744633981478728 1964.7040162035737012
19230 457.10398615991380211 -1002.640380859375 -991.35508330093330187 6261.280785164016379 1964.7040162035737012
19240 421.76899713532935721 -1001.76910400390625 -991.35618095419874862 6276.9629042701189974 1964.7040162035737012
19250 424.55335747770305943 -1001.44842529296875 -990.96676004033804475 4298.6711728096779552 1964.7040162035737012
19260 452.23629995018177397 -1001.68182373046875 -990.51670295665633148 8235.8653695733573841 1964.7040162035737012
19270 451.42585905115407741 -1001.7777099609375 -990.63259790937649996 2101.1485520527921835 1964.7040162035737012
19280 420.08145882056152232 -1001.58709716796875 -991.21583722468790256 9242.134447275500861 1964.7040162035737012
19290 456.65517462681566485 -1001.9178466796875 -990.6436296890203721 2048.2009502305054411 1964.7040162035737012
19300 454.74232732408768243 -1001.80780029296875 -990.58080899196693281 5826.0285963260321296 1964.7040162035737012
19310 445.52486734107429811 -1001.806396484375 -990.80697217423494294 3451.4295810608905413 1964.7040162035737012
19320 440.72251933169133054 -1001.49432373046875 -990.61346309053499226 5641.5849625745449885 1964.7040162035737012
19330 466.47200150891990234 -1001.90704345703125 -990.3904618933160009 4775.2113047568345792 1964.7040162035737012
19340 447.25971473130954337 -1002.0440673828125 -991.00181196725645805 2127.8339762798700576 1964.7040162035737012
19350 439.43260661555302704 -1002.358642578125 -991.50962819039386886 5494.4682272335403468 1964.7040162035737012
19360 408.52322565250824482 -1001.95513916015625 -991.86923682586746054 1697.8107476542531913 1964.7040162035737012
19370 408.6912790506893316 -1001.8001708984375 -991.71011954628488638 5862.1788147013476191 1964.7040162035737012
19380 375.71007452068465682 -1000.88812255859375 -991.61233386488743236 2969.2546550468268833 1964.7040162035737012
19390 388.96746817400179452 -1000.9732666015625 -991.37017025629972977 6635.3024800235543808 1964.7040162035737012
19400 403.02497744541341262 -1001.00762939453125 -991.0574715930970342 1934.5277555159736949 1964.7040162035737012
19410 430.52360715125530533 -1001.78009033203125 -991.15102744974899451 5211.4985083260098691 1964.7040162035737012
19420 424.83937216590476282 -1001.53350830078125 -991.04478172083736354 758.37988159089638884 1964.7040162035737012
19430 430.56002234348471802 -1001.81182861328125 -991.18186668769078551 5787.0894767061090533 1964.7040162035737012
19440 429.94980881642624126 -1001.68206787109375 -991.06717131670006893 357.06238962449907604 1964.7040162035737012
19450 444.83720370383332465 -1001.93359375 -990.95114695263896465 5476.4621004657547019 1964.7040162035737012
19460 426.63931499719075191 -1001.5567626953125 -991.02359788893818404 -196.3311359575767483 1964.7040162035737012
19470 414.93448122951849655 -1001.8182373046875 -991.57404948372504805 6836.0826972725444648 1964.7040162035737012
19480 397.18875823611051601 -1001.5335693359375 -991.72750012788128515 -1228.7658908640182744 1964.7040162035737012
19490 424.71210272825544507 -1002.290283203125 -991.8046987385803277 6345.7283753018646166 1964.7040162035737012
19500 426.01866492017290966 -1002.3375244140625 -991.81968264360750709 -1885.8647950698759814 1964.7040162035737012
19510 413.75795703374473078 -1002.29937744140625 -992.08423645887887687 4615.2544379521541487 1964.7040162035737012
19520 382.0841123202203562 -1001.893798828125 -992.46064350582980751 1449.6530615989497619 1964.7040162035737012
19530 385.80576825618436487 -1001.5797119140625 -992.05467379065601108 4057.5295798730508068 1964.7040162035737012
19540 387.07535786518366194 -1001.61871337890625 -992.0623307541424083 2581.8065764268035309 1964.7040162035737012
19550 381.50075919629443888 -1001.4354248046875 -992.01667170548478225 4011.6783723599778568 1964.7040162035737012
19560 404.37728499289966066 -1001.73828125 -991.75473674985823891 2613.1711445802757225 1964.7040162035737012
19570 395.00349670638303223 -1001.04052734375 -991.28840937513314202 4256.5671431205782937 1964.7040162035737012
19580 381.08009104478031759 -1000.73358154296875 -991.32521418838200589 3945.8602749555525406 1964.7040162035737012
19590 388.04900473880616119 -1000.8333740234375 -991.25295333508552176 4285.7229914903837198 1964.7040162035737012
19600 417.09552347921476212 -1001.63037109375 -991.33282997558910665 2259.5108582895877589 1964.7040162035737012
19610 408.01830428048162958 -1001.5150146484375 -991.4415781602132256 1473.6518949088140289 1964.7040162035737012
19620 412.61111382244382639 -1001.3365478515625 -991.1497209229140708 3564.649867796882063 1964.7040162035737012
19630 413.40673861323216443 -1001.2847900390625 -991.07832017843190897 -424.88094307898330726 1964.7040162035737012
19640 416.17984654126439636 -1001.76263427734375 -991.48770002113349165 4830.9858013526427385 1964.7040162035737012
19650 419.4740332030851846 -1001.628173828125 -991.27191042621200268 -1021.5145217996866904 1964.7040162035737012
19660 392.36436342677433231 -1001.2786865234375 -991.5917252921464069 3893.6600512608110876 1964.7040162035737012
19670 389.68869957994172637 -1001.0540771484375 -991.43317454623763751 -357.66130510483003491 1964.7040162035737012
19680 416.11612994943556032 -1001.23492431640625 -990.96156313923256675 4433.3965876424190355 1964.7040162035737012
19690 411.58270947219887148 -1001.094482421875 -990.933045447053928 -1499.7750786097299169 1964.7040162035737012
19700 430.13341068102045028 -1001.2432861328125 -990.6238566893235884 4476.4492742722750336 1964.7040162035737012
19710 397.39356835656633393 -1001.02044677734375 -991.20932107618682494 -2260.7703890895850236 1964.7040162035737012
19720 396.60992682701078138 -1000.92413330078125 -991.13235468061236588 4331.220729049725378 1964.7040162035737012
19730 393.08461157168346745 -1001.09771728515625 -991.39297407235255832 -1411.4127488628928404 1964.7040162035737012
19740 411.83994348477665426 -1001.3387451171875 -991.17095737216538964 2357.3092274545883811 1964.7040162035737012
19750 375.98708392083221952 -1000.84368896484375 -991.56106127256862237 211.27335333212943169 1964.7040162035737012
19760 368.02368150729364515 -1000.57159423828125 -991.48557250118358297 3756.2892123506221651 1964.7040162035737012
19770 380.420299209314976 -1000.86578369140625 -991.47370573138903183 482.87970505641322916 1964.7040162035737012
19780 374.4041402333908195 -1001.2347412109375 -991.99119432100030735 4432.008365390367544 1964.7040162035737012
19790 373.81868639305861279 -1001.16534423828125 -991.93625143536792166 -1507.23141348084323 1964.7040162035737012
19800 368.95481418456773781 -1000.87347412109375 -991.7644639401241875 5098.282165459456337 1964.7040162035737012
19810 367.05060405662561607 -1001.01556396484375 -991.95356623302859589 -1546.5276056788895858 1964.7040162035737012
19820 390.40353846639800395 -1001.39971923828125 -991.76116820206141256 4759.8770330271127023 1964.7040162035737012
19830 403.12919333728927995 -1002.020263671875 -992.06753291683344287 -2101.5591172173208179 1964.7040162035737012
19840 399.85026808532455789 -1002.6324462890625 -992.76066789554192837 2269.4225688913074919 1964.7040162035737012
19850 377.4053714561025572 -1002.133056640625 -992.81541329032984322 -1680.9220015284583951 1964.7040162035737012
19860 374.77066754546950733 -1002.35638427734375 -993.10378830906699932 2743.4653117187967837 1964.7040162035737012
19870 365.37965011656626757 -1002.2589111328125 -993.23816706097625229 -1445.3523628389466467 1964.7040162035737012
19880 373.43090024090770385 -1002.69622802734375 -993.47670915563332983 693.19250099844384749 1964.7040162035737012
19890 375.21697696926310073 -1002.76348876953125 -993.49987400727513887 -2114.1262612934169738 1964.7040162035737012
19900 393.21452820163574415 -1003.244384765625 -993.5364340817180846 7.8955416153294804005 1964.7040162035737012
19910 361.87968534267002951 -1002.619140625 -993.68480609040989293 -1313.3012390460542065 1964.7040162035737012
19920 352.48992894689178001 -1002.10302734375 -993.40051357234744955 1629.2405939341451813 1964.7040162035737012
19930 356.3580469512593254 -1002.10833740234375 -993.31032487356401361 -3026.022407680824017 1964.7040162035737012
19940 400.60824214472916083 -1002.9853515625 -993.09485978414579677 3403.6354853676261882 1964.7040162035737012
19950 381.08252395456059958 -1002.61175537109375 -993.20332795115723457 -6974.4762612491667824 1964.7040162035737012
19960 395.66159571522803162 -1003.00982666015625 -993.24146109063758558 6339.3597618190215144 1964.7040162035737012
19970 395.36796816469404803 -1002.6878662109375 -992.92674992031265901 -10904.487073559213968 1964.7040162035737012
19980 399.52796093504446162 -1002.652099609375 -992.78827855642953182 8386.2873407697024959 1964.7040162035737012
19990 376.98013764276669235 -1002.26910400390625 -992.96195911842585247 -13278.664307294180617 1964.7040162035737012
20000 390.05204937279626165 -1002.44891357421875 -992.81904034245906132 10721.020510328737146 1964.7040162035737012
